"","SRR12968042"
"GATGAACGCTGGCGGCGTGCCTAACACATGCAAGTCGAACGAAGCAATTAAGATGAAGTTTTCGGATGGAATCTTGATTGACTGAGTGGCGGACGGGTGAGTAACGCGTGGATAACCTGCCTCACACTGGGGGATAACAGTTAGAAATGACTGCTAATACCGCATAAGCGCACAGTGCCGCATGGCAGTGTGTGAAAAACTCCGGTGGTGTGAGATGGATCCGCGTCTGATTAGCCAGTTGGCGGGGTAACGGCCCACCAAAGCGACGATCAGTAGCCGACCTGAGAGGGTGACCGGCCACATTGGGACTGAGACACGGCCCAA",13
"GATGAACGCTAGCTACAGGCTTAACACATGCAAGTCGAGGGGCATCAGGAAGAAAGCTTGCTTTCTTTGCTGGCGACCGGCGCACGGGTGAGTAACACGTATCCAACCTGCCCTTTACTCGGGGATAGCCTTTCGAAAGAAAGATTAATACCCGATAGCATAATGATTCCGCATGGTTTCATTATTAAAGGATTCCGGTAAAGGATGGGGATGCGTTCCATTAGGTTGTTGGTGAGGTAACGGCTCACCAAGCCTTCGATGGATAGGGGTTCTGAGAGGAAGGCCCCCCACATTGGAACTGAGACACGGTCCAA",264
"GATGAACGCTAGCTACAGGCTTAACACATGCAAGTCGAGGGGCAGCATGGTCTTAGCTTGCTAAGGCCGATGGCGACCGGCGCACGGGTGAGTAACACGTATCCAACCTGCCGTCTACTCTTGGACAGCCTTCTGAAAGGAAGATTAATACAAGATGGCATCATGAGTCCGCATGTTCACATGATTAAAGGTATTCCGGTAGACGATGGGGATGCGTTCCATTAGATAGTAGGCGGGGTAACGGCCCACCTAGTCTTCGATGGATAGGGGTTCTGAGAGGAAGGTCCCCCACATTGGAACTGAGACACGGTCCAA",20119
"GATGAACGCTAGCTACAGGCTTAACACATGCAAGTCGAGGGGCATCAGGAAGAAAGCTTGCTTTCTTTGCTGGCGACCGGCGCACGGGTGAGTAACACGTATCCAACCTGCCCTTTACTCGGGGATAGCCTTTCGAAAGAAAGATTAATACCCGATGGCATAATGATTCCGCATGGTTTCATTATTAAAGGATTCCGGTAAAGGATGGGGATGCGTTCCATTAGGTTGTTGGTGAGGTAACGGCTCACCAAGCCTTCGATGGATAGGGGTTCTGAGAGGAAGGTCCCCCACATTGGAACTGAGACACGGTCCAA",304
"GATGAACGCTAGCGACAGGCTTAACACATGCAAGTCGAGGGGCAGCATGATTTGTAGCAATACAGATTGATGGCGACCGGCGCACGGGTGAGTAACGCGTATGCAACTTACCTATCAGAGGGGGATAGCCCGGCGAAAGTCGGATTAATACCCCATAAAACAGGGGTCCCGCATGGGAATATTTGTTAAAGATTCATCGCTGATAGATAGGCATGCGTTCCATTAGGCAGTTGGCGGGGTAACGGCCCACCAAACCGACGATGGATAGGGGTTCTGAGAGGAAGGTCCCCCACATTGGTACTGAGACACGGACCAA",1889
"GATGAACGCTAGCTACAGGCTTAACACATGCAAGTCGAGGGGCAGCATCATCAAAGCTTGCTTTGATGGATGGCGACCGGCGCACGGGTGAGTAACACGTATCCAACCTGCCGACAACACTGGGATAGCCTTTCGAAAGAAAGATTAATACCGGATGGCATAGTCTTCCCGCATGGGATGATTATTAAAGAATTTCGGTTGTCGATGGGGATGCGTTCCATTAGGCAGTTGGCGGGGTAACGGCCCACCAAACCTACGATGGATAGGGGTTCTGAGAGGAAGGTCCCCCACATTGGAACTGAGACACGGTCCAA",4624
"ATTGAACGCTGGCGGCATGCTTTACACATGCAAGTCGAACGGCAGCGCGGGGAGCTTGCTCCCTGGCGGCGAGTGGCGCACGGGTGAGTAATACATCGGAACGTGTCTTCTAGTGGGGGATAACTGCCCGAAAGGGCAGCTAATACCGCATGAGACCTGAGGGTGAAAGCGGGGGATCGCAAGACCTCGCGCTGGAAGAGCGGCCGATGTCCGATTAGCTAGTTGGTGAGGTAAAGGCTCACCAAGGCGACGATCGGTAGCTGGTCTGAGAGGACGACCAGCCACACTGGGACTGAGACACGGCCCAG",959
"GATGAACGCTAGCTACAGGCTTAACACATGCAAGTCGAGGGGCAGCATCATCAAAGCTTGCTTTGATGGATGGCGACCGGCGCACGGGTGAGTAACACGTATCCAACCTGCCGACAACACTGGGATAGCCTTTCGAAAGAAAGATTAATACCGGATGGTATAGTTTTCCCGCATGGGATGATTATTAAAGAATTTCGGTTGTCGATGGGGATGCGTTCCATTAGGCAGTTGGCGGGGTAACGGCCCACCAAACCTACGATGGATAGGGGTTCTGAGAGGAAGGTCCCCCACATTGGAACTGAGACACGGTCCAA",4910
"GATGAACGCTAGCTACAGGCTTAACACATGCAAGTCGAGGGGCAGCATTTTAGTTTGCTTGCAAACTGAAGATGGCGACCGGCGCACGGGTGAGTAACACGTATCCAACCTGCCGATAACTCCGGAATAGCCTTTCGAAAGAAAGATTAATACCGGATAGCATACGAATATCGCATGATATTTTTATTAAAGAATTTCGGTTATCGATGGGGATGCGTTCCATTAGTTTGTTGGCGGGGTAACGGCCCACCAAGACTACGATGGATAGGGGTTCTGAGAGGAAGGTCCCCCACATTGGAACTGAGACACGGTCCAA",1141
"GATGAACGCTAGCTACAGGCTTAACACATGCAAGTCGAGGGGCATCAGGAAGAAAGCTTGCTTTCTTTGCTGGCGACCGGCGCACGGGTGAGTAACACGTATCCAACCTGCCCTTTACTCGGGGATAGCCTTTCGAAAGAAAGATTAATACCCGATAGCATAATGATTCCGCATGGTTTCATTATTAAAGGATTCCGGTAAAGGATGGGGATGCGTTCCATTAGGTTGTTGGTGAGGTAACGGCTCACCAAGCCTTCGATGGATAGGGGTTCTGAGAGGAAGGTCCCCCACATTGGAACTGAGACACGGTCCAA",133
"GATGAACGCTAGCGACAGGCTTAACACATGCAAGTCGAGGGGCAGCACAGGTAGCAATACCGGGTGGCGACCGGCGCACGGGTGAGTAACGCGTATGCAACTTACCTATCAGAGGGGGATAACCCGGCGAAAGTCGGACTAATACCGCATGAAGCAGGGGCCCCGCATGGGGATATTTGCTAAAGATTCATCGCTGATAGATAGGCATGCGTTCCATTAGGCAGTTGGCGGGGTAACGGCCCACCAAACCGACGATGGATAGGGGTTCTGAGAGGAAGGTCCCCCACATTGGTACTGAGACACGGACCAA",1053
"GATGAACGCTAGCGACAGGCTTAACACATGCAAGTCGAGGGGCAGCACAGGTAGCAATACCGGGTGGCGACCGGCGCACGGGTGAGTAACGCGTATGCAACTTACCTATCAGAGGGGGATAACCCGGCGAAAGTCGGACTAATACCGCATGAAGCAGGGGCCCCGCATGGGGATATTTGCTAAAGATTCATCGCTGATAGATAGGCATGCGTTCCATTAGGCAGTTGGCGGGGTAACGGCCCACCAAGCCGACGATGGATAGGGGTTCTGAGAGGAAGGTCCCCCACATTGGTACTGAGACACGGACCAA",643
"GACGAACGCTGGCGGCGTGCTTAACACATGCAAGTCGAACGAAAAGACGGAAAGAGCTTGCTCTTTTCAGAATTGAGTGGCAAACGGGTGAGTAACACGTAAACAACCTGCCTTCAGGATGGGGACAACAGACGGAAACGACTGCTAATACCGAATAAGTTCCAAGAGCCGCATGGCCCATGGAAGAAAAGGTGGCCTCTACCTGTAAGCTATCGCCTGAAGAGGGGTTTGCGTCTGATTAGCTGGTTGGAGGGGTAACGGCCCACCAAGGCGACGATCAGTAGCCGGTCTGAGAGGATGAACGGCCACACTGGAACTGAGACACGGTCCAG",361
"GATGAACGCTAGCGACAGGCTTAACACATGCAAGTCGAGGGGCAGCATAATTTGTAGCAATACAGATTGATGGCGACCGGCGCACGGGTGAGTAACGCGTATGCAACTTACCTATCAGAGGGGGATAGCCCGGCGAAAGTCGGATTAATACCCCATAAAACAGGGGTCCCGCATGGGAATATTTGTTAAAGATTCATCGCTGATAGATAGGCATGCGTTCCATTAGGCAGTTGGCGGGGTAACGGCCCACCAAACCGACGATGGATAGGGGTTCTGAGAGGAAGGTCCCCCACATTGGTACTGAGACACGGACCAA",373
"GATGAACGCTAGCTACAGGCTTAACACATGCAAGTCGAGGGGCAGCAGGATCTAGCAATAGATTGCTGGCGACCGGCGCACGGGTGAGTAACACGTATCCAACCTGCCGATAACTCGGGGATAGCCTTTCGAAAGAAAGATTAATACCCGATGGTATAATTAGACCGCATGGTCTTGTTATTAAAGAATTTCGGTTATCGATGGGGATGCGTTCCATTAGGCAGTTGGTGAGGTAACGGCTCACCAAACCTTCGATGGATAGGGGTTCTGAGAGGAAGGTCCCCCACATTGGAACTGAGACACGGTCCAA",1168
"GATGAACGCTAGCTACAGGCTTAACACATGCAAGTCGAGGGGCAGCATTTTAGTTTGCTTGCAAACTAAAGATGGCGACCGGCGCACGGGTGAGTAACACGTATCCAACCTGCCGATAACTCGGGGATAGCCTTTCGAAAGAAAGATTAATATCCGATGGTATATTTTCTCCGCATGGTGAGAATATTAAAGAATTTCGGTTATCGATGGGGATGCGTTCCATTAGTTTGTTGGCGGGGTAACGGCCCACCAAGACCACGATGGATAGGGGTTCTGAGAGGAAGGTCCCCCACATTGGAACTGAGACACGGTCCAA",297
"GATGAACGCTAGCTACAGGCTTAACACATGCAAGTCGAGGGGCAGCATTTCAGTTTGCTTGCAAACTGGAGATGGCGACCGGCGCACGGGTGAGTAACACGTATCCAACCTGCCGATAACTCGGGGATAGCCTTTCGAAAGAAAGATTAATACCCGATGGCATAATTAGACCGCATGGTCTTATTATTAAAGAATTTCGGTTATCGATGGGGATGCGTTCCATTAGGCAGTTGGTGAGGTAACGGCTCACCAAACCTTCGATGGATAGGGGTTCTGAGAGGAAGGTCCCCCACATTGGAACTGAGACACGGTCCAA",869
"ATTGAACGCTGGCGGCATGCTTTACACATGCAAGTCGAACGGCAGCGCGGGGAGCTTGCTCCCTGGCGGCGAGTGGCGCACGGGTGAGTAATACATCGGAACGTGTCTTCTAGTGGGGGATAACTGCCCGAAAGGGCAGCTAATACCGCATGAGACCTGAGGGTGAAAGCGGGGGATCGCAAGACCTCGCGCTGGAAGAGCGGCCGATGTCCGATTAGCTAGTTGGTGAGGTAAAGGCTCACCAAGGCGACGATCGGTAGCTGGTCTGAGAGGACGATCAGCCACACTGGGACTGAGACACGGCCCAG",167
"GATGAACGCTAGCGACAGGCTTAACACATGCAAGTCGAGGGGCAGCGGGGGTAGCGATACCCGCCGGCGACCGGCGCACGGGTGAGTAACGCGTATGCAACTTGCCTATCAGAGGGGGATAACCCGGCGAAAGTCGGACTAATACCGCATGAAGCAGGGGCCCCGCATGGGGATATTTGCTAAAGATTCATCGCTGATAGATAGGCATGCGTTCCATTAGGCAGTTGGCGGGGTAACGGCCCACCAAACCGACGATGGATAGGGGTTCTGAGAGGAAGGTCCCCCACATTGGTACTGAGACACGGACCAA",242
"GACGAACGCTGGCGGCGTGCTTAACACATGCAAGTCGAACGAAAAGAGGGAAAGAGCTTGCTCTTTCCGGAATTGAGTGGCAAACGGGTGAGTAACACGTAAACAACCTGCCTTCAGGATGGGGACAACAGACGGAAACGACTGCTAATACCGAATAAGTTCCAAGAGCCGCATGGCCCATGGAAGAAAAGGTGGCCTCTACCTGTAAGCTATCGCCTGAAGAGGGGTTTGCGTCTGATTAGCTGGTTGGAGGGGTAACGGCCCACCAAGGCGACGATCAGTAGCCGGTCTGAGAGGATGAACGGCCACACTGGAACTGAGACACGGTCCAG",3014
"GACGAACGCTGGCGGCGTGCTTAACACATGCAAGTCGAACGGAGCACCCCTGAATGAGGTTTCGGCCAAAGGAAGGGAATGCTTAGTGGCGGACTGGTGAGTAACGCGTGAGGAACCTGCCTTTCAGAGGGGGACAACAGTTGGAAACGACTGCTAATACCGCATGACACATGAATGGGGCATCCCATTGATGTCAAAGATTTATCGCTGAAAGATGGCCTCGCGTCCCATTAGCTAGTAGGCGGGGTAACGGCCCACCTAGGCGACGATGGGTAGCCGGACTGAGAGGTTGACCGGCCACATTGGGACTGAGATACGGCCCAG",24
"GACGAACGCTGGCGGCGCGCCTAACACATGCAAGTCGAACGGAGCTGTTTTCTCTGAAGTTTTCGGATGGAAGAGAGTTCAGCTTAGTGGCGAACGGGTGAGTAACACGTGAGCAACCTGCCTTTCAGTGGGGGACAACATTTGGAAACGAATGCTAATACCGCATAAGACCACAGTGTCGCATGGCACAGGGGTCAAAGGATTTATCCGCTGAAAGATGGGCTCGCGTCCGATTAGCTAGATGGTGAGGTAACGGCCCACCATGGCGACGATCGGTAGCCGGACTGAGAGGTTGAACGGCCACATTGGGACTGAGACACGGCCCAG",43
"GACGAACGCTGGCGGCGTGCTTAACACATGCAAGTCGAACGAAAAGACGGAAAGAGCTTGCTCTTTTCAGAATTGAGTGGCAAACGGGTGAGTAACACGTAAACAACCTGCCTTCAGGATGGGGACAACAGACGGAAACGACTGCTAATACCGAATAGCTTCCAGAGATTGCATGATCCATGGAAGAAAAGGTGGCCTCTACCTGTAAGCTATCGCCTGAAGAGGGGTTTGCGTCTGATTAGCTGGTTGGAGGGGTAACGGCCCACCAAGGCGACGATCAGTAGCCGGTCTGAGAGGATGAACGGCCACACTGGAACTGAGACACGGTCCAG",84
"GATGAACGCTAGCTACAGGCTTAACACATGCAAGTCGAGGGGCATCAGGATGTAGCAATACATTGCTGGCGACCGGCGCACGGGTGAGTAACACGTATCCAACCTGCCTTTTACTCGGGGATAGGCTTTCGAAAGAAAGATTAATACCCGATGGTATAATATTTCCGCATGGGATTATTATTAAAGAATTTCGGTAAAAGATGGGGATGCGTTCCATTAGGCAGTTGGCGGGGTAACGGCCCACCAAACCTTCGATGGATAGGGGTTCTGAGAGGAAGGTCCCCCACATTGGAACTGAGACACGGTCCAA",7
"GACGAACGCTGGCGGCGTGCTTAACACATGCAAGTCGAACGGAGCACCCTTGACTGAGGTTTCGGCCAAATGATAGGAATGCTTAGTGGCGGACTGGTGAGTAACGCGTGAGGAACCTGCCTTCCAGAGGGGGACAACAGTTGGAAACGACTGCTAATACCGCATGACGCATGACCGGGGCATCCCGGGCATGTCAAAGATTTTATCGCTGGAAGATGGCCTCGCGTCTGATTAGCTAGATGGTGGGGTAACGGCCCACCATGGCGACGATCAGTAGCCGGACTGAGAGGTTGACCGGCCACATTGGGACTGAGATACGGCCCAG",171
"GATGAACGCTGGCGGCGTGCTTAACACATGCAAGTCGAGCGAAGCGCTTTACTTAGATTTCTTCGGATTGAAGAGTTTTGCGACTGAGCGGCGGACGGGTGAGTAACGCGTGGGTAACCTGCCTCATACAGGGGGATAACAGTTAGAAATGACTGCTAATACCGCATAAGACCACGGTACCGCATGGTACAGTGGGAAAAACTCCGGTGGTATGAGATGGACCCGCGTCTGATTAGCTAGTTGGTAAGGTAACGGCTTACCAAGGCGACGATCAGTAGCCGACCTGAGAGGGTGACCGGCCACATTGGGACTGAGACACGGCCCAA",14
"GATGAACGCTGGCGGCGTGCTTAACACATGCAAGTCGAACGAAGCACTTTATTTGATTTCCTTCGGGACTGATTATTTTGTGACTGAGTGGCGGACGGGTGAGTAACGCGTGGGTAACCTGCCTTGTACAGGGGGATAACAGTTGGAAACGGCTGCTAATACCGCATAAGCGCACAGCATCGCATGATGCAGTGTGAAAAACTCCGGTGGTATAAGATGGACCCGCGTTGGATTAGCTAGTTGGTGAGGTAACGGCCCACCAAGGCGACGATCCATAGCCGACCTGAGAGGGTGACCGGCCACATTGGGACTGAGACACGGCCCAA",1597
"GATGAACGCTGGCGGCGTGCTTAACACATGCAAGTCGAACGGGGTGCTCATGACGGAGGATTCGTCCAACGGATTGAGTTACCTAGTGGCGGACGGGTGAGTAACGCGTGAGGAACCTGCCTTGGAGAGGGGAATAACACTCCGAAAGGAGTGCTAATACCGCATGATGCAGTTGGGTCGCATGGCTCTGACTGCCAAAGATTTATCGCTCTGAGATGGCCTCGCGTCTGATTAGCTAGTAGGCGGGGTAACGGCCCACCTAGGCGACGATCAGTAGCCGGACTGAGAGGTTGACCGGCCACATTGGGACTGAGACACGGCCCAG",120
"GATGAACGCTGGCGGCATGCCTAATACATGCAAGTCGAACGAAGTTTCGAGGAAGCTTGCTTCCAAAGAGACTTAGTGGCGAACGGGTGAGTAACACGTAGGTAACCTGCCCATGTGTCCGGGATAACTGCTGGAAACGGTAGCTAAAACCGGATAGGTATACAGAGCGCATGCTCAGTATATTAAAGCGCCCATCAAGGCGTGAACATGGATGGACCTGCGGCGCATTAGCTAGTTGGTGAGGTAACGGCCCACCAAGGCGATGATGCGTAGCCGGCCTGAGAGGGTAAACGGCCACATTGGGACTGAGACACGGCCCAA",17
"GACGAACGCTGGCGGCGCGCCTAACACATGCAAGTCGAACGAGCGAGAGAGAGCTTGCTTTCTCGAGCGAGTGGCGAACGGGTGAGTAACGCGTGAGGAACCTGCCTCAAAGAGGGGGACAACAGTTGGAAACGACTGCTAATACCGCATAAGCCCACGGCTCGGCATCGAGCAGAGGGAAAAGGAGCAATCCGCTTTGAGATGGCCTCGCGTCCGATTAGCTAGTTGGTGAGGTAACGGCCCACCAAGGCAACGATCGGTAGCCGGACTGAGAGGTTGAACGGCCACATTGGGACTGAGACACGGCCCAG",749
"GATGAACGCTGGCGGCGCGCCTAACACATGCAAGTCGAACGGCACCCACCCTCGGGTGGAAGCGAGTGGCGAACGGCTGAGTAACACGTGGAGAACCCGCCCCCTCCTCCGGGATAGCCTCGGGAAACCGTGGGTAATACCGGATGACCCCGCAGGGCCGCATGGCCCCGCGGGCAAAGCCCAGACGGGAGGGGATGGCTCCGCGGCCCATCAGGTAGACGGCGGGGTGACGGCCCACCGTGCCGACGACGGGTAGCCGGGTTGAGAGACCGACCGGCCAGATTGGGACTGAGACACGGCCCAG",154
"GATGAACGCTAGCTACAGGCTTAACACATGCAAGTCGAGGGGCAGCATTTTAGTTTGCTTGCAAACTGAAGATGGCGACCGGCGCACGGGTGAGTAACACGTATCCAACCTGCCGATAACTCTGGGATAGCCTTTCGAAAGAAAGATTAATACCGGATAGTATACGAATATCGCATGATATTTTTATTAAAGAATTTCGGTTATCGATGGGGATGCGTTCCATTAGTTTGTTGGCGGGGTAACGGCCCACCAAGACTACGATGGATAGGGGTTCTGAGAGGAAGGTCCCCCACATTGGAACTGAGACACGGTCCAA",3069
"GATGAACGCTAGCTACAGGCTTAACACATGCAAGTCGAGGGGCAGCATTTTAGTTTGCTTGCAAACTAAAGATGGCGACCGGCGCACGGGTGAGTAACACGTATCCAACCTGCCGATAACTCGGGGATAGCCTTTCGAAAGAAAGATTAATATCCGATGGTATATTAAAACCGCATGGTTTTACTATTAAAGAATTTCGGTTATCGATGGGGATGCGTTCCATTAGTTTGTTGGCGGGGTAACGGCCCACCAAGACTACGATGGATAGGGGTTCTGAGAGGAAGGTCCCCCACATTGGAACTGAGACACGGTCCAA",1335
"GACGAACGCTGGCGGCGCGCCTAACACATGCAAGTCGAACGAGAGATGAAGAGCTTGCTCTTCAGATCGAGTGGCGAACGGGTGAGTAACGCGTGAGGAACCTGCCTCAAAGAGGGGGACAACAGTTGGAAACGACTGCTAATACCGCATAAGCCCACGGCTCGGCATCGAGCAGAGGGAAAAGGAGCAATCCGCTTTGAGATGGCCTCGCGTCCGATTAGCTAGTTGGTGAGGTAACGGCCCACCAAGGCGACGATCGGTAGCCGGACTGAGAGGTTGAACGGCCACATTGGGACTGAGACACGGCCCAG",1817
"GATGAACGCTGGCGGCGTGCTTAACACATGCAAGTCGAACGGGAATTACTTTATTGAAACTTCGGTCGATTTAATTTAATTCTAGTGGCGGACGGGTGAGTAACGCGTGGGTAACCTGCCTTATACAGGGGGATAACAGTCAGAAATGGCTGCTAATACCGCATAAGCGCACAGAGCTGCATGGCTCAGTGTGAAAAACTCCGGTGGTATAAGATGGACCCGCGTTGGATTAGCTTGTTGGTGGGGTAACGGCCCACCAAGGCGACGATCCATAGCCGGCCTGAGAGGGTGAACGGCCACATTGGGACTGAGACACGGCCCAG",271
"GATGAACGCTGGCGGCGTGCCTAACACATGCAAGTCGAGCGAAGCGCTGTTTTCAGAATCTTCGGAGGAAGAGGACAGTGACTGAGCGGCGGACGGGTGAGTAACGCGTGGGCAACCTGCCTCATACAGGGGGATAACAGTTAGAAATGACTGCTAATACCGCATAAGCGCACAGGACCGCATGGTGTAGTGTGAAAAACTCCGGTGGTATGAGATGGACCCGCGTCTGATTAGGTAGTTGGTGGGGTAAAGGCCTACCAAGCCGACGATCAGTAGCCGACCTGAGAGGGTGACCGGCCACATTGGGACTGAGACACGGCCCAA",40
"GATGAACGCTGGCGGCGTGCCTAACACATGCAAGTCGAACGAAGCAATCAGAATGAAATTTTCGGATGGATTTCTGGTTGACTGAGTGGCGGACGGGTGAGTAACGCGTGGATAACCTGCCTCACACTGGGGGATAACAGTTAGAAATGGCTGCTAATACCGCATAAGCGCACAGTACCGCATGGTACGGTGTGAAAAACTCCGGTGGTGTGAGATGGATCCGCGTCTGATTAGTTAGTTGGCGGGGTAACGGCCCACCAAGACAGCGATCAGTAGCCGACCTGAGAGGGTGACCGGCCACATTGGGACTGAGACACGGCCCAA",5
"GATAAACGCTGGCGGCGTGCTTAACACATGCAAGTCGAACGAAGTTTTTCTTTCGGGAGGAACTTAGTGGCGGACGGGTGAGTAACGCGTGGGTAACCTGCCCTGTACAGGGGGACAACAGCTGGAAACGGCTGCTAATACCGCATAAGCCCTTAGCACTGCATGGTGCATAGGGAAAAGGAGCAATCCGGTACAGGATGGACCCGCGTCTGATTAGCCAGTTGGCAGGGTAACGGCCTACCAAAGCGACGATCAGTAGCCGATCTGAGAGGATGTACGGCCACATTGGGACTGAGACACGGCCCAG",235
"GACGAACGCTGGCGGCGCGCCTAACACATGCAAGTCGAACGAGCGAGAGAGAGCTTGCTTTCTCGAGCGAGTGGCGAACGGGTGAGTAACGCGTGAGGAACCTGCCTCAAAGAGGGGGACAACAGTTGGAAACGACTGCTAATACCGCATAAGCCCACGGGTCGGCATCGACCAGAGGGAAAAGGAGCAATCCGCTTTGAGATGGCCTCGCGTCCGATTAGCTAGTTGGTGAGGTAACGGCCCACCAAGGCAACGATCGGTAGCCGGACTGAGAGGTTGAACGGCCACATTGGGACTGAGACACGGCCCAG",381
"GATAAACGCTGGCGGCGTGCTTAACACATGCAAGTCGAACGAAGTTTTTCTTTCGGGAGGAACTTAGTGGCGGACGGGTGAGTAACGCGTGGGTAACCTGCCCTGTACAGGGGGACAACAGCTGGAAACGGCTGCTAATACCGCATAAGCCCTTAGCACTGCATGGTGCATAGGGAAAAGGAGCAATCCGGTACAGGATGGACCCGCGTCTGATTAGCCAGTTGGCAGGGTAACGGCCTACCAAAGCAACGATCAGTAGCCGATCTGAGAGGATGTACGGCCACATTGGGACTGAGACACGGCCCAG",163
"GATGAACGCTGGCGGCGTGCTTAACACATGCAAGTCGAACGGGAAATATTTCATTGAGACTTCGGTGGATTTGATCTATTTCTAGTGGCGGACGGGTGAGTAACGCGTGGGTAACCTGCCTTATACAGGGGGATAACAGTCAGAAATGGCTGCTAATACCGCATAAGCGCACAGAGCTGCATGGCTCAGTGTGAAAAACTCCGGTGGTATAAGATGGACCCGCGTTGGATTAGCTAGTTGGTGGGGTAACGGCCCACCAAGGCGACGATCCATAGCCGGCCTGAGAGGGTGAACGGCCACATTGGGACTGAGACACGGCCCAG",178
"GACGAACGCTGGCGGCGTGCCTAACACATGCAAGTCGAACGGACGAGGAGGAGCTTGCTTCTCCAAGTCAGTGGCGGACGGGTGAGTAACGCGTGAGTAACCTGCCCTTCAGAGGGGGATAACGTCTGGAAACGGACGCTAATACCGCATGACATATTTCCATCGCATGGTGGAGATATCAAAGGAGCAATCCGCTGAAGGATGGACTCGCGTCCGATTAGATAGTTGGCGGGGTAACGGCCCACCAAGTCGACGATCGGTAGCCGGACTGAGAGGTTGAACGGCCACATTGGGACTGAGACACGGCCCAG",8
"GACGAACGCTGGCGGCGCGCCTAACACATGCAAGTCGAACGAGCGAGAGAGAGCTTGCTTTCTCGAGCGAGTGGCGAACGGGTGAGTAACGCGTGAGGAACCTGCCTCAAAGAGGGGGACAACAGTTGGAAACGACTGCTAATACCGCATAAGCCCACGGGTCGGCATCGACCAGAGGGAAAAGGAGCAATCCGCTTTGAGATGGACTCGCGTCCGATTAGCTAGTTGGTGAGGTAATGGCCCACCAAGGCGACGATCGGTAGCCGGACTGAGAGGTTGAACGGCCACATTGGGACTGAGACACGGCCCAG",350
"GACGAACGCTGGCGGCGCGCCTAACACATGCAAGTCGAACGAGCGAGAGAGAGCTTGCTTTCTCGAGCGAGTGGCGAACGGGTGAGTAACGCGTGAGGAACCTGCCTCAAAGAGGGGGACAACAGTTGGAAACGACTGCTAATACCGCATAAGCCCACGGTGCCGCATGGTACAGAGGGAAAAGGAGCAATCCGCTTTGAGATGGCCTCGCGTCCGATTAGCTAGTTGGTGAGGTAACGGCCCACCAAGGCGACGATCGGTAGCCGGACTGAGAGGTTGAACGGCCACATTGGGACTGAGACACGGCCCAG",411
"GATGAACGCTAGCGGCAGGCTTAACACATGCAAGTCGAGGGGCAGCATAATGGTAGCAATACTATTGATGGCGACCGGCGGACGGGTGCGTAACGCGTATGCAACCTACCCTTTACAGGGGGATAACACTGAGAAATCGGTACTAATACCCCATAATATTCCGGGAGGCATCTTTCGGAGTTGAAAGCTTTGGTGGTAAAGGATGGGCATGCGTTGTATTAGCTAGTTGGTAAGGTAACGGCTTACCAAGGCGACGATACATAGGGGGACTGAGAGGTTAACCCCCCACATTGGTACTGAGACACGGACCAA",442
"GATGAACGCTGGCGGCGTGCTTAACACATGCAAGTCGAACGGGGTGCTCATGACGGAGGATTCGTCCGACGGATTGAGTTACCTAGTGGCGGACGGGTGAGTAACGCGTGAGGAACCTGCCTTGGAGAGGGGAATAACACTCCGAAAGGAGTGCTAATACCGCATGAAGCAGTTGGGTCGCATGGCTCTGACTGCCAAAGATTTATCGCTCTGAGATGGCCTCGCGTCTGATTAGCTAGTAGGCGGGGTAACGGCCCACCTAGGCGACGATCAGTAGCCGGACTGAGAGGTTGACCGGCCACATTGGGACTGAGACACGGCCCAG",62
"GACGAACGCTGGCGGCGCGCCTAACACATGCAAGTCGAACGAGAGATGAAGAGCTTGCTCTTCAAATCGAGTGGCGAACGGGTGAGTAACGCGTGAGGAACCTGCCTCAAAGAGGGGGACAACAGTTGGAAACGACTGCTAATACCGCATAAGCCCACGGCTCGGCATCGAGCAGAGGGAAAAGGAGCAATCCGCTTTGAGATGGCCTCGCGTCCGATTAGCTAGTTGGTGAGGTAACGGCCCACCAAGGCGACGATCGGTAGCCGGACTGAGAGGTTGAACGGCCACATTGGGACTGAGACACGGCCCAG",901
"GACGAACGCTGGCGGCGCGCCTAACACATGCAAGTCGAACGAGCGAGAGAGAGCTTGCTTTCTCGAGCGAGTGGCGAACGGGTGAGTAACGCGTGAGGAACCTGCCTCAAAGAGGGGGACAACAGTTGGAAACGACTGCTAATACCGCATAAGCCCACGGTGCCGCATGGCACAGAGGGAAAAGGAGCAATCCGCTTTGAGATGGCCTCGCGTCCGATTAGCTAGTTGGTGAGGTAACGGCCCACCAAGGCGACGATCGGTAGCCGGACTGAGAGGTTGAACGGCCACATTGGGACTGAGACACGGCCCAG",406
"GATGAACGCTGGCGGCGTGCTTAACACATGCAAGTCGAACGAAGCACTTTATTTGATTTCCTTCGGGACTGATTATTTTGTGACTGAGTGGCGGACGGGTGAGTAACGCGTGGGTAACCTGCCTTGTACAGGGGGATAACAGTTGGAAACGGCTGCTAATACCGCATAAGCGCACGGCATCGCATGATGCAGTGTGAAAAACTCCGGTGGTATAAGATGGACCCGCGTTGGATTAGCTAGTTGGTGAGGTAACGGCCCACCAAGGCGACGATCCATAGCCGACCTGAGAGGGTGACCGGCCACATTGGGACTGAGACACGGCCCAA",521
"GACGAACGCTGGCGGCGCGCCTAACACATGCAAGTCGAACGAGAGATGAAGAGCTTGCTCTTCAAATCGAGTGGCGAACGGGTGAGTAACGCGTGAGGAACCTGCCTCAAAGAGGGGGACAACAGTTGGAAACGACTGCTAATACCGCATAAGCCCACGGCTCGGCATCGAGCAGAGGGAAAAGGAGCAATCCGCTTTGAGATGGCCTCGCGTCCGATTAGCTAGTTGGTGAGGTAATGGCCCACCAAGGCGACGATCGGTAGCCGGACTGAGAGGTTGAACGGCCACATTGGGACTGAGACACGGCCCAG",918
"GACGAACGCTGGCGGCGTGCTTAACACATGCAAGTCGAACGGAGTGCTCATGACAGAGGTTTCGGCCAATGGATTGAGTTACTTAGTGGCGGACTGGTGAGTAACGCGTGAGGAACCTGCCTTTCAGAGGGGGACAACAGTTGGAAACGACTGCTAATACCGCATGACACATCGGAGGGGCATCCCTTTGATGTCAAAGATTTTATCGCTGAAAGATGGCCTCGCGTCTGATTAGCTAGTTGGTGAGGTAACGGCCCACCAAGGCGACGATCAGTAGCCGGACTGAGAGGTTGACCGGCCACATTGGGACTGAGATACGGCCCAG",120
"GACGAACGCTGGCGGCGCGCCTAACACATGCAAGTCGAACGAGAGATGAAGAGCTTGCTCTTCAAATCGAGTGGCGAACGGGTGAGTAACGCGTGAGGAACCTGCCTCAAAGAGGGGGACAACAGTTGGAAACGACTGCTAATACCGCATAAGCCCACGGCTCGGCATCGAGCAGAGGGAAAAGGAGTAATCCGCTTTGAGATGGCCTCGCGTCCGATTAGCTGGTTGGTGAGGTAACGGCCCACCAAGGCGACGATCGGTAGCCGGACTGAGAGGTTGAACGGCCACATTGGGACTGAGACACGGCCCAG",792
"GATGAACGCTGGCGGCGTGCTTAACACATGCAAGTCGAACGAAGCACTTTATTTGATTTCCTTCGGGATTGATTATTTTGTGACTGAGTGGCGGACGGGTGAGTAACGCGTGGGTAACCTGCCTTGTACAGGGGGATAACAGTTGGAAACGGCTGCTAATACCGCATAAGCGCACAGCATCGCATGATGCAGTGTGAAAAACTCCGGTGGTATAAGATGGACCCGCGTTGGATTAGCTAGTTGGTGAGGTAACGGCCCACCAAGGCGACGATCCATAGCCGACCTGAGAGGGTGACCGGCCACATTGGGACTGAGACACGGCCCAA",509
"GATGAACGCTGGCGGCGTGCTTAACACATGCAAGTCGAACGGGAAACCTTTTATTGAAGCTTCGGCAGATTTAGCTGGTTTCTAGTGGCGGACGGGTGAGTAACGCGTGGGTAACCTGCCTTGTACAGGGGGATAACAGTCAGAAATGACTGCTAATACCGCATAAGCGCACAGGACCGCATGGTCCGGTGTGAAAAACTCCGGTGGTATAAGATGGACCCGCGTTGGATTAGCTAGTTGGCAGGGTAACGGCCTACCAAGGCGACGATCCATAGCCGGCCTGAGAGGGTGAACGGCCACATTGGGACTGAGACACGGCCCAG",299
"GATGAACGCTAGCTACAGGCTTAACACATGCAAGTCGAGGGGCAGCATTTTAGTTTGCTTGCAAACTAAAGATGGCGACCGGCGCACGGGTGAGTAACACGTATCCAACCTGCCGATAACTCGGGGATAGCCTTTCGAAAGAAAGATTAATATCCGATAGTATATTTTCTCCGCATGGCGAGAATATTAAAGAATTTCGGTTATCGATGGGGATGCGTTCCATTAGTTTGTTGGCGGGGTAACGGCCCACCAAGACTACGATGGATAGGGGTTCTGAGAGGAAGGTCCCCCACATTGGAACTGAGACACGGTCCAA",577
"GATGAACGCTGGCGGCGTGCCTAACACATGCAAGTCGAGCGAAGCGGTTTTAAGGAAGTTTTCGGATGGAATTAAAACTGACTGAGCGGCGGACGGGTGAGTAACGCGTGGGTAACCTGCCTCATACAGGGGGATAACAGTTAGAAATGGCTGCTAATACCGCATAAGCACACAGCTTCGCATGGAGCAGTGTGAAAAACTCCGGTGGTATGAGATGGACCCGCGTCTGATTAGCTAGTTGGTAAGGTAACGGCTTACCAAGGCGACGATCAGTAGCCGACCTGAGAGGGTGACCGGCCACATTGGGACTGAGACACGGCCCAA",10
"GACGAACGCTGGCGGCGCGCCTAACACATGCAAGTCGAACGAGAGATGAAGAGCTTGCTCTTCAAATCGAGTGGCGAACGGGTGAGTAACGCGTGAGGAACCTGCCTCAAAGAGGGGGACAACAGTTGGAAACGGCTGCTAATACCGCATAAGCCCACAGCTCGGCATCGAGCAGAGGGAAAAGGAGTGATCCGCTTTGAGATGGCCTCGCGTCCGATTAGCTAGTTGGTGAGGTAACGGCCCACCAAGGCAACGATCGGTAGCCGGACTGAGAGGTTGAACGGCCACATTGGGACTGAGACACGGCCCAG",803
"GATGAACGCTGGCGGCGTGCTTAACACATGCAAGTCGAACGGGAAATATTTCATTGAGACTTCGGTGGATTTGATCTATTTCTAGTGGCGGACGGGTGAGTAACGCGTGGGTAACCTGCCTTATACAGGGGGATAACAGTCAGAAATGACTGCTAATACCGCATAAGCGCACAGGACCGCATGGTCCGGTGTGAAAAACTCCGGTGGTATAAGATGGACCCGCGTTGGATTAGCTGGTTGGTGGGGTAACGGCCCACCAAGGCGACGATCCATAGCCGGCCTGAGAGGGTGAACGGCCACATTGGGACTGAGACACGGCCCAG",164
"GATGAACGCTGGCGGCGTGCTTAACACATGCAAGTCGAACGGGAAATATTTCATTGAGACTTCGGTGGATTTGATCTATTTCTAGTGGCGGACGGGTGAGTAACGCGTGGGTAACCTGCCTTATACAGGGGGATAACAGTCAGAAATGGCTGCTAATACCGCATAAGCGCACAGAGCTGCATGGCTCAGTGTGAAAAACTCCGGTGGTATAAGATGGACCCGCGTTGGATTAGCTAGTTGGTGGGGTAACGGCCTACCAAGGCGACGATCCATAGCCGGCCTGAGAGGGTGAACGGCCACATTGGGACTGAGACACGGCCCAG",162
"GACGAACGCTGGCGGCGTGCCTAACACATGCAAGTCGAACGGAACTGTTTTGAAAGATTTCTTCGGAATGAATTTGATTTAGTTTAGTGGCGGACGGGTGAGTAACGCGTGAGTAACCTGCCTTCAAGAGGGGGATAACATTCTGAAAAGAATGCTAATACCGCATGACATATCGGAACCACATGGTTCTGATATCAAAGATTTTATCGCTTGAAGATGGACTCGCGTCCGATTAGTTAGTTGGTGAGGTAACGGCTCACCAAGACCGCGATCGGTAGCCGGACTGAGAGGTTGAACGGCCACATTGGGACTGAGACACGGCCCAG",1257
"GATGAACGCTGGCGGCGTGCTTAACACATGCAAGTCGAACGAAGCACCTTGATTTGATTCTTCGGATGAAGATCTTGGTGACTGAGTGGCGGACGGGTGAGTAACGCGTGGGTAACCTGCCTCATACAGGGGGATAACAGTTAGAAATGACTGCTAATACCGCATAAGACCACAGCACCGCATGGTGCAGGGGTAAAAACTCCGGTGGTATGAGATGGACCCGCGTCTGATTAGGTAGTTGGTGGGGTAACGGCCTACCAAGCCGACGATCAGTAGCCGACCTGAGAGGGTGACCGGCCACATTGGGACTGAGACACGGCCCAA",294
"GATGAACGCTAGCTACAGGCTTAACACATGCAAGTCGAGGGGCAGCATTTCGCTAGCAATAGTGAAGATGGCGACCGGCGCACGGGTGAGTAACACGTATCCAACCTGCCGATAACTCGGGGATAGCCTTTCGAAAGAAAGATTAATATCCGATAGTATATTAAAACCGCATGGTTTTACTATTAAAGAATTTCGGTTATCGATGGGGATGCGTTCCATTAGTTTGTTGGCGGGGTAACGGCCCACCAAGACCACGATGGATAGGGGTTCTGAGAGGAAGGTCCCCCACATTGGAACTGAGACACGGTCCAA",556
"GATGAACGCTGGCGGCGTGCTTAACACATGCAAGTCGAACGGGAATTACTTTATTGAAACTTCGGTCGATTTAATTTAATTCTAGTGGCGGACGGGTGAGTAACGCGTGGGTAACCTGCCTTATACAGGGGGATAACAGTCAGAAATGGCTGCTAATACCGCATAAGCGCACAGAGCTGCATGGCTCAGTGTGAAAAACTCCGGTGGTATAAGATGGACCCGCGTTGGATTAGCTTGTTGGTGAGGTAACGGCCCACCAAGGCGACGATCCATAGCCGGCCTGAGAGGGTGAACGGCCACATTGGGACTGAGACACGGCCCAG",131
"GACGAACGCTGGCGGCACGCTTAACACATGCAAGTCGAACGAGAGAAGAGAAGCTTGCTTTTCTGATCTAGTGGCGGACGGGTGAGTAACACGTGAGCAATCTGCCTTTCAGAGGGGGATACCGATTGGAAACGATCGTTAATACCGCATAACATAATTGAACCGCATGATTTGATTATCAAAGATTTATCGCTGAAAGATGAGCTCGCGTCTGATTAGCTAGTTGGTAAGGTAACGGCTTACCAAGGCGACGATCAGTAGCCGGACTGAGAGGTTGATCGGCCACATTGGGACTGAGACACGGCCCAG",942
"GATGAACGCTGGCGGCGTGCCTAATACATGCAAGTCGAACGCTTCACTTCGGTGAAGAGTGGCGAACGGGTGAGTAATACATAAGTAACCTGGCATCTACAGGGGGATAACTGATGGAAACGTCAGCTAAGACCGCATAGGTGTAGAGATCGCATGAACTCTATATGAAAAGTGCTACGGGACTGGTAGATGATGGACTTATGGCGCATTAGCTGGTTGGTAGGGTAACGGCCTACCAAGGCGACGATGCGTAGCCGACCTGAGAGGGTGACCGGCCACACTGGGACTGAGACACGGCCCAG",1005
"GATGAACGCTGGCGGCGTGCTTAACACATGCAAGTCGAACGAAGCATTTAAGACAGATTACTTCGGTTTGAAGTCTTTTATGACTGAGTGGCGGACGGGTGAGTAACGCGTGGGTAACCTGCCTCATACAGGGGGATAGCAGCTGGAAACGGCTGGTAATACCGCATAAGCGCACAGTACCACATGGTACAGTGTGAAAAACTCCGGTGGTATGAGATGGACCCGCGTCTGATTAGCTTGTTGGCGGGGTAACGGCCCACCAAGGCGACGATCAGTAGCCGACCTGAGAGGGTGACCGGCCACATTGGGACTGAGACACGGCCCAG",581
"GATGAACGCTGGCGGCGTGCTTAACACATGCAAGTCGAACGAAGCATTTAGGATTGAAGTTTTCGGATGGATTTCCTATATGACTGAGTGGCGGACGGGTGAGTAACGCGTGGGGAACCTGCCCTATACAGGGGGATAACAGCTGGAAACGGCTGCTAATACCGCATAAGCGCACAGAATCGCATGATTCAGTGTGAAAAGCCCTGGCAGTATAGGATGGTCCCGCGTCTGATTAGCTGGTTGGTGAGGTAACGGCTCACCAAGGCGACGATCAGTAGCCGGCTTGAGAGAGTGAACGGCCACATTGGGACTGAGACACGGCCCAA",3
"GACGAACGCTGGCGGCGCGCCTAACACATGCAAGTCGAACGAGCGAGAGAGAGCTTGCTTTCTCGAGCGAGTGGCGAACGGGTGAGTAACGCGTGAGGAACCTGCCTCAAAGAGGGGGACAACAGTTGGAAACGACTGCTAATACCGCATAAGCCCACAGCTCGGCATCGAGCAGAGGGAAAAGGAGCAATCCGCTTTGAGATGGCCTCGCGTCCGATTAGCTAGTTGGTGAGGTAACGGCCCACCAAGGCGACGATCGGTAGCCGGACTGAGAGGTTGAACGGCCACATTGGGACTGAGACACGGCCCAG",613
"GATGAACGCTAGCGACAGGCCTAACACATGCAAGTCGAGGGGCAGCGGAGAGGTAGCAATACCTTTGCCGGCGACCGGCGCACGGGTGAGTAACACGTATGCAATCCACCTGTAACAGGGGGATAACCCGGAGAAATCCGGACTAATACCCCATAATATGGGCTCTCCGCATGGAGGGTCCATTAAAGAGAGCAATTTTGGTTACAGACGAGCATGCGCTCCATTAGCCAGTTGGCGGGGTAACGGCCCACCAAAGCGACGATGGATAGGGGTTCTGAGAGGAAGGTCCCCCACATTGGAACTGAGACACGGTCCAA",715
"GATGAACGCTAGCTACAGGCTTAACACATGCAAGTCGAGGGGCAGCATTTTAGTTTGCTTGCAAACTAAAGATGGCGACCGGCGCACGGGTGAGTAACACGTATCCAACCTGCCGATAACTCGGGGATAGCCTTTCGAAAGAAAGATTAATATCCGATAGTATATTAAAACCGCATGGTTTTACTATTAAAGAATTTCGGTTATCGATGGGGATGCGTTCCATTAGTTTGTTGGCGGGGTAACGGCCCACCAAGACTACGATGGATAGGGGTTCTGAGAGGAAGGTCCCCCACATTGGAACTGAGACACGGTCCAA",513
"GATGAACGCTGGCGGCGTGCCTAATACATGCAAGTCGAACGCTTTGTAAAGGAGCTTGCTTCTTTACAGGGAGTGGCGAACGGGTGAGTAATACATAAGCAATCTGCCCATCGGCCTGGGATAACAGTTGGAAACGACTGCTAATACCGGATAGGTGATTGAGAGGCATCTCTCGATCATTAAAGTTGGGATACAACACGGATGGATGAGCTTATGGCGTATTAGCTAGTAGGTGAGGTAACGGCCCACCTAGGCGATGATACGTAGCCGACCTGAGAGGGTGACCGGCCACATTGGGACTGAGACACGGCCCAA",29
"GATGAACGCTGGCGGCGTGCTTAACACATGCAAGTCGAACGAAGCATTTAGAACGGATTACTTCGGTTTGAAGTTCTTTATGACTGAGTGGCGGACGGGTGAGTAACGCGTGGGTAACCTGCCTTGTACTGGGGGATAGCAGCTGGAAACGGCTGGTAATACCGCATAAGCGCACGGTGCTGCATGGCACAGTGTGAAAAACTCCGGTGGTATAAGATGGACCCGCGTCTGATTAGCTAGTTGGTGAGATAACAGCCCACCAAGGCGACGATCAGTAGCCGACCTGAGAGGGTGACCGGCCACATTGGGACTGAGACACGGCCCAG",231
"GACGAACGCTGGCGGCGTGCTTAACACATGCAAGTCGAACGAAAAGAGGGAAAGAGCTTGCTCTTTCCGGAATTGAGTGGCAAACGGGTGAGTAACACGTAAACAACCTGCCTTCAGGATGGGGACAACAGACGGAAACGACTGCTAATACCGAATAAGTTCCAAGGGCCGCATGGCCCATGGAAGAAAAGGTGGCCTCTACCTGTAAGCTATCGCCTGAAGAGGGGTTTGCGTCTGATTAGCTGGTTGGAGGGGTAACGGCCCACCAAGGCGACGATCAGTAGCCGGTCTGAGAGGATGAACGGCCACACTGGAACTGAGACACGGTCCAG",536
"GACGAACGCTGGCGGCGCGCCTAACACATGCAAGTCGAACGAGCGAGAGAGAGCTTGCTTTCTCGAGCGAGTGGCGAACGGGTGAGTAACGCGTGAGGAACCTGCCTCAAAGAGGGGGACAACAGTTGGAAACGACTGCTAATACCGCATAAGCCCACGGGTCGGCATCGACCAGAGGGAAAAGGAGCAATCCGCTTTGAGATGGCCTCGCGTCCGATTAGCTAGTTGGTGAGGTAACGGCCCACCAAGGCGACGATCGGTAGCCGGACTGAGAGGTTGAACGGCCACATTGGGACTGAGACACGGCCCAG",406
"GATGAACGCTGGCGGCGTGCTTAACACATGCAAGTCGAACGGGGATTATTTCATTGAAGCTTCGGCAGATTTGACTTAATCCTAGTGGCGGACGGGTGAGTAACGCGTGGGTAACCTGCCTTGTACAGGGGGATAACAGTCAGAAATGACTGCTAATACCGCATAAGCGCACAGGACCGCATGGTCCGGTGTGAAAAACTCCGGTGGTATAAGATGGACCCGCGTTGGATTAGCTAGTTGGCAGGGTAACGGCCTACCAAGGCGACGATCCATAGCCGGCCTGAGAGGGTGAACGGCCACATTGGGACTGAGACACGGCCCAG",181
"GATGAACGCTGGCGGCGTGCTTAACACATGCAAGTCGAACGAAGCATTTAGAACGGATTACTTCGGTTTGAAGTTCTTTATGACTGAGTGGCGGACGGGTGAGTAACGCGTGGGTAACCTGCCTTGTACTGGGGGATAGCAGCTGGAAACGGCTGGTAATACCGCATAAGCGCACAATGTTGCATGACATGGTGTGAAAAACTCCGGTGGTATAAGATGGACCCGCGTCTGATTAGCTAGTTGGTGAGATAACAGCCCACCAAGGCGACGATCAGTAGCCGACCTGAGAGGGTGACCGGCCACATTGGGACTGAGACACGGCCCAG",221
"GATGAACGCTGGCGGCGTGCTTAACACATGCAAGTCGAACGAAGCACCTTATTCTGATTTCTTCGGAATGAAAAATTTGGTGACTGAGTGGCGGACGGGTGAGTAACGCGTGGGTAACCTGCCTCATACAGGGGGATAACAGTTAGAAATGACTGCTAATACCGCATAAGACCACAGCACCGCATGGTGCAGGGGTAAAAACTCCGGTGGTATGAGATGGACCCGCGTCTGATTAGGTAGTTGGTGGGGTAACGGCCTACCAAGCCGACGATCAGTAGCCGACCTGAGAGGGTGACCGGCCACATTGGGACTGAGACACGGCCCAA",127
"GATGAACGCTGGCGGCGTGCTTAACACATGCAAGTCGAGCGAAGCAGTTAAGTTGATTTCTTCGGATTGATTCTTAACTGACTGAGCGGCGGACGGGTGAGTAACGCGTGGGTGACCTGCCCCATACCGGGGGATAACAGCTGGAAACGGCTGCTAATACCGCATAAGCGCACAGAGCTGCATGGCTCGGTGTGAAAAACTCCGGTGGTATGGGATGGGCCCGCGTCTGATTAGGCAGTTGGCGGGGTAACGGCCCACCAAACCGACGATCAGTAGCCGGCCTGAGAGGGCGACCGGCCACATTGGGACTGAGACACGGCCCAA",284
"GATGAACGCTGGCGGCGTGCTTAACACATGCAAGTCGAACGGGAATTACTTTATTGAAACTTCGGTCGATTTAATTTAATTCTAGTGGCGGACGGGTGAGTAACGCGTGGGTAACCTGCCTTGTACAGGGGGATAACAGTCAGAAATGACTGCTAATACCGCATAAGCGCACAGGACCGCATGGTCCGGTGTGAAAAACTCCGGTGGTATAAGATGGACCCGCGTTGGATTAGCTAGTTGGTGAGGTAACGGCCCACCAAGGCGACGATCCATAGCCGGCCTGAGAGGGTGAACGGCCACATTGGGACTGAGACACGGCCCAG",183
"GATGAACGCTGGCGGCGTGCTTAACACATGCAAGTCGAACGAAGCATTTGCAACAGATTTCTTCGGATTAAAGTTGCTTATGACTGAGTGGCGGACGGGTGAGTAACGCGTGGGTAACCTGCCTCATACAGGGGGATAGCAGCTGGAAACGGCTGGTAATACCGCATAAGCGCACAGTACCACATGGTACAGTGTGAAAAACTCCGGTGGTATGAGATGGACCCGCGTCTGATTAGCTGGTTGGCGGGGTAACGGCCCACCAAGGCGACGATCAGTAGCCGACCTGAGAGGGTGACCGGCCACATTGGGACTGAGACACGGCCCAG",287
"GACGAACGCTGGCGGCGCGCCTAACACATGCAAGTCGAACGAGCGAGAGAGAGCTTGCTTTCTCGAGCGAGTGGCGAACGGGTGAGTAACGCGTGAGGAACCTGCCTCAAAGAGGGGGACAACAGTTGGAAACGACTGCTAATACCGCATAAGCCCACGGCTCGGCATCGAGCAGGGGGAAAAGGAGCAATCCGCTTTGAGATGGCCTCGCGTCCGATTAGCTAGTTGGTGAGGTAACGGCCCACCAAGGCAACGATCGGTAGCCGGACTGAGAGGTTGAACGGCCACATTGGGACTGAGACACGGCCCAG",332
"GATGAACGCTGGCGGCGTGCTTAACACATGCAAGTCGAACGAAGCATTTAAGACAGATTACTTCGGTTTGAAGTCTTTTATGACTGAGTGGCGGACGGGTGAGTAACGCGTGGGTAACCTGCCTCATACAGGGGGATAGCAGCTGGAAACGGCTGGTAATACCGCATAAGCGCACAGTACCACATGGTACAGTGTGAAAAACTCCGGTGGTATGAGATGGACCCGCGTCTGATTAGCTGGTTGGCGGGGTAACGGCCCACCAAGGCGACGATCAGTAGCCGACCTGAGAGGGTGACCGGCCACATTGGGACTGAGACACGGCCCAG",229
"GATGAACGCTGGCGGCGTGCTTAACACATGCAAGTCGAACGGGAAATACTTCATTGAGACTTCGGTGGATTTGATCTATTTCTAGTGGCGGACGGGTGAGTAACGCGTGGGTAACCTGCCTTATACAGGGGGATAACAGTCAGAAATGGCTGCTAATACCGCATAAGCGCACAGAGCTGCATGGCTCAGTGTGAAAAACTCCGGTGGTATAAGATGGACCCGCGTTGGATTAGCTGGTTGGTGGGGTAACGGCCCACCAAGGCGACGATCCATAGCCGGCCTGAGAGGGTGAACGGCCACATTGGGACTGAGACACGGCCCAG",136
"GATGAACGCTGGCGGCGTGCTTAACACATGCAAGTCGAACGAAGCATTTAGAACAGATTACTTCGGTTTGAAGTTCTTTATGACTGAGTGGCGGACGGGTGAGTAACGCGTGGGTAACCTGCCTTGTACTGGGGGATAGCAGCTGGAAACGGCTGGTAATACCGCATAAGCGCACAATGTTGCATGACATGGTGTGAAAAACTCCGGTGGTATAAGATGGACCCGCGTCTGATTAGCTAGTTGGTGAGATAACAGCCCACCAAGGCGACGATCAGTAGCCGACCTGAGAGGGTGACCGGCCACATTGGGACTGAGACACGGCCCAG",223
"GATGAACGCTGGCGGCGTGCTTAACACATGCAAGTCGAGCGAAGCAGTTAAGAAGATTCTTCGGATGATTCTTAACTGACTGAGCGGCGGACGGGTGAGTAACGCGTGGGTGACCTGCCCCATACCGGGGGATAACAGCTGGAAACGGCTGCTAATACCGCATAAGCGCACAGAGCTGCATGGCTCGGTGTGAAAAACTCCGGTGGTATGGGATGGGCCCGCGTCTGATTAGGCAGTTGGCGGGGTAACGGCCCACCAAACCGACGATCAGTAGCCGGCCTGAGAGGGCGACCGGCCACATTGGGACTGAGACACGGCCCAA",236
"GATGAACGCTGGCGGCGTGCTTAACACATGCAAGTCGAACGAAGCATTTAGAACAGATTATTTCGGTATGAAGTTCTTTATGACTGAGTGGCGGACGGGTGAGTAACGCGTGGGTAACCTGCCTTGTACTGGGGGATAGCAGCTGGAAACGGCTGGTAATACCGCATAAGCGCACAATGTTGCATGACATGGTGTGAAAAACTCCGGTGGTATAAGATGGACCCGCGTCTGATTAGCTAGTTGGTGAGATAACAGCCCACCAAGGCGACGATCAGTAGCCGACCTGAGAGGGTGACCGGCCACATTGGGACTGAGACACGGCCCAG",219
"GATGAACGCTGGCGGCGTGCTTAACACATGCAAGTCGAACGGAGTGCCCATGACAGAGGATTCGTCCAATGGATTGGGTTACTTAGTGGCGGACGGGTGAGTAACGCGTGAGGAACCTGCCTCGGAGTGGGGAATAACACAACGAAAGCTGTGCTAATACCGCATGATACAGTTGGGTCGCATGACTCTGACTGTCAAAGATTTATCGCTCTGAGATGGCCTCGCGTCTGATTAGCTAGTTGGTGGGGTAACGGCCCACCAAGGCGACGATCAGTAGCCGGACTGAGAGGTTGACCGGCCACATTGGGACTGAGACACGGCCCAG",81
"GATGAACGCTGGCGGCGTGCTTAACACATGCAAGTCGAACGAAGCACTTTAATTGATTTCTTCGGAATGAAGTTTTTGTGACTGAGTGGCGGACGGGTGAGTAACGCGTGGGTAACCTGCCTCATACAGGGGGATAACAGTTGGAAACGACTGCTAATACCGCATAAGCGCACAGGATTGCATGATCCAGTGTGAAAAACTCCGGTGGTATGAGATGGACCCGCGTCTGATTAGCCAGTTGGCGGGGTAACGGCCCACCAAAGCGACGATCAGTAGCCGACCTGAGAGGGTGACCGGCCACATTGGGACTGAGACACGGCCCAA",85
"GATGAACGCTGGCGGCGTGCTTAACACATGCAAGTCGAACGAAGCATTTAGAACAGATTACTTCGGTTTGAAGTTCTTTATGACTGAGTGGCGGACGGGTGAGTAACGCGTGGGTAACCTGCCTTGTACTGGGGGATAGCAGCTGGAAACGGCTGGTAATACCGCATAAGCGCACAATGTTGCATGACATGGTGTGAAAAACTCAGGTGGTATAAGATGGACCCGCGTCTGATTAGCTAGTTGGTGAGATAACAGCCCACCAAGGCGACGATCAGTAGCCGACCTGAGAGGGTGACCGGCCACATTGGGACTGAGACACGGCCCAG",231
"GATGAACGCTGGCGGCGTGCCTAACACATGCAAGTCGAACGGAACTATTTTGGAAACTCCTTCGGGAGCGGAATCTTTAGTTTAGTGGCGGACGGGTGAGTAACGCGTGAGCAATCTGCCTTTAAGAGGGGGATAACAGTCGGAAACGGCTGCTAATACCGCATAAAGCATCAAATTCGCATGTTTTTGATGCCAAAGGAGCAATCCGCTTTTAGATGAGCTCGCGTCTGATTAGCTGGTTGGCGGGGTAACGGCCCACCAAGGCGACGATCAGTAGCCGGACTGAGAGGTTGAACGGCCACATTGGGACTGAGACACGGCCCAG",100
"GATGAACGCTGGCGGCGTGCTTAACACATGCAAGTCGAACGAAGCATTTAAGACAGATTACTTCGGTTTGAAGTCTTTTATGACTGAGTGGCGGACGGGTGAGTAACGCGTGGGTAACCTGCCTCATACAGGGGAATAGCAGCTGGAAACGGCTGGTAATACCGCATAAGCGCACAGTACCACATGGTACAGTGTGAAAAACTCCGGTGGTATGAGATGGACCCGCGTCTGATTAGCTTGTTGGCGGGGTAACGGCCCACCAAGGCGACGATCAGTAGCCGACCTGAGAGGGTGACCGGCCACATTGGGACTGAGACACGGCCCAG",214
"GACGAACGCTGGCGGCGCGCCTAACACATGCAAGTCGAACGAGCGAGAGAGAGCTTGCTTTCTCGAGCGAGTGGCGAACGGGTGAGTAACGCGTGAGGAACCTGCCTCAAAGAGGGGGACAACAGTTGGAAACGACTGCTAATACCGCATAAGCCCACGGCTCGGCATCGAGCAGGGGGAAAAGGAGTAATCCGCTTTGAGATGGCCTCGCGTCCGATTAGCTAGTTGGTGAGGTAATGGCCCACCAAGGCAACGATCGGTAGCCGGACTGAGAGGTTGAACGGCCACATTGGGACTGAGACACGGCCCAG",289
"GACGAACGCTGGCGGCGCGCCTAACACATGCAAGTCGAACGAGAGATGAAGAGCTTGCTCTTCAGATCGAGTGGCGAACGGGTGAGTAACGCGTGAGGAACCTGCCTCAAAGAGGGGGACAACAGTTGGAAACGACTGCTAATACCGCATAAGCCCACGGCTCGGCATCGAGCAGAGGGAAAAGGAGCAATCCGCTTTGAGATGGCCTCGCGTCCGATTAGCTAGTTGGTGAGGTAACGGCCCACCAAGGCAACGATCGGTAGCCGGACTGAGAGGTTGAACGGCCACATTGGGACTGAGACACGGCCCAG",114
"GACGAACGCTGGCGGCACGCTTAACACATGCAAGTCGAACGAGAGAAGAGAAGCTTGCTTTTCTGATCTAGTGGCGGACGGGTGAGTAACACGTGAGCAATCTGCCTTTCAGAGGGGGATACCGATTGGAAACGATCGTTAATACCGCATAATATAATTGAACCGCATGATTTGATTATCAAAGATTTATCGCTGAAAGATGAGCTCGCGTCTGATTAGCTAGTTGGTAAGGTAACGGCTTACCAAGGCGACGATCAGTAGCCGGACTGAGAGGTTGATCGGCCACATTGGGACTGAGACACGGCCCAG",283
"GATGAACGCTGGCGGCGTGCTTAACACATGCAAGTCGAACGAAACACCTTATTTGATTTTCTTCGGAACTGAAGATTTGGTGATTGAGTGGCGGACGGGTGAGTAACGCGTGGGTAACCTACCCTGTACAGGGGGATAACAGTCAGAAATGACTGCTAATACCGCATAAGACCACAGCACCGCATGGTGCAGGGGTAAAAACTCCGGTGGTACAGGATGGACCCGCGTCTGATTAGCTGGTTGGTGAGGTAACGGCTCACCAAGGCGACGATCAGTAGCCGGCTTGAGAGAGTGAACGGCCACATTGGGACTGAGACACGGCCCAA",246
"GATGAACGCTGGCGGCGTGCTTAATACATGCAAGTCGAACGAAGCACCTTGGACAGAATCCTTCGGGAGGAAGACCATTGTGACTGAGTGGCGGACGGGTGAGTAACGCGTGGGTAACCTGCCTTGTACAGGGGGATAACAGTTGGAAACGACTGCTAATACCGCATAAGCGCACAGTACCGCATGGTACGGTGTGAAAAACTCCGGTGGTACAAGATGGACCCGCGTCTGATTAGCTGGTTGGTGAGGTAACGGCCCACCAAGGCGACGATCAGTAGCCGACTTGAGAGAGTGATCGGCCACATTGGGACTGAGACACGGCCCAA",157
"GATGAACGCTGGCGGCGTGCCTAACACATGCAAGTCGAACGGAGTCGTTTTGGAAAATCCTTCGGGATTGGAATTCTCGACTTAGTGGCGGACGGGTGAGTAACGCGTGAGCAATCTGCCTTTAAGAGGGGGATAACAGTCGGAAACGGCTGCTAATACCGCATAAAGCATCAAATTCGCATGTTTTTGATGCCAAAGGAGCAATCCGCTTTTAGATGAGCTCGCGTCTGATTAGCTGGTTGGCGGGGTAACGGCCCACCAAGGCGACGATCAGTAGCCGGACTGAGAGGTTGAACGGCCACATTGGGACTGAGACACGGCCCAG",96
"GATGAACGCTGGCGGCGTGCTTAACACATGCAAGTCGAACGGGAAACCTTTTATTGAAGCTTCGGCAGATTTAACTGGTTTCTAGTGGCGGACGGGTGAGTAACGCGTGGGTAACCTGCCTTGTACAGGGGGATAACAGTCAGAAATGACTGCTAATACCGCATAAGCGCACAGGACCGCATGGTCCGGTGTGAAAAACTCCGGTGGTATAAGATGGACCCGCGTTGGATTAGCTTGTTGGTGGGGTAACGGCCCACCAAGGCGACGATCCATAGCCGGCCTGAGAGGGTGAACGGCCACATTGGGACTGAGACACGGCCCAG",187
"GATGAACGCTGGCGGCGTGCTTAACACATGCAAGTCGAACGAAGCACTTTACCGGATTTCTTCGGGATGAAAGTTTTGTGACTGAGTGGCGGACGGGTGAGTAACGCGTGGGTAACCTGCCTCATACAGGGGGATAACAGTTAGAAATGACTGCTAATACCGCATAAGACCACAGGATTGCATGATCCGGTGGTAAAAACTCCGGTGGTATGAGATGGACCCGCGTCTGATTAGGTAGTTGGTGGGGTAACGGCTCACCAAGCCGACGATCAGTAGCCGACCTGAGAGGGTGACCGGCCACATTGGGACTGAGACACGGCCCAA",16
"GATGAACGCTGGCGGCGTGCTTAACACATGCAAGTCGAACGAAGCACTTAAGAATGATTCTTCGGATGAATTTTTTTGTGACTTAGTGGCGGACGGGTGAGTAACGCGTGGGTAACCTGCCTCACACAGGGGGATAACAGTTGGAAACGACCGCTAATACCGCATAACCCGCTAGGGCCGCATGGCCCGGACGGAAAAGATTTATCGGTGTGAGATGGACCCGCGTTGGATTAGCTAGTTGGCAGGGTAACGGCCTACCAAGGCGACGATCCATAGCCGGCCTGAGAGGGTGAACGGCCACATTGGGACTGAGACACGGCCCAA",29
"GATGAACGCTGGCGGCGTGCTTAACACATGCAAGTCGAGCGAAGCGGCTGAATTGATTCTTCGGATGATTTTCAGTTGACTGAGCGGCGGACGGGTGAGTAACGCGTGGGTGACCTGCCCCATACCGGGGGATAACAGCTGGAAACGGCTGCTAATACCGCATAAGCGCACAGAGCTGCATGGCTCGGTGTGAAAAACTCCGGTGGTATGGGATGGGCCCGCGTCTGATTAGGCAGTTGGCGGGGTAACGGCCCACCAAACCGACGATCAGTAGCCGGCCTGAGAGGGCGACCGGCCACATTGGGACTGAGACACGGCCCAA",168
"GATGAACGCTGGCGGCGTGCTTAACACATGCAAGTCGAGCGAAGCAGTTAAGAAGATTCTTCGGATGATTTTTAACTGACTGAGCGGCGGACGGGTGAGTAACGCGTGGGTGACCTGCCCCATACCGGGGGATAACAGCTGGAAACGGCTGCTAATACCGCATAAGCGCACAGAGCTGCATGGCTCCGTGTGAAAAACTCCGGTGGTATGGGATGGGCCCGCGTCTGATTAGGCAGTTGGCGGGGTAACGGCCCACCAAACCGACGATCAGTAGCCGGCCTGAGAGGGCGACCGGCCACATTGGGACTGAGACACGGCCCAA",239
"GATGAACGCTGGCGGCGTGCTTAACACATGCAAGTCGAACGAAACACCTTATTTGATTTTCTTCGGAACTGAAGATTTGGTGATTGAGTGGCGGACGGGTGAGTAACGCGTGGGTAACCTGCCCTGTACAGGGGGATAACAGTCAGAAATGACTGCTAATACCGCATAAGACCACAGCACCGCATGGTGCAGGGGTAAAAACTCCGGTGGTACAGGATGGACCCGCGTCTGATTAGCTGGTTGGTGAGGTAACGGCTCACCAAGGCGACGATCAGTAGCCGGCTTGAGAGAGTGAACGGCCACATTGGGACTGAGACACGGCCCAA",233
"GATGAACGCTGGCGGCGTGCTTAACACATGCAAGTCGAGCGAAGCAGTTAAGTTGATTTCTTCGGATTGATTCTTAATTGACTGAGCGGCGGACGGGTGAGTAACGCGTGGGTGACCTGCCCCATACCGGGGGATAACAGCTGGAAACGGCTGCTAATACCGCATAAGCGCACAGAGCTGCATGGCTCGGTGTGAAAAACTCCGGTGGTATGGGATGGGCCCGCGTCTGATTAGGCAGTTGGCGGGGTAACGGCCCACCAAACCGACGATCAGTAGCCGGCCTGAGAGGGCGACCGGCCACATTGGGACTGAGACACGGCCCAA",139
"GACGAACGCTGGCGGCACGCTTAACACATGCAAGTCGAACGGAGAACATTGAGCTTGCTTAATGTTCTTAGTGGCGGACGGGTGAGTAACACGTGAGTAACCTGCCTCTGAGAGTGGGATAGCTTCTGGAAACGGATGGTAATACCGCATAACATCATGGATTCGCATGTTTCTATGATCAAAGATTTATCGCTCAGAGATGGACTCGCGTCTGATTAGATAGTTGGTGAGGTAACGGCCCACCAAGTCGACGATCAGTAGCCGGACTGAGAGGTTGACCGGCCACATTGGGACTGAGACACGGCCCAG",184
"GATGAACGCTGGCGGCGTGCTTAACACATGCAAGTCGAACGAAGCATAAGGAACGGATTATTTCGGTAAGAAGTACTTTATGACTGAGTGGCGGACGGGTGAGTAACGCGTGGATAACCTGCCTCATACAGGGGGATAACAGTTAGAAATGACTGCTAATACCGCATAAGCGCACAGTGCTGCATGGCACAGTGCGAAAAGCTCCGGCGGTATGAGATGGATCCGCGTTTGATTAGCTAGTTGGTGGGGTAAAGGCCTACCAAGGCGACGATCAATAGCCGACCTGAGAGGGTGACCGGCCACATTGGGACTGAGACACGGCCCAA",4
"GATGAACGCTAGCTACAGGCTTAACACATGCAAGTCGAGGGGCAGCATTTCGCTAGCAATAGTGAAGATGGCGACCGGCGCACGGGTGAGTAACACGTATCCAACCTGCCGATAACTCGGGGATAGCCTTTCGAAAGAAAGATTAATATCCGATAGTATATTAAAACCGCATGGTTTTACTATTAAAGAATTTCGGTTATCGATGGGGATGCGTTCCATTAGTTTGTTGGCGGGGTAACGGCCCACCAAGACTACGATGGATAGGGGTTCTGAGAGGAAGGTCCCCCACATTGGAACTGAGACACGGTCCAA",83
"GATGAACGCTGGCGGCGTGCTTAACACATGCAAGTCGAGCGAAGCACTTAGGAAAGATTCTTCGGATGATTTCCTAAGTGACTGAGCGGCGGACGGGTGAGTAACGCGTGGGTAACCTGCCTCATACAGGGGGATAACAGTTAGAAATGACTGCTAATACCGCATAAGACCACAGCACCGCATGGTGCAGGGGTAAAAACTCCGGTGGTATGAGATGGACCCGCGTCTGATTAGTTAGTTGGTGGGGTAACGGCCTACCAAGGCGACGATCAGTAGCCGACCTGAGAGGGTGACCGGCCACATTGGGACTGAGACACGGCCCAA",164
"GATGAACGCTGGCGGCGTGCCTAACACATGCAAGTCGAGCGATTCTCTTCGGAGAAGAGCGGCGGACGGGTGAGTAACGCGTGGGTAACCTGCCCTGTACACACGGATAACATACCGAAAGGTATGCTAATACGAGATAATATGCTTTTATCGCATGGTAGAAGTATCAAAGCTTTTGCGGTACAGGATGGACCCGCGTCTGATTAGCTAGTTGGTAAGGTAACGGCTTACCAAGGCGACGATCAGTAGCCGACCTGAGAGGGTGATCGGCCACATTGGAACTGAGACACGGTCCAA",163
"GATGAACGCTGGCGGCGTGCTTAACACATGCAAGTCGAGCGAAGCACTTTTGCGGATTTCTTCGGATTGAAGCAATTGTGACTGAGCGGCGGACGGGTGAGTAACGCGTGGGTAACCTGCCTCATACAGGGGGATAACAGTTGGAAACGGCTGCTAATACCGCATAAGCGCACAGTACCGCATGGTACCGTGTGAAAAACTCCGGTGGTATGAGATGGACCCGCGTCTGATTAGCTAGTTGGTGGGGTAACGGCCTACCAAGGCGACGATCAGTAGCCGACCTGAGAGGGTGACCGGCCACATTGGGACTGAGACACGGCCCAA",27
"GATGAACGCTGGCGGCGTGCTTAACACATGCAAGTCGAACGGGGATTATTTTGACAGAGACTTCGGTTGAAGTCGTTATAATCCTAGTGGCGGACGGGTGAGTAACGCGTGGGTAACCTGCCTCACACTGGGGGATAACAGTCAGAAATGACTGCTAATACCGCATAAGCGCACGGGATTGCATGATCCAGTGTGAAAAACTCCGGTGGTGTGAGATGGACCCGCGTTGGATTAGCCAGTTGGCAGGGTAACGGCCTACCAAAGCGACGATCCATAGCCGGCCTGAGAGGGTGGACGGCCACATTGGGACTGAGACACGGCCCAG",25
"GACGAACGCTGGCGGCGTGCCTAACACATGCAAGTCGAACGAGAATCTTTGGAATGATTCTTTCGGGATGAATTCCAAAGAGGAAAGTGGCGGACGGGCGAGTAACGCGTGAGTAACCTGCCCATAAGAGGGGGATAATCCATGGAAACGTGGACTAATACCGCATATTGTAATTAAGTTGCATGACTTGATTATGAAAGATTTATCGCTTATGGATGGACTCGCGTCAGATTAGATAGTTGGTGAGGTAACGGCTCACCAAGTCAACGATCTGTAGCCGAACTGAGAGGTTGATCGGCCGCATTGGGACTGAGACACGGCCCAG",120
"GATGAACGCTGGCGGCGTGCTTAACACATGCAAGTCGAGCGAAGCGATTTAAGTGAAGTTTTCGGATGGATCTTAGATTGACTGAGCGGCGGACGGGTGAGTAACGCGTGGATAACCTGCCTCACACAGGGGGATAACAGTTAGAAATGACTGCTAATACCGCATAAGCGCACGGTACCGCATGGTACAGTGTGAAAAACTCCGGTGGTGTGAGATGGATCCGCGTCTGATTAGGTAGTTGGTGAGGTAACGGCCCACCAAGCCGACGATCAGTAGCCGACCTGAGAGGGTGACCGGCCACATTGGGACTGAGACACGGCCCAA",40
"GATGAACGCTGGCGGCGTGCTTAACACATGCAAGTCGAACGGGAAACATTTTATTGAAGCTTCGGCAGATTTAGCTTGTTTCTAGTGGCGGACGGGTGAGTAACGCGTGGGTAACCTGCCTTATACTGGGGGATAACAGCCAGAAATGACTGCTAATACCGCATAAGCGCACAGAACCGCATGGTTCGGTGTGAAAAACTCCGGTGGTATAAGATGGACCCGCGTTGGATTAGCTAGTTGGCAGGGCAGCGGCCTACCAAGGCGACGATCCATAGCCGGCCTGAGAGGGTGAACGGCCACATTGGGACTGAGACACGGCCCAG",70
"GATGAACGCTGGCGGCGTGCTTAACACATGCAAGTCGAACGAAGCACTCTATTTGATTTTCTTCGGAAATGAAGATTTTGTGACTGAGTGGCGGACGGGTGAGTAACGCGTGGGTAACCTGCCTCATACAGGGGGATAACAGTTGGAAACGACTGCTAATACCGCATAAGCGCACAGGATCGCATGATCTGGTGCGAAAAACTCCGGTGGTATGAGATGGACCCGCGTCTGATTAGCCAGTTGGCAGGGTAACGGCCTACCAAAGCGACGATCAGTAGCCGACCTGAGAGGGTGACCGGCCACATTGGGACTGAGACACGGCCCAA",119
"GATGAACGCTGGCGGCGTGCTTAACACATGCAAGTCGAACGAAGCACTCTATTTGATTTTCTTCGGAAATGAAGATTTTGTGACTGAGTGGCGGACGGGTGAGTAACGCGTGGGTAACCTGCCTCATACAGGGGGATAACAGTTGGAAACGACTGCTAATACCGCATAAGCGCACAGGATCGCATGATCCGGTGCGAAAAACTCCGGTGGTATGGGATGGACCCGCGTCTGATTAGCCAGTTGGCAGGGTAACGGCCTACCAAAGCGACGATCAGTAGCCGACCTGAGAGGGTGACCGGCCACATTGGGACTGAGACACGGCCCAA",118
"GATGAACGCTGGCGGCGTGCTTAACACATGCAAGTCGAACGAAGCACTCTATTTGATTTTCTTCGGAAATGAAGATTTTGTGACTGAGTGGCGGACGGGTGAGTAACGCGTGGGTAACCTGCCTCATACAGGGGGATAACAGTTGGAAACGACTGCTAATACCGCATAAGCGCACAGGATCGCATGATCTGGTGTGAAAAATTCCGGTGGTATGAGATGGACCCGCGTCTGATTAGCCAGTTGGCAGGGTAACGGCCTACCAAAGCGACGATCAGTAGCCGACCTGAGAGGGTGACCGGCCACATTGGGACTGAGACACGGCCCAA",94
"GATGAACGCTGGCGGCGTGCCTAATACATGCAAGTCGAACGCTTCACTTCGGTGAAGAGTGGCGAACGGGTGAGTAATACATAAGTAACCTGGCATCTACAGGGGGATAATTGATGGAAACGTCAGCTAAGACCGCATAGGTGTAGAGATCGCATGAACTCTATATGAAAAGTGCTACGGGACTGGTAGATGATGGACTTATGGCGCATTAGCTGGTTGGTAGGGTAAGGGCCTACCAAGGCGACGATGCGTAGCCGACCTGAGAGGGTGACCGGCCACACTGGGACTGAGACACGGCCCAG",106
"GATGAACGCTGGCGGCGTGCTTAACACATGCAAGTCGAGCGAAGCACTTTGGAAAGATTCTTCGGATGATTTCCTTTGTGACTGAGCGGCGGACGGGTGAGTAACGCGTGGGTAACCTGCCTCATACAGGGGGATAACAGTTAGAAATGACTGCTAATACCGCATAAGACCACGGTACCGCATGGTACAGTGGTAAAAACTCCGGTGGTATGAGATGGACCCGCGTCTGATTAGGTAGTTGGTGGGGTAACGGCCTACCAAGCCGACGATCAGTAGCCGACCTGAGAGGGTGACCGGCCACATTGGGACTGAGACACGGCCCAG",104
"GATGAACGCTGGCGGCGTGCCTAACACATGCAAGTCGAACGAAGCACCTTACCTGATTCTTCGGATGAAGGTCTGGTGACTGAGTGGCGGACGGGTGAGTAACGCGTGGGTAACCTGCCCTGTACAGGGGGATAACAGCTGGAAACGGCTGCTAATACCGCATAAGCGCACGAGGAGACATCTCCTTGTGTGAAAAACTCCGGTGGTACAGGATGGGCCCGCGTCTGATTAGCTGGTTGGCAGGGTAACGGCCTACCAAGGCAACGATCAGTAGCCGGTCTGAGAGGATGAACGGCCACATTGGAACTGAGACACGGTCCAA",70
"GATGAACGCTGGCGGCGTGCTTAACACATGCAAGTCGAGCGAAGCGCTTTGGAAAGATTCTTCGGATGATTTCCTTTGTGACTGAGCGGCGGACGGGTGAGTAACGCGTGGGTAACCTGCCTCATACAGGGGGATAACAGTTAGAAATGACTGCTAATACCGCATAAGACCACGGTACCGCATGGTACAGTGGTAAAAACTCCGGTGGTATGAGATGGACCCGCGTCTGATTAGGTAGTTGGTGGGGTAACGGCCTACCAAGCCGACGATCAGTAGCCGACCTGAGAGGGTGACCGGCCACATTGGGACTGAGACACGGCCCAG",88
"GATGAACGCTGGCGGCGTGCCTAACACATGCAAGTCGAACGGACTTACATTGAAGCCTAGCGATATGTAAGTTAGTGGCGGACGGGTGAGTAACGCGTGGGTAACCTGCCTTGTACTGGGGGACAACAGTTGGAAACGACTGCTAATACCGCATAAGCGCACAGCTTCGCATGAAGCAGTGTGAAAAACTCCGGTGGTACAAGATGGACCCGCGTCTGATTAGCTGGTTGGTGAGGTAACGGCCCACCAAGGCGACGATCAGTAGCCGGCCTGAGAGGGTGAACGGCCACATTGGGACTGAGACACGGCCCAA",62
"GATGAACGCTGGCGGCGTGCTTAACACATGCAAGTCGAACGAAGCACTCTATTTGATTTTCCTCGGAAATGAAGATTTTGTGACTGAGTGGCGGACGGGTGAGTAACGCGTGGGTAACCTGCCTCATACAGGGGGATAACAGTTGGAAACGACTGCTAATACCGCATAAGCGCACAGGATCGCATGATCCGGTGTGAAAAACTCCGGTGGTATGAGATGGACCCGCGTCTGATTAGCCAGTTGGCAGGGTAACGGCCTACCAAAGCGACGATCAGTAGCCGACCTGAGAGGGTGACCGGCCACATTGGGACTGAGACACGGCCCAA",88
"GACGAACGCTGGCGGCGTGCCTAACACATGCAAGTCGAACGGAGTTACTTAGGACGGAGGATTCGTCCAAAGATCTTTGTAACTTAGTGGCGAACGGGTGAGTAACGCGTGAGCAATCTGCCTCGGAGTGGGGGACAACAGTTGGAAACGACTGCTAATACCGCATAATGTGCCGGTGGGGCATCCCGCTGGTACCAAAGCTTTATGTGCTCTGAGATGAGCTCGCGTCTGATTAGATAGTTGGTGGGGTAACGGCCTACCAAGTCGACGATCAGTAGCCGGACTGAGAGGTTGAACGGCCACATTGGGACTGAGATACGGCCCAG",4
"GATGAACGCTGGCGGCGTGCTTAACACATGCAAGTCGAACGAAGCACTTTAATCGATTTCTTCGGATTGAAATTTTAGTGACTGAGTGGCGGACGGGTGAGTAACGCGTGGGTAACCTGCCTCACACAGGGGGATAACAGTTGGAAACGGCTGCTAATACCGCATAAGCGCACAGTACCGCATGGTACAGTGTGAAAAACTCCGGTGGTGTGAGATGGACCCGCGTCTGATTAGCTAGTTGGCAGGGCAACGGCCTACCAAGGCGACGATCAGTAGCCGACCTGAGAGGGTGACCGGCCACATTGGGACTGAGACACGGCCCAA",80
"GATGAACGCTGGCGGCGTGCTTAACACATGCAAGTCGAACGGGAATTACTTTATTGAAACTTCGGTCGATTTAATTTAATTCTAGTGGCGGACGGGTGAGTAACGCGTGGGTAACCTGCCTTGTACAGGGGGATAACAGTCAGAAATGACTGCTAATACCGCATAAGCGCACAGGACCGCATGGTCCGGTGTGAAAAACTCCGGTGGTATAAGATGGACCCGCGTTGGATTAGCTAGTTGGCAGGGTAACGGCCTACCAAGGCGACGATCCATAGCCGGCCTGAGAGGGTGAACGGCCACATTGGGACTGAGACACGGCCCAG",22
"GATGAACGCTGGCGGCGTGCTTAACACATGCAAGTCGAGCGAAGCACTTTGCTTTGATTTCTTCGGGATGAAGAGCTTAGTGACTGAGCGGCGGACGGGTGAGTAACGCGTGGGTAACCTGCCTCATACAGGGGGATAACAGTTAGAAATGACTGCTAATACCGCATAAGGCCACAGCACCGCATGGTGCAGGGGTAAAAACTCCGGTGGTATGAGATGGACCCGCGTCTGATTAGGTAGTTGGCGGGGTAACGGCCCACCAAGCCGACGATCAGTAGCCGACCTGAGAGGGTGACCGGCCACATTGGGACTGAGACACGGCCCAA",59
"GATGAACGCTGGCGGCGTGCCTAACACATGCAAGTCGAACGAGGTATTTTGATTGAAGTTTTCGGATGGATTTCAAGATACCGAGTGGCGGACGGGTGAGTAACGCGTGGGTAACCTGCCTCATACAGGGGGATAACGGTTAGAAATGACTGCTAATACCGCATAAGCGCACAGTACCGCATGGTACGGTGTGAAAAACTCCGGTGGTATGAGATGGACCCGCGTCTGATTAGCTAGTTGGTGGGGTAACGGCCCACCAAGGCGACGATCAGTAGCCGACCTGAGAGGGTGACCGGCCACATTGGGACTGAGACACGGCCCAG",77
"GATGAACGCTGGCGGCGTGCTTAACACATGCAAGTCGAGCGAAGCGCTTAAGTTTGATTCTTCGGATGAAGACTTTTGTGACTGAGCGGCGGACGGGTGAGTAACGCGTGGGTAACCTGCCTCATACAGGGGGATAACAGTTAGAAATGACTGCTAATACCGCATAAGACCACGGTACCGCATGGTACAGTGGTAAAAACTCCGGTGGTATGAGATGGACCCGCGTCTGATTAGGTAGTTGGTGGGGTAACGGCCTACCAAGCCGACGATCAGTAGCCGACCTGAGAGGGTGACCGGCCACATTGGGACTGAGACACGGCCCAG",56
"GATGAACGCTGGCGGCGTGCCTAATACATGCAAGTCGAACGCGAGCAGCAATGCTCGAGTGGCGAACGGGTGAGTAATACATAAGTAACCTGCCCTAGACAGGGGGATAACTGCTGGAAACGGCAGCTAAGACCGCATAGGTATGGACACTGCATGGTGACCATATTAAAAGTGCCAAGGCACTGGTAGAGGATGGACTTATGGCGCATTAGCTGGTTGGTGAGGTAACGGCTCACCAAGGCGACGATGCGTAGCCGACCTGAGAGGGTGACCGGCCACACTGGGACTGAGACACGGCCCAG",65
"GATGAACGCTGGCGGCGTGCCTAACACATGCAAGTCGAACGATGAAACCGCCCTCGGGCGGACATGAAGTGGCGAACGGGTGAGTAACACGTGACCAACCTGCCCCTTGCTCCGGGACAACCTTGGGAAACCGAGGCTAATACCGGATACTCCTCGCCCCCCTCCTGGGGGGCCCGGGAAAGCCCAGACGGCAAGGGATGGGGTCGCGGCCCATTAGGTAGTAGGCGGGGTAACGGCCCACCTAGCCCGCGATGGGTAGCCGGGTTGAGAGACCGACCGGCCACATTGGGACTGAGATACGGCCCAG",56
"GATGAACGCTGGCGGCGTGCCTAACACATGCAAGTCGAACGATGAAACCGCCCTCGGGCGGACATGAAGTGGCGAACGGGTGAGTAACACGTGACCAACCTGCCCCCCTCTCCGGGACAACCTTGGGAAACCGAGGCTAATACCGGATACTCCCTCCCCTGCTCCTGCAGGGGTCGGGAAAGCCCAGGCGGAGGGGGATGGGGTCGCGGCCCATTAGGTAGTAGGCGGGGTAACGGCCCACCTAGCCCGCGATGGGTAGCCGGGTTGAGAGACCGACCGGCCACATTGGGACTGAGATACGGCCCAG",37
"GATGAACGCTGGCGGCGTGCCTAACACATGCAAGTCGAACGAAGCACCTTACCGGATTCTTCGGATGAAAGTTTGGTGACTGAGTGGCGGACGGGTGAGTAACGCGTGGGTAACCTGCCCTGTACAGGGGGATAACAGCTGGAAACGGCTGCTAATACCGCATAAGCGCACGAGGAGACATCTCCTTGTGTGAAAAACTCCGGTGGTACAGGATGGGCCCGCGTCTGATTAGCTGGTTGGCAGGGTAACGGCCTACCAAGGCAACGATCAGTAGCCGGTCTGAGAGGATGAACGGCCACATTGGAACTGAGACACGGTCCAA",59
"GACGAACGCTGGCGGCGTGCCTAACACATGCAAGTCGAACGGGGTTACACGAGGTGCTTGCACCATGTGCAACCTAGTGGCGGACGGGTGAGTAACGCGTGAGCAACCTGCCTTTCAGAGGGGGATAACAACGGGAAACCGTTGCTAATACCGCATAATACCGGATGATGGCATCATCGACCGGTCAAAGGAGCAATCCGCTGAAAGATGGGCTCGCGTCCCATTAGGTAGTTGGTGGGGTAACGGCCTACCAAGCCGACGATGGGTAGCCGGACTGAGAGGTTGATCGGCCACATTGGAACTGAGACACGGTCCAA",30
"GATGAACGCTGGCGGCGTGCTTAACACATGCAAGTCGAGCGAAGCACTTAAGTTTGATTCTTCGGATGAAGACTTTTGTGACTGAGCGGCGGACGGGTGAGTAACGCGTGGGTAACCTGCCTCATACAGGGGGATAACAGTTAGAAATGACTGCTAATACCGCATAAGACCACGGTACCGCATGGTACAGTGGTAAAAACTCCGGTGGTATGAGATGGACCCGCGTCTGATTAGGTAGTTGGTGGGGTAACGGCCTACCAAGCCGACGATCAGTAGCCGACCTGAGAGGGTGACCGGCCACATTGGGACTGAGACACGGCCCAG",57
"GATGAACGCTGGCGGCGTGCTTAACACATGCAAGTCGAACGAAGCACTTTACCGGATTTCTTCGGAATGAAAGTTTTGTGACTGAGTGGCGGACGGGTGAGTAACGCGTGGGTAACCTGCCTCATACAGGGGGATAACAGTTAGAAATGACTGCTAATACCGCATAAGACCACAGGACCGCATGGTGCGGTGGTAAAAACTCCGGTGGTATGAGATGGACCCGCGTCTGATTAGCTAGTTGGTAAGGTAACGGCTTACCAAGGCGACGATCAGTAGCCGACCTGAGAGGGTGACCGGCCACATTGGGACTGAGACACGGCCCAA",16
"GATGAACGCTGGCGGCGTGCTTAACACATGCAAGTCGAGCGAAGCACTTAGGAAAGATTCTTCGGATGATTTCCTATTTGACTGAGCGGCGGACGGGTGAGTAACGCGTGGGTAACCTGCCTCATACAGGGGGATAACAGTTAGAAATGACTGCTAATACCGCATAAGACCACAGCACCGCATGGTGCAGGGGTAAAAACTCCGGTGGTATGAGATGGACCCGCGTCTGATTAGTTAGTTGGTGGGGTAACGGCCTACCAAGGCGACGATCAGTAGCCGACCTGAGAGGGTGACCGGCCACATTGGGACTGAGACACGGCCCAA",53
"GATGAACGCTGGCGGCGTGCCTAATACATGCAAGTCGAACGCTTTGTAAAGGAGCTTGCTTCTTTACAGGGAGTGGCGAACGGGTGAGTAATACATAAGCAATCTGCCCATCGGCCTGGGATAACAGTTGGAAACGACTGCTAATACCGGATAGGTGATGAAGAGGCATCTCTCGATCATTAAAGTTGGGATACAACACGGATGGATGAGCTTATGGCGTATTAGCTAGTAGGTGAGGTAACGGCCCACCTAGGCGATGATACGTAGCCGACCTGAGAGGGTGACCGGCCACATTGGGACTGAGACACGGCCCAA",13
"GATGAACGCTGGCGGCGTGCCTAACACATGCAAGTCGAACGAAGCGCCTTTTGAGATTCTTCGGATGATTGATCGGTGACTGAGTGGCGGACGGGTGAGTAACGCGTGGGTAACCTGCCCTGTACAGGGGGATAACAGCTGGAAACGGCTGCTAATACCGCATAAGCGCACGAGGAGACATCTCCTTGTGTGAAAAACTCCGGTGGTACAGGATGGGCCCGCGTCTGATTAGCTGGTTGGCAGGGTAACGGCCTACCAAGGCAACGATCAGTAGCCGGTCTGAGAGGATGAACGGCCACATTGGAACTGAGACACGGTCCAA",44
"GATGAACGCTGGCGGCGTGCCTAACACATGCAAGTCGAACGAAGCACCTTTTGAAATTCTTCGGATGATTGATTGGTGACTGAGTGGCGGACGGGTGAGTAACGCGTGGGTAACCTGCCCTGTACAGGGGGATAACAGCTGGAAACGGCTGCTAATACCGCATAAGCGCACGAGGAGACATCTCCTAGTGTGAAAAACTCCGGTGGTACAGGATGGGCCCGCGTCTGATTAGCTGGTTGGCAGGGTAACGGCCTACCAAGGCAACGATCAGTAGCCGGTCTGAGAGGATGAACGGCCACATTGGAACTGAGACACGGTCCAA",42
"GACGAACGCTGGCGGCGTGCCTAACACATGCAAGTCGAACGAGAATCTTTGAACAGATCTTTTCGGAGTGACGTTCAAAGAGGAAAGTGGCGGACGGGCGAGTAACGCGTGAGTAACCTGCCCATAAGAGGGGGATAATCCATGGAAACGTGGACTAATACCGCATATTGTAGTTAAGTTGCATGACTTGATTATGAAAGATTTATCGCTTATGGATGGACTCGCGTCAGATTAGATAGTTGGTGAGGTAACGGCTCACCAAGTCAACGATCTGTAGCCGAACTGAGAGGTTGATCGGCCGCATTGGGACTGAGACACGGCCCAG",40
"GATGAACGCTGGCGGCGTGCCTAACACATGCAAGTCGAGCGATTTACTTCGGTAAAGAGCGGCGGACGGGTGAGTAACGCGTGGGTAACCTGCCCTGTACACACGGATAACATACCGAAAGGTATGCTAATACGAGATAATATGCTTTTATCGCATGGTAGAAGTATCAAAGCTTTTGCGGTACAGGATGGACCCGCGTCTGATTAGCTAGTTGGTAAGGTAACGGCTTACCAAGGCGACGATCAGTAGCCGACCTGAGAGGGTGATCGGCCACATTGGAACTGAGACACGGTCCAA",39
"GATGAACGCTGGCGGCGTGCTTAACACATGCAAGTCGAGCGAAGCGCTTTTGCGGATTTCTTCGGATTGAAGCAACTGTGACTGAGCGGCGGACGGGTGAGTAACGCGTGGGTAACCTGCCTCATACAGGGGGATAACAGTTGGAAACGGCTGCTAATACCGCATAAGCGCACAGTACCGCATGGTACGGTGTGAAAAACTCCGGTGGTATGAGATGGACCCGCGTCTGATTAGGTAGTTGGTGGGGTAACGGCCTACCAAGCCGACGATCAGTAGCCGACCTGAGAGGGTGACCGGCCACATTGGGACTGAGACACGGCCCAA",39
"GACGAACGCTGGCGGCGTGCCTAACACATGCAAGTCGAACGGGGTTAGGAAAGCTTGCTTTCCGAAGCCTAGTGGCGGACGGGTGAGTAACGCGTGAGTAACCTGCCTTTCAGAGGGGAATAACGTTCTGAAAAGAACGCTAATACCGCATAACGTACAGCTTTCGCATGGAAGCAGTACCAAAGGAGCAATCCGCTGAGAGATGGACTCGCGTCCGATTAGCTAGTTGGTGGGGTAAAGGCCTACCAAGGCGACGATCGGTAGCCGGACTGAGAGGTTGAACGGCCACATTGGGACTGAGACACGGCCCAG",37
"GACGAACGCTGGCGGCGTGCTTAACACATGCAAGTCGAACGAAGCACTTTGAAGGAATTCTTCGGAAGGAATTCAATTTGACTTAGTGGCGGACGGGTGAGTAACGCGTGAGCAACCTGCCTACAAGAGGGGGACAACAGTTGGAAACGACTGCTAATACCGCATAAGACCACGCTATCGCATGGTAGAGAGGTCAAAGATTTATCGCTTGTAGATGGGCTCGCGTCTGATTAGCTAGTTGGTGAGGTAAAGGCTCACCAAGGCGACGATCAGTAGCCGACCTGAGAGGGTGATCGGCCACACTGGAACTGAGACACGGTCCAG",11
"GATGAACGCTGGCGGCGTGCTTAACACATGCAAGTCGAGCGAAGCAATTTAAGTGAAGTTTTCGGATGGATCTTAAATTGACTGAGCGGCGGACGGGTGAGTAACGCGTGGATAACCTGCCTCACACAGGGGGATAACAGTTAGAAATGACTGCTAATACCGCATAAGCGCACAGTACCGCATGGTATAGTGTGAAAAACTCCGGTGGTGTGAGATGGATCCGCGTCTGATTAGGTAGTTGGTGAGGTAACGGCCCACCAAGCCGACGATCAGTAGCCGACCTGAGAGGGTGACCGGCCACATTGGGACTGAGACACGGCCCAA",20
"GATGAACGCTGGCGGCGTGCTTAACACATGCAAGTCGAACGGGAAATACTTTATTGAAACTTCGGTGGATTTAATTTATTTCTAGTGGCGGACGGGTGAGTAACGCGTGGGTAACCTGCCTTATACCGGGGGATAACAGCCAGAAATGGCTGCTAATACCGCATAAGCGCACAGAACCGCATGGTTTGGTGTGAAAAACTCCGGTGGTATAAGATGGACCCGCGTTGGATTAGCTAGTTGGCAGGGCAGCGGCCTACCAAGGCGACGATCCATAGCCGGCCTGAGAGGGTGAACGGCCACATTGGGACTGAGACACGGCCCAG",20
"GATGAACGCTGGCGGCGTGCCTAACACATGCAAGTCGAGCGATTCTCTTCGGAGAAGAGCGGCGGACGGGTGAGTAACGCGTGGGTAACCTGCCCTGTACACACGGATAACATACCGAAAGGTATGCTAATACGGGATAACATAAGAAATTCGCATGTTTTTCTTATCAAAGCTCCGGCGGTACAGGATGGACCCGCGTCTGATTAGCTAGTTGGTGAGGTAACGGCTCACCAAGGCGACGATCAGTAGCCGACCTGAGAGGGTGATCGGCCACATTGGAACTGAGACACGGTCCAA",33
"GATGAACGCTGGCGGCGTGCTTAACACATGCAAGTCGAACGAAGATATTTAAAATGAGAGCTTCGGCAGGATTTTTATCTATCTTAGTGGCGGACGGGTGAGTAACGTGTGGGCAACCTGCCCTGTACTGGGGAATAATCATTGGAAACGATGACTAATACCGCATGTGGTCCTCGGAAGGCATCTTCTGAGGAAGAAAGGATTTATTCGGTACAGGATGGGCCCGCATCTGATTAGCTAGTTGGTGAGATAACAGCCCACCAAGGCGACGATCAGTAGCCGACCTGAGAGGGTGATCGGCCACATTGGGACTGAGACACGGCCCAA",28
"GATGAACGCTGGCGGCGTGCCTAACACATGCAAGTCGAGCGATTTACTTCGGTAAAGAGCGGCGGACGGGTGAGTAACGCGTGGGTAACCTGCCCTGTACACACGGATAACATACCGAAAGGTATGCTAATACGAGATAATATGCTTTTATCGCATGGTAGAAGTATCAAAGCTCCGGCGGTACAGGATGGACCCGCGTCTGATTAGCTAGTTGGTAAGGTAACGGCTTACCAAGGCGACGATCAGTAGCCGACCTGAGAGGGTGATCGGCCACATTGGAACTGAGACACGGTCCAA",28
"GATGAACGCTGGCGGCGTGCTTAACACATGCAAGTCGAGCGAAGCGCTTTTGCGGATTTCTTCGGATTGAAGCAACTGTGACTGAGCGGCGGACGGGTGAGTAACGCGTGGGTAACCTGCCTCATACAGGGGGATAACAGTTGGAAACGGCTGCTAATACCGCATAAGCGCACAGTACCGCATGGTACCGTGTGAAAAACTCCGGTGGTATGAGATGGACCCGCGTCTGATTAGCTAGTTGGTGGGGTAACGGCCTACCAAGGCGACGATCAGTAGCCGACCTGAGAGGGTGACCGGCCACATTGGGACTGAGACACGGCCCAA",27
"GATGAACGCTGGCGGCGTGCTTAACACATGCAAGTCGAACGGAGAACCCTTGACGGAGTTTTCGGACAACGGATAGGAATTCTTAGTGGCGGACGGGTGAGTAACGCGTGAGGAACCTGCCTTGGAGAGGGGAATAACACAGAGAAATTTGTGCTAATACCGCATAATGCAGTTGGGTCGCATGGCTCTGACTGCCAAAGATTTTATCGCTCTGAGATGGCCTCGCGTCTGATTAGCTAGTTGGTGGGGCAACGGCCCACCAAGGCGACGATCAGTAGCCGGACTGAGAGGTTGACCGGCCACATTGGGACTGAGACACGGCCCAG",26
"GATGAACGCTGGCGGCGTGCTTAACACATGCAAGTCGAGCGAAGCACCTTGACGGATTTCTTCGGATTGAAGCCTTGGTGACTGAGCGGCGGACGGGTGAGTAACGCGTGGGTAACCTGCCTCATACAGGGGGATAACAGTTGGAAACGGCTGCTAATACCGCATAAGCGCACAGTACCGCATGGTACGGTGTGAAAAACTCCGGTGGTATGAGATGGACCCGCGTCTGATTAGGTAGTTGGTGGGGTAACGGCCTACCAAGCCGACGATCAGTAGCCGACCTGAGAGGGTGACCGGCCACATTGGGACTGAGACACGGCCCAA",26
"GATGAACGCTGGCGGCGTGCCTAACACATGCAAGTCGAACGATTAAGACGGCTCCGGCCGTGAATAGAGTGGCGAACGGGTGAGTAACACGTGACCAACCTGCCCCCTACCCCGGGATAACGCAAGGAAACCTGCGCTAATACCGGATACTCCTTCCCCTGCTCCTGCAGGGGTCGGGAAAGCCCAGACGGTAGGGGATGGGGTCGCGGCCCATTAGGTAGACGGCGGGGCAACGGCCCACCGTGCCTGCGATGGGTAGCCGGGTTGAGAGACCGACCGGCCACATTGGGACTGAGATACGGCCCAG",11
"GATGAACGCTGGCGGCGTGCTTAACACATGCAAGTCGAGCGAAGCACTTAAGTTTGATTCTTCGGATGAAGACTTTTGTGACTGAGCGGCGGACGGGTGAGTAACGCGTGGGTAACCTGCCTCATACAGGGGGATAACAGTTAGAAATGGCTGCTAATACCGCATAAGACCACAGTACTGCATGGTACAGTGGTAAAAACTCCGGTGGTATGAGATGGACCCGCGTCTGATTAGGTAGTTGGTGAGGTAACGGCCCACCAAGCCGACGATCAGTAGCCGACCTGAGAGGGTGACCGGCCACATTGGGACTGAGACACGGCCCAG",25
"GATGAACGCTGGCGGCGTGCCTAACACATGCAAGTCGAACGAAGCACTTTATTACGATTTCTTCGGAATGACGATTTGGTGACTGAGTGGCGGACGGGTGAGTAACGCGTGGATAACCTGCCCCATACAGGGGGATAACAGTTAGAAATGACTGCTAATACCGCATAAGCGCACAGTATCGCATGATACGGTGTGAAAAACTCCGGTGGTATGGGATGGATCCGCGTCTGATTAGCCAGTTGGCGGGGTAGAGGCCCACCAAAGCGACGATCAGTAGCCGACCTGAGAGGGTGACCGGCCACATTGGGACTGAGACACGGCCCAA",24
"GACGAACGCTGGCGGCGCGCCTAACACATGCAAGTCGAACGAAGTTGTGTTGAAAGCTTGCTGGATATACAACTTAGTGGCGGACGGGTGAGTAACACGTGAGTAACCTGCCTCTCAGAGTGGAATAACGTTTGGAAACGAACGCTAATACCGCATAACGTGAGAAGAGGGCATCCTCTTTTTACCAAAGATTTATCGCTGAGAGATGGGCTCGCGGCCGATTAGGTAGTTGGTGAGATAACAGCCCACCAAGCCGACGATCGGTAGCCGGACTGAGAGGTTGATCGGCCACATTGGGACTGAGACACGGCCCAG",24
"GATGAACGCTGGCGGCGTGCTTAACACATGCAAGTCGAACGGGAAACCTATTATTGAAGCTTCGGCAGATTTAGTTTGTTTCTAGTGGCGGACGGGTGAGTAACGCGTGGGTAACCTGCCCTATACAGGGGGATAACAACCAGAAATGGTTGCTAATACCGCATAAGCGCACAGGACCGCATGGTCCGGTGTGAAAAACTCCGGTGGTATAGGATGGACCCGCGTTGGATTAGCTAGTTGGCAGGGTAACGGCCTACCAAGGCGACGATCCATAGCCGGCCTGAGAGGGTGAACGGCCACATTGGGACTGAGACACGGCCCAG",22
"GATGAACGCTGGCGGCGTGCTTAACACATGCAAGTCGAGCGAAGCACTTTTGATGATCCTTCGGGTGATTCATTTGTGACTGAGCGGCGGACGGGTGAGTAACGCGTGAGTAACCTGCCTCATACAGGGGAATAACAGTTAGAAATGACTGCTAATGCCGCATAAGCGCACAGGACCGCATGGTCTGGTGTGAAAAACTCCGGTGGTATGAGATGGACTCGCGTCTGATTAGCTGGTTGGTGAGGTAACGGCCCACCAAGGCGACGATCAGTAGCCGGCCTGAGAGGGTGAACGGCCACATTGGGACTGAGACACGGCCCAA",21
"GATGAACGCTGGCGGCGTGCTTAACACATGCAAGTCGAGCGGAGATATTTAGAAAGCTTGCTTTTTGAATATCTTAGCGGCGGACGGGTGAGTAACGTGTGGGCAACCTGCCTCATACAGAGGGATAATCATGTGAAAACGTGACTAATACCGCATGTCATTACCGGAGGGCATCCTCCGGTAAGAAAAGGAGCAATCCGGTATGAGATGGGCCCGCATCTGATTAGCTAGTTGGTGAGATAACAGCCCACCAAGGCGACGATCAGTAGCCGACCTGAGAGGGTGATCGGCCACATTGGGACTGAGACACGGCCCAA",20
"GATGAACGCTGGCGGCGTGCTTAACACATGCAAGTCGAACGAAGAGTTATTAAATGAGAGCTTCGGCAGGAATTTAATAACTCTTAGTGGCGGACGGGTGAGTAACGTGTGGGCAACCTGCCTTATACTGGGGAATAATCACTGGAAACGGTGACTAATACCGCATAATGTCTTTTTACGGCATCGTAAGAAGAAGAAAGGAGCAATCCGGTAAAAGATGGGCCCGCATCTGATTAGCTAGTTGGTGAGATAACAGCCCACCAAGGCGACGATCAGTAGCCGACCTGAGAGGGTGATCGGCCACATTGGGACTGAGACACGGCCCAA",19
"GATGAACGCTGGCGGCATGCCTAATACATGCAAGTCGAACGGAGGAATCGAGAAAGCTTGCTTTTTTGAGGAATCAGTGGCGAACGGGTGAGTAACACGTAGGTAACCTGCCCAGATCACGGGGATAACGGTTGGAAACGACAGCTAAGACCGGATAGGTGGTGACGAGGCATCTTGTCATCATGAAAAGAGCTGAAAGGCTCTGGAGCTGGATGGACCTGCGGCGCATTAGCTAGTTGGTGAGGGTAACGGCCCACCAAGGCGATGATGCGTAGCCGGCCTGAGAGGGTGCACGGCCACATTGGGACTGAGACACGGCCCAA",18
"GACGAACGCTGGCGGCGTGCCTAACACATGCAAGTCGAACGAGAATCTTTGAACAGAACTTTTCGGAGTGACGTTCAAAGAGGAAAGTGGCGGACGGGCGAGTAACGCGTGAGTAACCTGCCCATAAGAGGGGGATAATCCATGGAAACGTGGACTAATACCGCATATTGTAATTAAGTTGCATGACTTGATTATGAAAGATTTATCGCTTATGGATGGACTCGCGTCAGATTAGATAGTTGGTGAGGTAACGGCTCACCAAGTCAACGATCTGTAGCCGAACTGAGAGGTTGATCGGCCGCATTGGGACTGAGACACGGCCCAG",17
"GATGAACGCTAGCTACAGGCTTAACACATGCAAGTCGAGGGGCAGCATGGTCTTAGCTTGCTAAGGCCGATGGCGACCGGCGCACGGGTGAGTAACACGTATCCAACCTGCCGTCTACTCTTGGACAGCCTTCTGAAAGGAAGATTAATACAAGATGGCATCATGAGTCCGCATGTTCACATGATTAAAGGTATTCCGGTAGACGATGGGGATGCGTTCCATTAGATAGTAGGCGGGGTAACGGCCTACCAAGGCAACGACCAGTAGCCGGTCTGAGAGGATGAACGGCCACATTGGAACTGAGACACGGTCCAA",15
"GATGAACGCTGGCGGCGTGCCTAACACATGCAAGTCGAACGGGGTTATTTTGGAAATCTCTTCGGAGATGGAATTCTTAACCTAGTGGCGGACGGGTGAGTAACGCGTGAGCAATCTGCCTTTAGGAGGGGGATAACAGTCGGAAACGGCTGCTAATACCGCATAATACGTTTGGGGGGCATCTCTTGAACGTCAAAGATTTTATCGCCTTTAGATGAGCTCGCGTCTGATTAGCTGGTTGGCGGGGTAACGGCCCACCAAGGCGACGATCAGTAGCCGGACTGAGAGGTTGAACGGCCACATTGGGACTGAGACACGGCCCAG",9
"AACGAACGCTGGCGGCGTGGATAAGACATGCAAGTCGAACGGGAGAATTGCTAGCTTGCTAATAATTCTCTAGTGGCGCACGGGTGAGTAACACGTGAGTAACCTGCCTCTTAGTGGGGGATAGCCCTGGGAAACCGGGATTAATACCGCATACGATTGAAAGATCAAAGCAGCAATGCGCTAGGAGATGGGCTCGCGGCCTATTAGTTAGTTGGTGAGGTAACGGCTCACCAAGGCGATGACGGGTAGCCGGTCTGAGAGGATGTCCGGCCACACTGGAACTGAGACACGGTCCAG",2
"GATGAACGCTGGCGGCGTGCTTAACACATGCAAGTCGAACGAAGCGCCTTGAATTGATTTCTTCGGATTGATTTTCTTGGCGACTGAGTGGCGGACGGGTGAGTAACGCGTGGGTAACCTGCCTCATACAGGGGGATAACAGTTAGAAATGACTGCTAATACCGCATAAGCGCACGATACCGCATGGTATTGTGTGAAAAACTCCGGTGGTATGAGATGGACCCGCGTCTGATTAGCTTGTTGGCGGGGTAACGGCCCACCAAGGCGACGATCAGTAGCCGACCTGAGAGGGTGATCGGCCACATTGGGACTGAGACACGGCCCAA",14
"GATGAACGCTGGCGGCGTGCTTAACACATGCAAGTCGAACGAAGCAGCTTTAAAGAGACCTTCGGGTGGAATTAAAGGTGACTGAGTGGCGGACGGGTGAGTAACGCGTGGGTAACCTGCCTCATACAGGGGGATAACAGTTAGAAATGACTGCTAATACCGCATAAGCGCACAGGATCGCATGGTCTGGTGTGAAAAACTCCGGTGGTATGAGATGGACCCGCGTCTGATTAGGTAGTTGGTGAGGTAACGGCTCACCAAGCCGACGATCAGTAGCCGACCTGAGAGGGTGATCGGCCACATTGGGACTGAGACACGGCCCAA",14
"GATGAACGCTGGCGGCGTGCTTAACACATGCAAGTCGAACGAAGCTGCTTAACTGATCTTCTTCGGAATTGACGTTTTGTAGACTGAGTGGCGGACGGGTGAGTAACGCGTGGGTAACCTGCCCTGTACAGGGGGATAACAGTCAGAAATGACTGCTAATACCGCATAAGACCACAGCACCGCATGGTGCAGGGGTAAAAACTCCGGTGGTACAGGATGGACCCGCGTCTGATTAGCTGGTTGGTGAGGTAACGGCTCACCAAGGCGACGATCAGTAGCCGGCTTGAGAGAGTGAACGGCCACATTGGGACTGAGACACGGCCCAA",13
"GACGAACGCTGGCGGCGTGCTTAACACATGCAAGTCGAACGAAGCTTAATGACGGAAGTTTTCGGACAGAAGACATTAAGACTTAGTGGCGGACGGGTGAGTAACGCGTGAGCAACCTGCCTACAAGAGGGGGACAACAGTTGGAAACGACTGCTAATACCGCATAAGCCCACGTATTCGCATGGATATGAGGGAAAAGATTTATCGCTTGTAGATGGGCTCGCGTCCTATTAGCTAGTTGGTGAGGTAACGGCTCACCAAGGCGACGATAGGTAGCCGACCTGAGAGGGTGATCGGCCACACTGGAACTGAGACACGGTCCAG",12
"GATGAACGCTGGCGGCGTGCTTAACACATGCAAGTCGAACGAAGCACTTTTACAGATTTCTTCGGAATGAAGTTTTAGTGACTGAGTGGCGGACGGGTGAGTAACGCGTGGGTAACCTGCCTCACACAGGGGGATAACAGTTGGAAACGGCTGCTAATACCGCATAAGCGCACAGTACCGCATGGTACAGTGTGAAAAACTCCGGTGGTGTGAGATGGACCCGCGTCTGATTAGCTAGTTGGCAGGGCAACGGCCTACCAAGGCGACGATCAGTAGCCGACCTGAGAGGGTGACCGGCCACATTGGGACTGAGACACGGCCCAA",11
"GATGAACGCTGGCGGCGTGCTTAACACATGCAAGTCGAGCGAAGCACTTGCCATTGACTCTTCGGAAGATTTGGCATTTGACTGAGCGGCGGACGGGTGAGTAACGCGTGGGTAACCTGCCTCATACAGGGGAATAACAGTTAGAAATGGCTGCTAATGCCGCATAAGCGCACAGGACCGCATGGTCTGGTGTGAAAAACTGAGGTGGTATGAGATGGGCCCGCGTCTGATTAGGTAGTTGGCGGGGTAACGGCCCACCAAGCCGACGATCAGTAGCCGACCTGAGAGGGTGACCGGCCACATTGGGACTGAGACACGGCCCAG",10
"GATGAACGCTGGCGGCGTGCCTAACACATGCAAGTCGAGCGAGAAGCTTTGAACTGACGCTTCGGTTGATGATCAAAGTGGAAAGCGGCGGACGGGTGAGTAACGCGTAGGCAACCTGCCCTTTGCAGAGGGATAGCCTCGGGAAACCGGGATTAAAACCTCATAACGCACAACTGAGACATCTTGGATGTGCCAAAGATTTATCGGCAGAGGATGGGCCTGCGTCTGATTAGTTAGTTGGTGGGGTAACGGCCTACCAAGGCGACGATCAGTAGCCGACCTGAGAGGGTGATCGGCCACATTGGAACTGAGACACGGTCCAA",9
"GACGAACGCTGGCGGCGCGCCTAACACATGCAAGTCGAACGGAGTTATATTGGCAGAAGTTTTCGGACGGACGCGGATATAACTTAGTGGCGAACGGGTGAGTAACACGTGAGCAACCTACCCTTCAGAGGGGGACAACAGTTGGAAACGACTGCTAATACCGCATAAGACCACGGTGTGGCATCACACAGAGGTCAAAGGAGAAATCCGCTGAAGGATGGGCTCGCGTCCAATTAGCTAGATGGTGAGGTAACGGCCCACCATGGCGACGATTGGTAGCCGGACTGAGAGGTTGATCGGCCACATTGGGACTGAGACACGGCCCAG",8
"GATGAACGCTGGCGGCGTGCTTAACACATGCAAGTCGAACGGGAAATATCTTATTGAAACTTCGGTAGATTTAATTTATTTCTAGTGGCGGACGGGTGAGTAACGCGTGGGTAACCTGCCTTATACCGGGGGATAACAGCCAGAAATGGCTGCTAATACCGCATAAGCGCACGGAGGCGCATGCCTCTGTGTGAAAAACTCCGGTGGTATAAGATGGACCCGCGTTGGATTAGCTAGTTGGCAGGGCAGCGGCCTACCAAGGCGACGATCCATAGCCGGCCTGAGAGGGTGAACGGCCACATTGGGACTGAGACACGGCCCAG",8
"GATGAACGCTGGCGGCGTGCTTAATACATGCAAGTCGAGCGAAGCGCTTTAACGGAATTCTTCGGAAGGAAGATAAAGTGACTGAGCGGCGGACGGGTGAGTAACGCGTGGGTAACCTGCCTCATACAGGGGGATAACAGTTAGAAATGGCTGCTAATACCGCATAAGCGCACAGGACCGCATGGTCTGGTGTGAAAAACTCCGGTGGTATGGGATGGACCCGCGTTGGATTAGGTAGTTGGTGGGGTAACGGCCTACCAAGCCGACGATCCATAGCCGGCCTGAGAGGGTGGACGGCCACATTGGGACTGAGACACGGCCCAG",7
"GATGAACGCTGGCGGCGTGCCTAATACATGCAAGTCGAACGCACTGATTTTATCAGTGAGTGGCGAACGGGTGAGTAATACATAAGTAACCTGCCCTCATGAGGGGGATAACTATTAGAAATGATAGCTAAGACCGCATAGGTGAAGGGGTCGCATGACCGCTTCATTAAATATCCGTATGGATAGCAGGAGGATGGACTTATGGCGCATTAGCTGGTTGGTGAGGTAACGGCTCACCAAGGCGACGATGCGTAGCCGACCTGAGAGGGTGGACGGCCACACTGGGACTGAGACACGGCCCAG",6
"GATGAACGCTGGCGGCGTGCCTAATACATGCAAGTAGAACGCTGAAGCTTGGTGCTTGCACCGAGCGGATGAGTTGCGAACGGGTGAGTAACGCGTAGGTAACCTGCCTCTTAGCGGGGGATAACTATTGGAAACGATAGCTAATACCGCATAAAAGTCGATATCGCATGATATTGATTTGAAAGGTGCAATTGCATCACTAAGAGATGGACCTGCGTTGTATTAGCTAGTTGGTGAGGTAACGGCTCACCAAGGCGACGATACATAGCCGACCTGAGAGGGTGATCGGCCACACTGGGACTGAGACACGGCCCAG",5
"GACGAACGCTGGCGGCGTGCTTATCACATGCAAGTCGAACGAAACACCTTATTTGATTTTCTTCGGAACTGAAGATTTGGTGATTGAGTGGCGGACGGGTGAGTAACGCGTGAGGAACCTGCCTTGGAGAGGGGAATAACACTCCGAAAGGAGTGCTAATACCGCATGATGCAGTTGGGTCGCATGGCTCTGACTGCCAAAGATTTATCGCTCTGAGATGGCCTCGCGTCTGATTAGCTAGTAGGCGGGGTAACGGCCCACCTAGGCGACGATCAGTAGCCGGACTGAGAGGTTGACCGGCCACATTGGGACTGAGACACGGCCCAG",3
"GACGAACGCTGGCGGCGTGCCTAACACATGCAAGTCGAACGGAGTCATATCCGACACGGAGTCCTCTGGGAAAAGGAAAAGAACCGGCGTCCAAGCGCGGACGGCGTGCGGGAAAAGGGGAAGCGAAGAAGAAAGAAGCGCTTCACGCCTTTTAAACGTGACTGACAGAGAGAGGATTGCGTGTTGGATATGACTTAGTGGCGGACGGGCGAGTAACGCGTGAGCAACCTGCCCTTGAGTGGGGAACAACGGCTGGAAACGGCCGCTAATACCGCATAACGTGTGGAGTCCGCATGGACATCACACCAAAGGAGCAATTCGCTGAAGGATGGGCTCGCGTCCGATTAGCTAGTTGGCGGGGTAACGGCCCACCAAGGCGACGATCGGTAGCCGAACTGAGAGGTTGATCGGCCGCATTGGGACTGAGACACGGCCCAG",2
"GACGAACGCTGGCGGCGTGCTTAACACATGCAAGTCGAACGGAGCACCCTTGACTGAGGTTTCGGCCAAATGATAGGAATGCTTAGTGGCGGACTGGTGAGTAACGCGTGAGGAACCTGCCTTCCAGAGGGGGACAACAGTTGGAAACGACTGCTAATACCGCATAAGCGCACAGCACCGCATGGTGCAGTGTGAAAAGCTCCGGCGGTGTGAGATGGATCCGCGTCTGATTAGGCAGTTGGCGGGGTAGAGGCCCACCAAACCGACGATCAGTAGCCGACTTGAGAGAGTGATCGGCCACATTGGGACTGAGACACGGCCCAA",2
