"","SRR12968038"
"GATGAACGCTGGCGGCGTGCCTAACACATGCAAGTCGAACGAAGCAATTAAGATGAAGTTTTCGGATGGAATCTTGATTGACTGAGTGGCGGACGGGTGAGTAACGCGTGGATAACCTGCCTCACACTGGGGGATAACAGTTAGAAATGACTGCTAATACCGCATAAGCGCACAGTGCCGCATGGCAGTGTGTGAAAAACTCCGGTGGTGTGAGATGGATCCGCGTCTGATTAGCCAGTTGGCGGGGTAACGGCCCACCAAAGCGACGATCAGTAGCCGACCTGAGAGGGTGACCGGCCACATTGGGACTGAGACACGGCCCAA",1314
"GATGAACGCTAGCTACAGGCTTAACACATGCAAGTCGAGGGGCAGCATTTCAGTTTGCTTGCAAACTGGAGATGGCGACCGGCGCACGGGTGAGTAACACGTATCCAACCTGCCGATAACTCGGGGATAGCCTTTCGAAAGAAAGATTAATACCCGATGGTATAATTAGACCGCATGGTCTAATTATTAAAGAATTTCGGTTATCGATGGGGATGCGTTCCATTAGGCAGTTGGTGAGGTAACGGCTCACCAAACCTTCGATGGATAGGGGTTCTGAGAGGAAGGTCCCCCACATTGGAACTGAGACACGGTCCAA",1144
"GACGAACGCTGGCGGCGTGCCTAACACATGCAAGTCGAACGAAGACCATAGAGGAGCTTGCTTTAATATGGTTTTAGTGGCGGACGGGTGAGTAACGCGTGAGGACTTGTCGAGTACAGGGGGACAACAGGTGGAAACGTCTGCTAATACCCCATAAGCCTTATGGTAAAAGGAGCGATCCGGTACACGAGAGACTCGCGTTCTATCAGCTAGTAGGTGGGGTAACGGCCCACCCAGGCCAAGACGGATAGCCGGACTGAGAGGTCGATCGGCCACACTGGAACTGAGACACGGTCCAG",852
"GATGAACGCTAGCTACAGGCTTAACACATGCAAGTCGAGGGGCAGCATTTCAGTTTGCTTGCAAACTGGAGATGGCGACCGGCGCACGGGTGAGTAACACGTATCCAACCTGCCGATAACTCGGGAATAGCCTTTCGAAAGAAAGATTAATACCCGATGGTATAATCAGACCGCATGGTCTTGTTATTAAAGAATTTCGGTTATCGATGGGGATGCGTTCCATTAGGCAGTTGGTGAGGTAACGGCTCACCAAACCTTCGATGGATAGGGGTTCTGAGAGGAAGGTCCCCCACATTGGAACTGAGACACGGTCCAA",925
"GATGAACGCTAGCTACAGGCTTAACACATGCAAGTCGAGGGGCATCATTTCAGTTTGCTTGCAAACTGGAGATGGCGACCGGCGCACGGGTGAGTAACACGTATCCAACCTGCCGATAACTCGGGGATAGCCTTTCGAAAGAAAGATTAATACCCGATGGTATAATCAGACCGCATGGTCTTGTTATTAAAGAATTTCGGTTATCGATGGGGATGCGTTCCATTAGGCAGTTGGTGAGGTAACGGCTCACCAAACCTTCGATGGATAGGGGTTCTGAGAGGAAGGTCCCCCACATTGGAACTGAGACACGGTCCAA",754
"GATGAACGCTAGCTACAGGCTTAACACATGCAAGTCGAGGGGCAGCAGGATCTAGCAATAGATTGCTGGCGACCGGCGCACGGGTGAGTAACACGTATCCAACCTGCCGATAACTCGGGGATAGCCTTTCGAAAGAAAGATTAATACCCGATGGTATAATTAGACCGCATGGTCTTATTATTAAAGAATTTCGGTTATCGATGGGGATGCGTTCCATTAGGCAGTTGGTGAGGTAACGGCTCACCAAACCTTCGATGGATAGGGGTTCTGAGAGGAAGGTCCCCCACATTGGAACTGAGACACGGTCCAA",628
"GACGAACGCTGGCGGCGTGCTTAACACATGCAAGTCGAACGAGAAGAGATGAGAAGCTTGCTTCTTATCAATTCGAGTGGCAAACGGGTGAGTAACGCGTAAGCAACCTGCCCTTCAGATGGGGACAACAGCTGGAAACGGCTGCTAATACCGAATACGTTCTTTCCGCCGCATGACGGGATGAAGAAAGGGAGGCCTTCGGGCTTTCGCTGGAGGAGGGGCTTGCGTCTGATTAGCTAGTTGGAGGGGTAACGGCCCACCAAGGCGACGATCAGTAGCCGGTCTGAGAGGATGAACGGCCACATTGGGACTGAGACACGGCCCAG",2847
"GATGAACGCTGGCGGCGTGCCTAACACATGCAAGTCGAACGAAGCGATTAAGATGAAGTTTTCGGATGGAATCTTGATTGACTGAGTGGCGGACGGGTGAGTAACGCGTGGATAACCTGCCTCACACTGGGGGATAACAGTTAGAAATGACTGCTAATACCGCATAAGCGCACAGTGCCGCATGGCAGTGTGTGAAAAACTCCGGTGGTGTGAGATGGATCCGCGTCTGATTAGCCAGTTGGCGGGGTAACGGCCCACCAAAGCGACGATCAGTAGCCGACCTGAGAGGGTGACCGGCCACATTGGGACTGAGACACGGCCCAA",342
"GATGAACGCTGACAGAATGCTTAACACATGCAAGTCTACTTGATCCTTTGGGTGAAGGTGGCGGACGGGTGAGTAACGCGTAAAGAACTTGCCTTACAGACTGGGACAACATTTGGAAACGAATGCTAATACCGGATATTATGATTGGGTCGCATGATCTGGTTATGAAAGCTATATGCGCTGTGAGAGAGCTTTGCGTCCCATTAGTTAGTTGGTGAGGTAACGGCTCACCAAGACGATGATGGGTAGCCGGCCTGAGAGGGTGAACGGCCACAAGGGGACTGAGACACGGCCCTT",2152
"ATTGAACGCTGGCGGCAGGCCTAACACATGCAAGTCGAACGGTAACAGGAATCAGCTTGCTGATTTGCTGACGAGTGGCGGACGGGTGAGTAATGTCTGGGAAACTGCCTGATGGAGGGGGATAACTACTGGAAACGGTAGCTAATACCGCATAACGTCGCAAGACCAAAGAGGGGGACCTTCGGGCCTCTTGCCATCGGATGTGCCCAGATGGGATTAGCTAGTAGGTGGGGTAACGGCTCACCTAGGCGACGATCCCTAGCTGGTCTGAGAGGATGACCAGCCACACTGGAACTGAGACACGGTCCAG",4617
"ATTGAACGCTGGCGGCAGGCCTAACACATGCAAGTCGAACGGTAACAGAAATCAGCTTGCTGATTTGCTGACGAGTGGCGGACGGGTGAGTAATGTCTGGGAAACTGCCTGATGGAGGGGGATAACTACTGGAAACGGTAGCTAATACCGCATAACGTCGCAAGACCAAAGAGGGGGACCTTCGGGCCTCTTGCCATCGGATGTGCCCAGATGGGATTAGCTAGTAGGTGGGGTAACGGCTCACCTAGGCGACGATCCCTAGCTGGTCTGAGAGGATGACCAGCCACACTGGAACTGAGACACGGTCCAG",3803
"GATGAACGCTAGCGGCAGGCCTAACACATGCAAGTCGAGGGGCATCACGAGGTAGCAATACTTTGGTGGCGACCGGCGCACGGGTGCGTAACGCGTATGTAACCTACCTATAACAGGGGCATAACACTGAGAAATTGGTACTAATTCCCCATAATATTCGGAGAGGCATCTCTCCGGGTTGAAAACTCCGGTGGTTATAGATGGACATGCGTTGTATTAGCTAGTTGGTGAGGTAACGGCTCACCAAGGCAACGATACATAGGGGGACTGAGAGGTTAACCCCCCACACTGGTACTGAGACACGGACCAG",1867
"GATGAACGCTGACAGAATGCTTAACACATGCAAGTCTACTTAATCCTTCGGGTGAAGGTGGCGGACGGGTGAGTAACGCGTAAAGAACTTGCCTTACAGACTGGGACAACATTTGGAAACGAATGCTAATACCGGATATTATGATTGGGTCGCATGATCTGGTTATGAAAGCTATATGCGCTGTGAGAGAGCTTTGCGTCCCATTAGTTAGTTGGTGAGGTAACGGCTCACCAAGACGATGATGGGTAGCCGGCCTGAGAGGGTGAACGGCCACAAGGGGACTGAGACACGGCCCTT",1066
"GACGAACGCTGGCGGTATGCTTAACACATGCAAGTCGAACGAGAAAGTTTTGAATGATCCTTCGGGTGAAATTAGAACTGGAAAGTGGCGAACGGGTGAGTAACGCGTGGGTAACCTGCCCTATGGAAAGGAATAGCCTCGGGAAACTGGGAGTAAAGCCTTATATTATGGTTTTGTCGCATGGCAAGATCATGAAAACTCCGGTGCCATAGGATGGACCCGCGTCCCATTAGCTAGTTGGTGAGATAACAGCCCACCAAGGCGACGATGGGTAACCGGTCTGAGAGGGCGAACGGTCACACTGGAACTGAGACACGGTCCAG",13
"GATGAACGCTGGCGGCGTGCCTAACACATGCAAGTCGAGCGAAGCACTTTGCTTAGATTCTTCGGATGAAGAGGATTGTGACTGAGCGGCGGACGGGTGAGTAACGCGTGGGTAACCTGCCTCATACAGGGGGATAACAGTTAGAAATGACTGCTAATACCGCATAAGACCACAGCACCGCATGGTGCGGGGGTAAAAACTCCGGTGGTATGAGATGGACCCGCGTCTGATTAGCTAGTTGGTAAGGTAACGGCTTACCAAGGCGACGATCAGTAGCCGACCTGAGAGGGTGACCGGCCACATTGGGACTGAGACACGGCCCAA",378
"ATTGAACGCTGGCGGCAGGCCTAACACATGCAAGTCGAACGGTAACAGGAAGCAGCTTGCTGCTTTGCTGACGAGTGGCGGACGGGTGAGTAATGTCTGGGAAACTGCCTGATGGAGGGGGATAACTACTGGAAACGGTAGCTAATACCGCATAACGTCGCAAGACCAAAGAGGGGGACCTTCGGGCCTCTTGCCATCGGATGTGCCCAGATGGGATTAGCTAGTAGGTGGGGTAACGGCTCACCTAGGCGACGATCCCTAGCTGGTCTGAGAGGATGACCAGCCACACTGGAACTGAGACACGGTCCAG",1978
"ATTGAACGCTGGCGGCAGGCCTAACACATGCAAGTCGAACGGTAACAGGAATCAGCTTGCTGATTTGCTGACGAGTGGCGGACGGGTGAGTAATGTCTGGGAAACTGCCTGATGGAGGGGGATAACTACTGGAAACGGTAGCTAATACCGCATAACGTCGCAAGACCAAAGAGGGGGACCTTTGGGCCTCTTGCCATCGGATGTGCCCAGATGGGATTAGCTAGTAGGTGGGGTAACGGCTCACCTAGGCGACGATCCCTAGCTGGTCTGAGAGGATGACCAGCCACACTGGAACTGAGACACGGTCCAG",1716
"GACGAACGCTGGCGGCGTGCTTAACACATGCAAGTCGAACGAGAAGAGATGAGAAGCTTGCTTCTTATCAATTCGAGTGGCAAACGGGTGAGTAACGCGTAAGCAACCTGCCCTTCAGATGGGGACAACAGCTGGAAACGGCTGCTAATACCGAATACGTTCTTTCCGCCGCATGACGGAATGAAGAAAGGGAGGCCTTCGGGCTTTCGCTGGAGGAGGGGCTTGCGTCTGATTAGCTAGTTGGAGGGGTAACGGCCCACCAAGGCGACGATCAGTAGCCGGTCTGAGAGGATGAACGGCCACATTGGGACTGAGACACGGCCCAG",659
"GACGAACGCTGGCGGCGTGCTTAACACATGCAAGTCGAACGAGAAGAGATGAGAAGCTTGCTTCTTATCAATTCGAGTGGCAAACGGGTGAGTAACGCGTAAGCAACCTGCCCTTCAGATGGGGACAACAGCTGGAAACGGCTGCTAATACCGAATACGTTCTTTCCGCCGCATGACGGGATGAAGAAAGGGAGGCCTTCGGGCTTTCGCTGGAGGAGGGGCTTGCGTCTGATTAGCTGGTTGGAGGGGTAACGGCCCACCAAGGCGACGATCAGTAGCCGGTCTGAGAGGATGAACGGCCACATTGGGACTGAGACACGGCCCAG",648
"GACGAACGCTGGCGGCGTGCCTAACACATGCAAGTCGAACGGAGAATTTTATTTCGGTAGAATTCTTAGTGGCGAACGGGTGAGTAACGCGTAGGCAACCTACCCTTTAGACGGGGACAACATTCCGAAAGGAGTGCTAATACCGGATGTGATCATCGTGCCGCATGGCAGGATGAAGAAAGATGGCCTCTACAAGTAAGCTATCGCTAAAGGATGGGCCTGCGTCTGATTAGCTAGTTGGTAGTGTAACGGACTACCAAGGCGATGATCAGTAGCCGGTCTGAGAGGATGAACGGCCACATTGGGACTGAGACACGGCCCAA",1120
"GATGAACGCTAGCTACAGGCTTAACACATGCAAGTCGAGGGGCATCAGGATGTAGCAATACATTGCTGGCGACCGGCGCACGGGTGAGTAACACGTATCCAACCTGCCTTTTACTCGGGGATAGGCTTTCGAAAGAAAGATTAATACCCGATGGTATAATATTTCCGCATGGGATTATTATTAAAGAATTTCGGTAAAAGATGGGGATGCGTTCCATTAGGCAGTTGGCGGGGTAACGGCCCACCAAACCTTCGATGGATAGGGGTTCTGAGAGGAAGGTCCCCCACATTGGAACTGAGACACGGTCCAA",63
"GACGAACGCTGGCGGCGTGCCTAACACATGCAAGTCGAACGGAGAATTTTATTTCGGTAGAATTCTTAGTGGCGAACGGGTGAGTAACGCGTAGGCAACCTACCCTTTAGACGGGGACAACATTCCGAAAGGAGTGCTAATACCGGATGTGATCATCTTGCCGCATGGCAGGATGAAGAAAGATGGCCTCTACAAGTAAGCTATCGCTAAAGGATGGGCCTGCGTCTGATTAGCTAGTTGGTAGTGTAACGGACTACCAAGGCGATGATCAGTAGCCGGTCTGAGAGGATGAACGGCCACATTGGGACTGAGACACGGCCCAA",1055
"GATGAACGCTAGCTACAGGCTTAACACATGCAAGTCGAGGGGCAGCATGACCTAGCAATAGGTTGATGGCGACCGGCGCACGGGTGAGTAACACGTATCCAACCTACCGGTTATTCCGGGATAGCCTTTCGAAAGAAAGATTAATACCGGATAGCATAGCGAGAAGGCATCTTCTTGTTATTAAAGAATTTCGATAACCGATGGGGATGCGTTCCATTAGTTTGTTGGCGGGGTAACGGCCCACCAAGACATCGATGGATAGGGGTTCTGAGAGGAAGGTCCCCCACATTGGAACTGAGACACGGTCCAA",1200
"GACGAACGCTGGCGGCGTGCTTAACACATGCAAGTCGAACGAGAAGCGATGAGAAGCTTGCTTCTTATCAATTCGAGTGGCAAACGGGTGAGTAACGCGTAAGCAACCTGCCCTTCAGATGGGGACAACAGCTGGAAACGGCTGCTAATACCGAATACGTTCTTTCCGCCGCATGACGGGATGAAGAAAGGGAGGCCTTCGGGCTTTCGCTGGAGGAGGGGCTTGCGTCTGATTAGCTAGTTGGAGGGGCAACGGCCCACCAAGGCGACGATCAGTAGCCGGTCTGAGAGGATGAACGGCCACATTGGGACTGAGACACGGCCCAG",418
"GATGAACGCTAGCTACAGGCTTAACACATGCAAGTCGAGGGGCAGCATGACCTAGCAATAGGTTGATGGCGACCGGCGCACGGGTGAGTAACACGTATCCAACCTACCGGTTATTCCGGGATAGCCTTTCGAAAGAAAGATTAATACCGGATAGTATAACGAGAAGGCATCTTTTTGTTATTAAAGAATTTCGATAACCGATGGGGATGCGTTCCATTAGTTTGTTGGCGGGGTAACGGCCCACCAAGACATCGATGGATAGGGGTTCTGAGAGGAAGGTCCCCCACATTGGAACTGAGACACGGTCCAA",1061
"GATGAACGCTAGCTACAGGCTTAACACATGCAAGTCGAGGGGCAGCATGACCTAGCAATAGGTTGATGGCGACCGGCGCACGGGTGAGTAACACGTATCCAACCTACCGGTTATTCCGGGATAGCCTTTCGAAAGAAAGATTAATACCGGATAGTATAACGAGAAGGCATCTTCTTGTTATTAAAGAATTTCGATAACCGATGGGGATGCGTTCCATTAGTTTGTTGGCGGGGTAACGGCCCACCAAGACATCGATGGATAGGGGTTCTGAGAGGAAGGTCCCCCACATTGGAACTGAGACACGGTCCAA",1060
"GATGAACGCTAGCTACAGGCTTAACACATGCAAGTCGAGGGGCAGCATGACCTAGCAATAGGTTGATGGCGACCGGCGCACGGGTGAGTAACACGTATCCAACCTACCGGTTATTCTGGGATAGCCTTTCGAAAGAAAGATTAATACCGGATAGTATAACGAGAAGGCATCTTTTTGTTATTAAAGAATTTCGATAACCGATGGGGATGCGTTCCATTAGTTTGTTGGCGGGGTAACGGCCCACCAAGACATCGATGGATAGGGGTTCTGAGAGGAAGGTCCCCCACATTGGAACTGAGACACGGTCCAA",927
"ATTGAACGCTGGCGGCATGCCTTACACATGCAAGTCGAACGGTAACAGGTCTTCGGACGCTGACGAGTGGCGAACGGGTGAGTAATACATCGGAACGTGCCCAGTCGTGGGGGATAACTACTCGAAAGAGTAGCTAATACCGCATACGATCTGAGGATGAAAGCGGGGGACCTTCGGGCCTCGCGCGATTGGAGCGGCCGATGGCAGATTAGGTAGTTGGTGGGATAAAAGCTTACCAAGCCGACGATCTGTAGCTGGTCTGAGAGGACGACCAGCCACACTGGGACTGAGACACGGCCCAG",954
"GATGAACGCTGGCGGCGTGCCTAACACATGCAAGTCGAGCGAAGCACTTTGCTTAGATTCTTCGGATGAAGAGGATTGTGACTGAGCGGCGGACGGGTGAGTAACGCGTGGGTAACCTGCCTCGTACAGGGGGATAACAGTTAGAAATGACTGCTAATACCGCATAAGACCACAGCACCGCATGGTGCAGGGGTAAAAACTCCGGTGGTATGAGATGGACCCGCGTCTGATTAGCTAGTTGGTAAGGTAACGGCTTACCAAGGCGACGATCAGTAGCCGACCTGAGAGGGTGACCGGCCACATTGGGACTGAGACACGGCCCAA",134
"GACGAACGCTGGCGGCGTGCTTAACACATGCAAGTCGAACGAGAAGAGATGAGAAGCTTGCTTCTTATCAATTCGAGTGGCAAACGGGTGAGTAACGCGTAAGCAACCTGCCCTTCAGATGGGGACAACAGCTGGAAACGGCTGCTAATACCGAATACGTTCTTTCCGCCGCATGACGGGATGAAGAAAGGGAGGCCTTCGGGCTTTCGCTGGAGGAGGGGCTTGCGTCTGATTAGCTAGTTGGAGGGGCAACGGCCCACCAAGGCGACGATCAGTAGCCGGTCTGAGAGGATGAACGGCCACATTGGGACTGAGACACGGCCCAG",320
"ATTGAACGCTGGCGGCGTGCTTAACACATGCAAGTCGAACGTGAAAGTCCTTCGGGACGAGTAAAGTGGCGCACGGGTGAGTAACGCGTGGATAATCTACCCTTAAGATGGGGATAACGGCTGGAAACGGTCGCTAATACCGAATACGCTCCCGATTTTATCATTGGGGGGAAAGATGGCCTCTGCTTGCAAGCTATCGCTTAAGGATGAGTCCGCGTCCCATTAGCTAGTTGGCGGGGTAACAGCCCACCAAGGCAACGATGGGTAGCCGGTCTGAGAGGATGACCGGCCACACTGGAACTGGAACACGGTCCAG",42
"GACGAACGCTGGCGGCGTGCTTAACACATGCAAGTCGAACGAGAAGCGATGAGAAGCTTGCTTCTTATCAATTCGAGTGGCAAACGGGTGAGTAACGCGTAAGCAACCTGCCCTTCAGATGGGGACAACAGCTGGAAACGGCTGCTAATACCGAATACGTTCTTTCCGCCGCATGACGGGATGAAGAAAGGGAGGCCTTCGGGCTTTCGCTGGAGGAGGGGCTTGCGTCTGATTAGCTAGTTGGAGGGGTAACGGCCCACCAAGGCGACGATCAGTAGCCGGTCTGAGAGGATGAACGGCCACATTGGGACTGAGACACGGCCCAG",279
"ATTGAACGCTGGCGGCAGGCCTAACACATGCAAGTCGAACGGTAGCACAGAGGAGCTTGCTCCTTGGGTGACGAGTGGCGGACGGGTGAGTAATGTCTGGGAAACTGCCCGATGGAGGGGGATAACTACTGGAAACGGTAGCTAATACCGCATAACGTCGCAAGACCAAAGAGGGGGACCTTCGGGCCTCTTGCCATCGGATGTGCCCAGATGGGATTAGCTAGTAGGTGGGGTAACGGCTCACCTAGGCGACGATCCCTAGCTGGTCTGAGAGGATGACCAGCCACACTGGAACTGAGACACGGTCCAG",424
"GATGAACGCTGGCGGCGTGCCTAACACATGCAAGTCGAACGAAGCAATCAGAATGAAATTTTCGGATGGATTTCTGGTTGACTGAGTGGCGGACGGGTGAGTAACGCGTGGATAACCTGCCTCACACTGGGGGATAACAGTTAGAAATGGCTGCTAATACCGCATAAGCGCACAGTACCGCATGGTACGGTGTGAAAAACTCCGGTGGTGTGAGATGGATCCGCGTCTGATTAGTTAGTTGGCGGGGTAACGGCCCACCAAGACAGCGATCAGTAGCCGACCTGAGAGGGTGACCGGCCACATTGGGACTGAGACACGGCCCAA",102
"GATGAACGCTAGCTACAGGCTTAACACATGCAAGTCGAGGGGCAGCATGAACTTAGCTTGCTAAGTTTGATGGCGACCGGCGCACGGGTGAGTAACACGTATCCAACCTGCCGATGACTCGGGGATAGCCTTTCGAAAGAAAGATTAATACCCGATGGCATAATTCTTCCGCATGGTAGAATTATTAAAGAATTTCGGTCATCGATGGGGATGCGTTCCATTAGGTTGTTGGCGGGGTAACGGCCCACCAAGCCTTCGATGGATAGGGGTTCTGAGAGGAAGGTCCCCCACATTGGAACTGAGACACGGTCCAA",132
"GATGAACGCTAGCTACAGGCTTAACACATGCAAGTCGAGGGGCATCAGGAAGAAAGCTTGCTTTCTTTGCTGGCGACCGGCGCACGGGTGAGTAACACGTATCCAACCTGCCCTTTACTCGGGGATAGCCTTTCGAAAGAAAGATTAATACCCGATAGTATAATGATTCCGCATGGTTTCCTTATTAAAGGATTCCGGTAAAGGATGGGGATGCGTTCCATTAGGTTGTTGGTGAGGTAACGGCTCACCAAGCCTTCGATGGATAGGGGTTCTGAGAGGAAGGTCCCCCACATTGGAACTGAGACACGGTCCAA",45
"GATGAACGCTGACAGAATGCTTAACACATGCAAGTCTACTTGATCCTTCGGGTGAAGGTGGCGGACGGGTGAGTAACGCGTAAAGAACTTGCCTTACAGACCGGGACAACATTTGGAAACGAATGCTAATACCGGATATTATGACTGGGTCGCATGATCTGGTTATGAAAGCTATATGCGCTGTGAGAGAGCTTTGCGTCCCATTAGTTAGTTGGTGAGGTAACGGCTCACCAAGACGATGATGGGTAGCCGGCCTGAGAGGGTGAACGGCCACAAGGGGACTGAGACACGGCCCTT",29
"GACGAACGCTGGCGGCGTGCCTAACACATGCAAGTCGAACGAAATTACGAAGAAAGCTTGCTTTAATCGTAATTTAGTGGCGGACGGGTGAGTAACGCGTGAGGACTTGTCGGATACAGGGGGACAACAGATGGAAACGTCTGCTAATACCCCATAAGCCTTCGGGTAAAAGGAGCAATCCGGTATCTGAGAGACTCGCGTTCTATCAGCTAGTAGGTGGGGTAACGGCCCACCTAGGCCAAGACGGATAGCCGGACTGAGAGGTCGACCGGCCACACTGGAACTGAGAGACGGTCCAG",176
"ATTGAACGCTGGCGGCAGGCCTAACACATGCAAGTCGAACGGTAGCACAAAGGAGCTTGCTCCTTGGGTGACGAGTGGCGGACGGGTGAGTAATGTCTGGGAAACTGCCCGATGGAGGGGGATAACTACTGGAAACGGTAGCTAATACCGCATAACGTCGCAAGACCAAAGAGGGGGACCTTCGGGCCTCTTGCCATCGGATGTGCCCAGATGGGATTAGCTAGTAGGTGGGGTAACGGCTCACCTAGGCGACGATCCCTAGCTGGTCTGAGAGGATGACCAGCCACACTGGAACTGAGACACGGTCCAG",245
"ATTGAACGCTGGCGGCGTGCTTAACACATGCAAGTCGAACGCGAAAGGGACTTCGGTCCTGAGTAAAGTGGCGCACGGGTGAGTAACGCGTGGATAATCTGCCCTTATGATCGGGATAACAGTTGGAAACGGCTGCTAATACCGGATACGCTCAAAATGAACTTTTTGAGGAAAGATGGCCTCTGCTTGCATGCTATCACGTAAGGATGAGTCCGCGTCCCATTAGCTTGTTGGCGGGGTAACGGCCCACCAAGGCATCGATGGGTAGCCGATTTGAGAGGATGATCGGCCACACTGGAACTGAAACACGGTCCAG",6
"GATGAACGCTAGCTACAGGCTTAACACATGCAAGTCGAGGGGCAGCATGAACTTAGCTTGCTAAGTTTGATGGCGACCGGCGCACGGGTGAGTAACACGTATCCAACCTGCCGATGACTCGGGGATAGCCTTTCGAAAGAAAGATTAATACCCGATGGCATAGTTCTTCCGCATGGTCGAACTATTAAAGAATTTCGGTCATCGATGGGGATGCGTTCCATTAGGTTGTTGGCGGGGTAACGGCCCACCAAGCCTTCGATGGATAGGGGTTCTGAGAGGAAGGTCCCCCACATTGGAACTGAGACACGGTCCAA",50
"GATGAACGCTGGCGGCGTGCCTAACACATGCAAGTCGAACGAAGCAATTTAACGGAAGTTTTCGGATGGAAGTTGAATTGACTGAGTGGCGGACGGGTGAGTAACGCGTGGGTAACCTGCCTTGTACTGGGGGACAACAGTTAGAAATGACTGCTAATACCGCATAAGCGCACAGTATCGCATGATACAGTGTGAAAAACTCCGGTGGTACAAGATGGACCCGCGTCTGATTAGCTAGTTGGTAAGGTAACGGCTTACCAAGGCGACGATCAGTAGCCGACCTGAGAGGGTGACCGGCCACATTGGGACTGAGACACGGCCCAA",12
"GATAAACGCTAGCGGCAGGCCTAACACATGCAAGTCGAGGGGCAGCGGGTGGAGTATTTCGGTACTCCTGCCGGCGACCGGCGCACGGGTGCGTAACGCGTATGCAACCTACCTTTAACAGGGGGATAATCCGAAGAAATTTGGTCTAATACCCCATAATATCATTTAAGGCATCTTAGATGGTTGAAAATTCCGATGGTTAGAGATGGGCATGCGTTGTATTAGCTAGTTGGTGAGGTAACGGCTCACCAAGGCTACGATACATAGGGGGACTGAGAGGTTTTCCCCCCACACTGGTACTGAGACACGGACCAG",54
"GATGAACGCTGGCGGCGTGCCTAACACATGCAAGTCGAACGAAGCGACTGGAGGAAGTTTTCGGATGGAATCCGGTTGACTGAGTGGCGGACGGGTGAGTAACGCGTGGATAACCTGCCTCACACTGGGGGATAACAGTTAGAAATGGCTGCTAATACCGCATAAGCGCACAGTACCGCATGGTACGGTGTGAAAAACCCAGGTGGTGTGAGATGGATCCGCGTCTGATTAGCCAGTTGGCGGGGTAACGGCCCACCAAAGCGACGATCAGTAGCCGACCTGAGAGGGTGACCGGCCACATTGGGACTGAGACACGGCCCAA",21
"ATTGAACGCTGGCGGCAGGCCTAACACATGCAAGTCGAACGGTAGCACAGAGAGCTTGCTCTCGGGTGACGAGTGGCGGACGGGTGAGTAATGTCTGGGAAACTGCCCGATGGAGGGGGATAACTACTGGAAACGGTAGCTAATACCGCATAACGTCGCAAGACCAAAGAGGGGGACCTTCGGGCCTCTTGCCATCGGATGTGCCCAGATGGGATTAGCTAGTAGGTGGGGTAACGGCTCACCTAGGCGACGATCCCTAGCTGGTCTGAGAGGATGACCAGCCACACTGGAACTGAGACACGGTCCAG",147
"AGTGAACGCTGGCGGTAGGCCTAACACATGCAAGTCGAACGGCAGCACAGAGGAGCTTGCTCCTTGGGTGGCGAGTGGCGGACGGGTGAGGAATACATCGGAATCTACTCTGTCGTGGGGGATAACGTAGGGAAACTTACGCTAATACCGCATACGACCTACGGGTGAAAGCAGGGGATCTTCGGACCTTGCGCGATTGAATGAGCCGATGTCGGATTAGCTAGTTGGCGGGGTAAAGGCCCACCAAGGCGACGATCCGTAGCTGGTCTGAGAGGATGATCAGCCACACTGGAACTGAGACACGGTCCAG",66
"ATTGAACGCTGGCGGAACGCTTTACACATGCAAGTCGAACGGTAACGCGGAGAGAAGCTTGCTTCTCTCCGGCGACGAGTGGCGAACGGGTGAGTAATACATCGGAACGTGTCCGCTCGTGGGGGACAACCAGCCGAAAGGTTGGCTAATACCGCATGAGTTCTACGGAAGAAAGAGGGGGACCCGCAAGGGCCTCTCGCGAGCGGAGCGGCCGATGACTGATTAGCCGGTTGGTGAGGTAACGGCTCACCAAAGCAACGATCAGTAGCTGGTCTGAGAGGACGACCAGCCACACTGGGACTGAGACACGGCCCAG",18
"GATGAACGCTAGCGACAGGCTTAACACATGCAAGTCGAGGGGCAGCACGGTGTAGCAATACACTGGTGGCGACCGGCGCACGGGTGAGTAACACGTGTGCAACCAACCCCGTACCGGGAGATAACCCGCGGAAACGTGGACTAACATCCCATAATACTGGAGGATCGCATGATCTTTCATTTAAAATTCCGGTGGTACGGGACGGGCACGCGCGACATTAGGTAGTTGGCGGGGTAACGGCCCACCAAGCCGACGATGTCTAGGGGTTCTGAGAGGAAGGTCCCCCACACTGGAACTGAGACACGGTCCAG",6
"GATGAACGCTGACAGAATGCTTAACACATGCAAGTCTACTTGATCCTTCGGGTGAAGGTGGCGGACGGGTGAGTAACGCGTGAGGACTTGTCGAGTACAGGGGGACAACAGGTGGAAACGTCTGCTAATACCCCATAAGCCTTCGGGTAAAAGGAGCGATCCGGTACACGAGAGACTCGCGTTCTATCAGCTAGTAGGTGGGGTAACGGCCCACCCAGGCCAAGACGGATAGCCGGACTGAGAGGTCGATCGGCCACACTGGAACTGAGACACGGTCCAG",37
"GATGAACGCTGGCGGCAGGCCTAACACATGCAAGTCGAACGGTAACAGGAATCAGCTTGCTGATTTGCTGACGAGTGGCGGACGGGTGAGTAATGTCTGGGAAACTGCCTGATGGAGGGGGATAACTACTGGAAACGGTAGCTAATACCGCATAACGTCGCAAGACCAAAGAGGGGGACCTTCGGGCCTCTTGCCATCGGATGTGCCCAGATGGGATTAGCTAGTAGGTGGGGTAACGGCTCACCTAGGCGACGATCCCTAGCTGGTCTGAGAGGATGACCAGCCACACTGGAACTGAGACACGGTCCAG",34
"GATGAACGCTGGCGGCAGGCCTAACACATGCAAGTCGAACGGTAACAGAAATCAGCTTGCTGATTTGCTGACGAGTGGCGGACGGGTGAGTAATGTCTGGGAAACTGCCTGATGGAGGGGGATAACTACTGGAAACGGTAGCTAATACCGCATAACGTCGCAAGACCAAAGAGGGGGACCTTCGGGCCTCTTGCCATCGGATGTGCCCAGATGGGATTAGCTAGTAGGTGGGGTAACGGCTCACCTAGGCGACGATCCCTAGCTGGTCTGAGAGGATGACCAGCCACACTGGAACTGAGACACGGTCCAG",32
"GATGAACGCTAGCGGCAGGCTTAACACATGCAAGTCGAGGGGCAGCATAATGGATAGCAATATCTATGGTGGCGACCGGCGCACGGGTGCGTAACGCGTATGCAACCTACCTTTAACAGGGGGATAACACTGAGAAATTGGTACTAATACCCCATAATATCATAGAAGGCATCTTTTATGGTTGAAAATTCCGATGGTTAGAGATGGGCATGCGTTGTATTAGCTAGTTGGTGGGGTAACGGCTCACCAAGGCGACGATACATAGGGGGACTGAGAGGTTAACCCCCCACACTGGTACTGAGACACGGACCAG",27
"GACGAACGCTGGCGGCGCGCCTAACACATGCAAGTCGAACGGAGACACTCTGTTCACTGAATGGTAGAAGGCGGCGGAACCAGAAAGGGAGCGTCGGTTTTCTACTGTTGAGTGAATGGAGTGTCTTAGTGGCGGACGGGTGAGTAACGCGTGAATAACCTGCCTTGCAGTGGGGAATAACACACCGAAAGGTGTGCTAATACCGCATGATGTAAGGGGAAGGCATCTTCCTCTTACCAAAGATTTATCGCTGTGAGATGGATTCGCGTCCGATTAGATAGTTGGTGAGGTAACGGCCCACCAAGTCGACGATCGGTAGCCGGACTGAGAGGTTGAACGGCCACATTGGGACTGAGACACGGCCCAG",26
"AACGAACGCTGGCGGCGTGGATAAGACATGCAAGTCGAACGGGAGAATTGCTAGCTTGCTAATAATTCTCTAGTGGCGCACGGGTGAGTAACACGTGAGTAACCTGCCTCTTAGTGGGGGATAGCCCTGGGAAACCGGGATTAATACCGCATACGATTGAAAGATCAAAGCAGCAATGCGCTAGGAGATGGGCTCGCGGCCTATTAGTTAGTTGGTGAGGTAACGGCTCACCAAGGCGATGACGGGTAGCCGGTCTGAGAGGATGTCCGGCCACACTGGAACTGAGACACGGTCCAG",2
