"","SRR12968084"
"GATGAACGCTGGCGGCGTGCCTAACACATGCAAGTCGAACGAAGCAATTAAGATGAAGTTTTCGGATGGAATCTTGATTGACTGAGTGGCGGACGGGTGAGTAACGCGTGGATAACCTGCCTCACACTGGGGGATAACAGTTAGAAATGACTGCTAATACCGCATAAGCGCACAGTGCCGCATGGCAGTGTGTGAAAAACTCCGGTGGTGTGAGATGGATCCGCGTCTGATTAGCCAGTTGGCGGGGTAACGGCCCACCAAAGCGACGATCAGTAGCCGACCTGAGAGGGTGACCGGCCACATTGGGACTGAGACACGGCCCAA",1069
"GATGAACGCTAGCTACAGGCTTAACACATGCAAGTCGAGGGGCAGCATTTCAGTTTGCTTGCAAACTGGAGATGGCGACCGGCGCACGGGTGAGTAACACGTATCCAACCTGCCGATAACTCGGGGATAGCCTTTCGAAAGAAAGATTAATACCCGATGGTATAATTAGACCGCATGGTCTAATTATTAAAGAATTTCGGTTATCGATGGGGATGCGTTCCATTAGGCAGTTGGTGAGGTAACGGCTCACCAAACCTTCGATGGATAGGGGTTCTGAGAGGAAGGTCCCCCACATTGGAACTGAGACACGGTCCAA",446
"GACGAACGCTGGCGGCGTGCCTAACACATGCAAGTCGAACGAAGACCATAGAGGAGCTTGCTTTAATATGGTTTTAGTGGCGGACGGGTGAGTAACGCGTGAGGACTTGTCGAGTACAGGGGGACAACAGGTGGAAACGTCTGCTAATACCCCATAAGCCTTATGGTAAAAGGAGCGATCCGGTACACGAGAGACTCGCGTTCTATCAGCTAGTAGGTGGGGTAACGGCCCACCCAGGCCAAGACGGATAGCCGGACTGAGAGGTCGATCGGCCACACTGGAACTGAGACACGGTCCAG",471
"GATGAACGCTAGCTACAGGCTTAACACATGCAAGTCGAGGGGCAGCATTTCAGTTTGCTTGCAAACTGGAGATGGCGACCGGCGCACGGGTGAGTAACACGTATCCAACCTGCCGATAACTCGGGAATAGCCTTTCGAAAGAAAGATTAATACCCGATGGTATAATCAGACCGCATGGTCTTGTTATTAAAGAATTTCGGTTATCGATGGGGATGCGTTCCATTAGGCAGTTGGTGAGGTAACGGCTCACCAAACCTTCGATGGATAGGGGTTCTGAGAGGAAGGTCCCCCACATTGGAACTGAGACACGGTCCAA",282
"GATGAACGCTAGCTACAGGCTTAACACATGCAAGTCGAGGGGCATCATTTCAGTTTGCTTGCAAACTGGAGATGGCGACCGGCGCACGGGTGAGTAACACGTATCCAACCTGCCGATAACTCGGGGATAGCCTTTCGAAAGAAAGATTAATACCCGATGGTATAATCAGACCGCATGGTCTTGTTATTAAAGAATTTCGGTTATCGATGGGGATGCGTTCCATTAGGCAGTTGGTGAGGTAACGGCTCACCAAACCTTCGATGGATAGGGGTTCTGAGAGGAAGGTCCCCCACATTGGAACTGAGACACGGTCCAA",261
"GATGAACGCTAGCTACAGGCTTAACACATGCAAGTCGAGGGGCAGCAGGATCTAGCAATAGATTGCTGGCGACCGGCGCACGGGTGAGTAACACGTATCCAACCTGCCGATAACTCGGGGATAGCCTTTCGAAAGAAAGATTAATACCCGATGGTATAATTAGACCGCATGGTCTTATTATTAAAGAATTTCGGTTATCGATGGGGATGCGTTCCATTAGGCAGTTGGTGAGGTAACGGCTCACCAAACCTTCGATGGATAGGGGTTCTGAGAGGAAGGTCCCCCACATTGGAACTGAGACACGGTCCAA",220
"GACGAACGCTGGCGGCGTGCTTAACACATGCAAGTCGAACGAGAAGAGATGAGAAGCTTGCTTCTTATCAATTCGAGTGGCAAACGGGTGAGTAACGCGTAAGCAACCTGCCCTTCAGATGGGGACAACAGCTGGAAACGGCTGCTAATACCGAATACGTTCTTTCCGCCGCATGACGGGATGAAGAAAGGGAGGCCTTCGGGCTTTCGCTGGAGGAGGGGCTTGCGTCTGATTAGCTAGTTGGAGGGGTAACGGCCCACCAAGGCGACGATCAGTAGCCGGTCTGAGAGGATGAACGGCCACATTGGGACTGAGACACGGCCCAG",3422
"GATGAACGCTGGCGGCGTGCCTAACACATGCAAGTCGAACGAAGCGATTAAGATGAAGTTTTCGGATGGAATCTTGATTGACTGAGTGGCGGACGGGTGAGTAACGCGTGGATAACCTGCCTCACACTGGGGGATAACAGTTAGAAATGACTGCTAATACCGCATAAGCGCACAGTGCCGCATGGCAGTGTGTGAAAAACTCCGGTGGTGTGAGATGGATCCGCGTCTGATTAGCCAGTTGGCGGGGTAACGGCCCACCAAAGCGACGATCAGTAGCCGACCTGAGAGGGTGACCGGCCACATTGGGACTGAGACACGGCCCAA",304
"GATGAACGCTGACAGAATGCTTAACACATGCAAGTCTACTTGATCCTTTGGGTGAAGGTGGCGGACGGGTGAGTAACGCGTAAAGAACTTGCCTTACAGACTGGGACAACATTTGGAAACGAATGCTAATACCGGATATTATGATTGGGTCGCATGATCTGGTTATGAAAGCTATATGCGCTGTGAGAGAGCTTTGCGTCCCATTAGTTAGTTGGTGAGGTAACGGCTCACCAAGACGATGATGGGTAGCCGGCCTGAGAGGGTGAACGGCCACAAGGGGACTGAGACACGGCCCTT",2734
"ATTGAACGCTGGCGGCAGGCCTAACACATGCAAGTCGAACGGTAACAGGAATCAGCTTGCTGATTTGCTGACGAGTGGCGGACGGGTGAGTAATGTCTGGGAAACTGCCTGATGGAGGGGGATAACTACTGGAAACGGTAGCTAATACCGCATAACGTCGCAAGACCAAAGAGGGGGACCTTCGGGCCTCTTGCCATCGGATGTGCCCAGATGGGATTAGCTAGTAGGTGGGGTAACGGCTCACCTAGGCGACGATCCCTAGCTGGTCTGAGAGGATGACCAGCCACACTGGAACTGAGACACGGTCCAG",1417
"ATTGAACGCTGGCGGCAGGCCTAACACATGCAAGTCGAACGGTAACAGAAATCAGCTTGCTGATTTGCTGACGAGTGGCGGACGGGTGAGTAATGTCTGGGAAACTGCCTGATGGAGGGGGATAACTACTGGAAACGGTAGCTAATACCGCATAACGTCGCAAGACCAAAGAGGGGGACCTTCGGGCCTCTTGCCATCGGATGTGCCCAGATGGGATTAGCTAGTAGGTGGGGTAACGGCTCACCTAGGCGACGATCCCTAGCTGGTCTGAGAGGATGACCAGCCACACTGGAACTGAGACACGGTCCAG",1302
"GACGAACGCTGGCGGCGTGCTTAACACATGCAAGTCGAGCGATGAAGCTCCTTCGGGAGTGGATTAGCGGCGGACGGGTGAGTAACACGTGGGTAACCTGCCTCATAGAGGGGAATAGCCTTTCGAAAGGAAGATTAATACCGCATAAGATTGTAGTACCGCATGGTACAGCAATTAAAGGAGTAATCCGCTATGAGATGGACCCGCGTCGCATTAGCTAGTTGGTGAGGTAACGGCTCACCAAGGCGACGATGCGTAGCCGACCTGAGAGGGTGATCGGCCACATTGGGACTGAGACACGGCCCAG",4
"GATGAACGCTAGCGGCAGGCCTAACACATGCAAGTCGAGGGGCATCACGAGGTAGCAATACTTTGGTGGCGACCGGCGCACGGGTGCGTAACGCGTATGTAACCTACCTATAACAGGGGCATAACACTGAGAAATTGGTACTAATTCCCCATAATATTCGGAGAGGCATCTCTCCGGGTTGAAAACTCCGGTGGTTATAGATGGACATGCGTTGTATTAGCTAGTTGGTGAGGTAACGGCTCACCAAGGCAACGATACATAGGGGGACTGAGAGGTTAACCCCCCACACTGGTACTGAGACACGGACCAG",1939
"GATGAACGCTGACAGAATGCTTAACACATGCAAGTCTACTTAATCCTTCGGGTGAAGGTGGCGGACGGGTGAGTAACGCGTAAAGAACTTGCCTTACAGACTGGGACAACATTTGGAAACGAATGCTAATACCGGATATTATGATTGGGTCGCATGATCTGGTTATGAAAGCTATATGCGCTGTGAGAGAGCTTTGCGTCCCATTAGTTAGTTGGTGAGGTAACGGCTCACCAAGACGATGATGGGTAGCCGGCCTGAGAGGGTGAACGGCCACAAGGGGACTGAGACACGGCCCTT",1709
"GACGAACGCTGGCGGTATGCTTAACACATGCAAGTCGAACGAGAAAGTTTTGAATGATCCTTCGGGTGAAATTAGAACTGGAAAGTGGCGAACGGGTGAGTAACGCGTGGGTAACCTGCCCTATGGAAAGGAATAGCCTCGGGAAACTGGGAGTAAAGCCTTATATTATGGTTTTGTCGCATGGCAAGATCATGAAAACTCCGGTGCCATAGGATGGACCCGCGTCCCATTAGCTAGTTGGTGAGATAACAGCCCACCAAGGCGACGATGGGTAACCGGTCTGAGAGGGCGAACGGTCACACTGGAACTGAGACACGGTCCAG",40
"GATGAACGCTGGCGGCGTGCCTAACACATGCAAGTCGAGCGAAGCACTTTGCTTAGATTCTTCGGATGAAGAGGATTGTGACTGAGCGGCGGACGGGTGAGTAACGCGTGGGTAACCTGCCTCATACAGGGGGATAACAGTTAGAAATGACTGCTAATACCGCATAAGACCACAGCACCGCATGGTGCGGGGGTAAAAACTCCGGTGGTATGAGATGGACCCGCGTCTGATTAGCTAGTTGGTAAGGTAACGGCTTACCAAGGCGACGATCAGTAGCCGACCTGAGAGGGTGACCGGCCACATTGGGACTGAGACACGGCCCAA",90
"ATTGAACGCTGGCGGCAGGCCTAACACATGCAAGTCGAACGGTAACAGGAAGCAGCTTGCTGCTTTGCTGACGAGTGGCGGACGGGTGAGTAATGTCTGGGAAACTGCCTGATGGAGGGGGATAACTACTGGAAACGGTAGCTAATACCGCATAACGTCGCAAGACCAAAGAGGGGGACCTTCGGGCCTCTTGCCATCGGATGTGCCCAGATGGGATTAGCTAGTAGGTGGGGTAACGGCTCACCTAGGCGACGATCCCTAGCTGGTCTGAGAGGATGACCAGCCACACTGGAACTGAGACACGGTCCAG",629
"ATTGAACGCTGGCGGCAGGCCTAACACATGCAAGTCGAACGGTAACAGGAATCAGCTTGCTGATTTGCTGACGAGTGGCGGACGGGTGAGTAATGTCTGGGAAACTGCCTGATGGAGGGGGATAACTACTGGAAACGGTAGCTAATACCGCATAACGTCGCAAGACCAAAGAGGGGGACCTTTGGGCCTCTTGCCATCGGATGTGCCCAGATGGGATTAGCTAGTAGGTGGGGTAACGGCTCACCTAGGCGACGATCCCTAGCTGGTCTGAGAGGATGACCAGCCACACTGGAACTGAGACACGGTCCAG",709
"GACGAACGCTGGCGGCGTGCTTAACACATGCAAGTCGAACGAGAAGAGATGAGAAGCTTGCTTCTTATCAATTCGAGTGGCAAACGGGTGAGTAACGCGTAAGCAACCTGCCCTTCAGATGGGGACAACAGCTGGAAACGGCTGCTAATACCGAATACGTTCTTTCCGCCGCATGACGGAATGAAGAAAGGGAGGCCTTCGGGCTTTCGCTGGAGGAGGGGCTTGCGTCTGATTAGCTAGTTGGAGGGGTAACGGCCCACCAAGGCGACGATCAGTAGCCGGTCTGAGAGGATGAACGGCCACATTGGGACTGAGACACGGCCCAG",850
"GACGAACGCTGGCGGCGTGCTTAACACATGCAAGTCGAACGAGAAGAGATGAGAAGCTTGCTTCTTATCAATTCGAGTGGCAAACGGGTGAGTAACGCGTAAGCAACCTGCCCTTCAGATGGGGACAACAGCTGGAAACGGCTGCTAATACCGAATACGTTCTTTCCGCCGCATGACGGGATGAAGAAAGGGAGGCCTTCGGGCTTTCGCTGGAGGAGGGGCTTGCGTCTGATTAGCTGGTTGGAGGGGTAACGGCCCACCAAGGCGACGATCAGTAGCCGGTCTGAGAGGATGAACGGCCACATTGGGACTGAGACACGGCCCAG",790
"GACGAACGCTGGCGGCGTGCCTAACACATGCAAGTCGAACGGAGAATTTTATTTCGGTAGAATTCTTAGTGGCGAACGGGTGAGTAACGCGTAGGCAACCTACCCTTTAGACGGGGACAACATTCCGAAAGGAGTGCTAATACCGGATGTGATCATCGTGCCGCATGGCAGGATGAAGAAAGATGGCCTCTACAAGTAAGCTATCGCTAAAGGATGGGCCTGCGTCTGATTAGCTAGTTGGTAGTGTAACGGACTACCAAGGCGATGATCAGTAGCCGGTCTGAGAGGATGAACGGCCACATTGGGACTGAGACACGGCCCAA",480
"GATGAACGCTAGCTACAGGCTTAACACATGCAAGTCGAGGGGCATCAGGATGTAGCAATACATTGCTGGCGACCGGCGCACGGGTGAGTAACACGTATCCAACCTGCCTTTTACTCGGGGATAGGCTTTCGAAAGAAAGATTAATACCCGATGGTATAATATTTCCGCATGGGATTATTATTAAAGAATTTCGGTAAAAGATGGGGATGCGTTCCATTAGGCAGTTGGCGGGGTAACGGCCCACCAAACCTTCGATGGATAGGGGTTCTGAGAGGAAGGTCCCCCACATTGGAACTGAGACACGGTCCAA",55
"GATGAACGCTGGCGGCGTGCCTAACACATGCAAGTCGAACGAAGCAATTAAAGGAAGTTTTCGGATGGAATTTGATTGACTGAGTGGCGGACGGGTGAGTAACGCGTGGATAACCTGCCTCACACTGGGGGATAACAGTTAGAAATGACTGCTAATACCGCATAAGCGCACAGTACCGCATGGTACGGTGTGAAAAACTCCGGTGGTGTGAGATGGATCCGCGTCTGATTAGCCAGTTGGCGGGGTAACGGCCCACCAAAGCGACGATCAGTAGCCGACCTGAGAGGGTGACCGGCCACATTGGGACTGAGACACGGCCCAA",149
"GACGAACGCTGGCGGCGTGCCTAACACATGCAAGTCGAACGGAGAATTTTATTTCGGTAGAATTCTTAGTGGCGAACGGGTGAGTAACGCGTAGGCAACCTACCCTTTAGACGGGGACAACATTCCGAAAGGAGTGCTAATACCGGATGTGATCATCTTGCCGCATGGCAGGATGAAGAAAGATGGCCTCTACAAGTAAGCTATCGCTAAAGGATGGGCCTGCGTCTGATTAGCTAGTTGGTAGTGTAACGGACTACCAAGGCGATGATCAGTAGCCGGTCTGAGAGGATGAACGGCCACATTGGGACTGAGACACGGCCCAA",490
"GATGAACGCTAGCTACAGGCTTAACACATGCAAGTCGAGGGGCAGCATGACCTAGCAATAGGTTGATGGCGACCGGCGCACGGGTGAGTAACACGTATCCAACCTACCGGTTATTCCGGGATAGCCTTTCGAAAGAAAGATTAATACCGGATAGCATAGCGAGAAGGCATCTTCTTGTTATTAAAGAATTTCGATAACCGATGGGGATGCGTTCCATTAGTTTGTTGGCGGGGTAACGGCCCACCAAGACATCGATGGATAGGGGTTCTGAGAGGAAGGTCCCCCACATTGGAACTGAGACACGGTCCAA",289
"GACGAACGCTGGCGGCGTGCTTAACACATGCAAGTCGAACGAGAAGCGATGAGAAGCTTGCTTCTTATCAATTCGAGTGGCAAACGGGTGAGTAACGCGTAAGCAACCTGCCCTTCAGATGGGGACAACAGCTGGAAACGGCTGCTAATACCGAATACGTTCTTTCCGCCGCATGACGGGATGAAGAAAGGGAGGCCTTCGGGCTTTCGCTGGAGGAGGGGCTTGCGTCTGATTAGCTAGTTGGAGGGGCAACGGCCCACCAAGGCGACGATCAGTAGCCGGTCTGAGAGGATGAACGGCCACATTGGGACTGAGACACGGCCCAG",610
"GATGAACGCTGGCGGCGTGCTTAACACATGCAAGTCGAGCGAAGCGCTTTACTTAGATTTCTTCGGATTGAAGAGTTTTGCGACTGAGCGGCGGACGGGTGAGTAACGCGTGGGTAACCTGCCTCATACAGGGGGATAACAGTTAGAAATGACTGCTAATACCGCATAAGACCACGGTACCGCATGGTACAGTGGGAAAAACTCCGGTGGTATGAGATGGACCCGCGTCTGATTAGCTAGTTGGTAAGGTAACGGCTTACCAAGGCGACGATCAGTAGCCGACCTGAGAGGGTGACCGGCCACATTGGGACTGAGACACGGCCCAA",28
"GATGAACGCTAGCTACAGGCTTAACACATGCAAGTCGAGGGGCAGCATGACCTAGCAATAGGTTGATGGCGACCGGCGCACGGGTGAGTAACACGTATCCAACCTACCGGTTATTCCGGGATAGCCTTTCGAAAGAAAGATTAATACCGGATAGTATAACGAGAAGGCATCTTTTTGTTATTAAAGAATTTCGATAACCGATGGGGATGCGTTCCATTAGTTTGTTGGCGGGGTAACGGCCCACCAAGACATCGATGGATAGGGGTTCTGAGAGGAAGGTCCCCCACATTGGAACTGAGACACGGTCCAA",231
"GATGAACGCTAGCTACAGGCTTAACACATGCAAGTCGAGGGGCAGCATGACCTAGCAATAGGTTGATGGCGACCGGCGCACGGGTGAGTAACACGTATCCAACCTACCGGTTATTCCGGGATAGCCTTTCGAAAGAAAGATTAATACCGGATAGTATAACGAGAAGGCATCTTCTTGTTATTAAAGAATTTCGATAACCGATGGGGATGCGTTCCATTAGTTTGTTGGCGGGGTAACGGCCCACCAAGACATCGATGGATAGGGGTTCTGAGAGGAAGGTCCCCCACATTGGAACTGAGACACGGTCCAA",228
"GATGAACGCTAGCTACAGGCTTAACACATGCAAGTCGAGGGGCAGCATGACCTAGCAATAGGTTGATGGCGACCGGCGCACGGGTGAGTAACACGTATCCAACCTACCGGTTATTCTGGGATAGCCTTTCGAAAGAAAGATTAATACCGGATAGTATAACGAGAAGGCATCTTTTTGTTATTAAAGAATTTCGATAACCGATGGGGATGCGTTCCATTAGTTTGTTGGCGGGGTAACGGCCCACCAAGACATCGATGGATAGGGGTTCTGAGAGGAAGGTCCCCCACATTGGAACTGAGACACGGTCCAA",242
"GACGAACGCTGGCGGCGTGCTTAACACATGCAAGTCGAACGGAGAATTATTTCGGTAATTCTTAGTGGCGAACGGGTGAGTAACGCGTAGACAACCTACCTTTTAGATGGGGACAACATCGCGAAAGCGGTGCTAATACCGAATGTTGATAATGAAATGCATGTTTCGTTATTTAAAGATGGCCTCTATATATAAGCTATCGCTAAAAGATGGGTCTGCGTCTGATTAGCTAGTTGGTGAGATAACAGCCCACCAAGGCAACGATCAGTAGCCGGTCTGAGAGGATGAACGGCCACATTGGGACTGAGACACGGCCCAA",327
"GATGAACGCTGGCGGCGTGCCTAACACATGCAAGTCGAACGAAGCAATTAAAATGAAGTTTTCGGATGGATTTTTGATTGACTGAGTGGCGGACGGGTGAGTAACGCGTGGATAACCTGCCTCACACTGGGGGATAACAGTTAGAAATGACTGCTAATACCGCATAAGCGCACAGTACCGCATGGTACGGTGTGAAAAACTCCGGTGGTGTGAGATGGATCCGCGTCTGATTAGCCAGTTGGCGGGGTAACGGCCCACCAAAGCGACGATCAGTAGCCGACCTGAGAGGGTGACCGGCCACATTGGGACTGAGACACGGCCCAA",136
"GATGAACGCTGGCGGCGTGCCTAACACATGCAAGTCGAGCGAAGCACTTTGCTTAGATTCTTCGGATGAAGAGGATTGTGACTGAGCGGCGGACGGGTGAGTAACGCGTGGGTAACCTGCCTCGTACAGGGGGATAACAGTTAGAAATGACTGCTAATACCGCATAAGACCACAGCACCGCATGGTGCAGGGGTAAAAACTCCGGTGGTATGAGATGGACCCGCGTCTGATTAGCTAGTTGGTAAGGTAACGGCTTACCAAGGCGACGATCAGTAGCCGACCTGAGAGGGTGACCGGCCACATTGGGACTGAGACACGGCCCAA",31
"GACGAACGCTGGCGGCGTGCTTAACACATGCAAGTCGAACGAGAAGAGATGAGAAGCTTGCTTCTTATCAATTCGAGTGGCAAACGGGTGAGTAACGCGTAAGCAACCTGCCCTTCAGATGGGGACAACAGCTGGAAACGGCTGCTAATACCGAATACGTTCTTTCCGCCGCATGACGGGATGAAGAAAGGGAGGCCTTCGGGCTTTCGCTGGAGGAGGGGCTTGCGTCTGATTAGCTAGTTGGAGGGGCAACGGCCCACCAAGGCGACGATCAGTAGCCGGTCTGAGAGGATGAACGGCCACATTGGGACTGAGACACGGCCCAG",197
"ATTGAACGCTGGCGGCGTGCTTAACACATGCAAGTCGAACGTGAAAGTCCTTCGGGACGAGTAAAGTGGCGCACGGGTGAGTAACGCGTGGATAATCTACCCTTAAGATGGGGATAACGGCTGGAAACGGTCGCTAATACCGAATACGCTCCCGATTTTATCATTGGGGGGAAAGATGGCCTCTGCTTGCAAGCTATCGCTTAAGGATGAGTCCGCGTCCCATTAGCTAGTTGGCGGGGTAACAGCCCACCAAGGCAACGATGGGTAGCCGGTCTGAGAGGATGACCGGCCACACTGGAACTGGAACACGGTCCAG",42
"GATGAACGCTGGCGGCGTGCCTAACACATGCAAGTCGAGCGAAGCGCTGTTTTCAGAATCTTCGGAGGAAGAGGACAGTGACTGAGCGGCGGACGGGTGAGTAACGCGTGGGCAACCTGCCTCATACAGGGGGATAACAGTTAGAAATGACTGCTAATACCGCATAAGCGCACAGGACCGCATGGTGTAGTGTGAAAAACTCCGGTGGTATGAGATGGACCCGCGTCTGATTAGGTAGTTGGTGGGGTAAAGGCCTACCAAGCCGACGATCAGTAGCCGACCTGAGAGGGTGACCGGCCACATTGGGACTGAGACACGGCCCAA",20
"GATGAACGCTGGCGGCGTGCTTAACACATGCAAGTCGAGCGAAGCACTTTACTTTGATTTCTTCGGAATGAAGAGTGTTGTGACTGAGCGGCGGACGGGTGAGTAACGCGTGGGTAACCTGCCTCATACAGGGGGATAACAGTTAGAAATGACTGCTAATACCGCATAAGACCACGGTACCGCATGGTACAGTGGGAAAAACTCCGGTGGTATGAGATGGACCCGCGTCTGATTAGCTAGTTGGTAAGGTAACGGCTTACCAAGGCGACGATCAGTAGCCGACCTGAGAGGGTGACCGGCCACATTGGGACTGAGACACGGCCCAA",21
"GACGAACGCTGGCGGCGTGCTTAACACATGCAAGTCGAACGAGAAGCGATGAGAAGCTTGCTTCTTATCAATTCGAGTGGCAAACGGGTGAGTAACGCGTAAGCAACCTGCCCTTCAGATGGGGACAACAGCTGGAAACGGCTGCTAATACCGAATACGTTCTTTCCGCCGCATGACGGGATGAAGAAAGGGAGGCCTTCGGGCTTTCGCTGGAGGAGGGGCTTGCGTCTGATTAGCTAGTTGGAGGGGTAACGGCCCACCAAGGCGACGATCAGTAGCCGGTCTGAGAGGATGAACGGCCACATTGGGACTGAGACACGGCCCAG",166
"ATTGAACGCTGGCGGCAGGCCTAACACATGCAAGTCGAACGGTAGCACAGAGGAGCTTGCTCCTTGGGTGACGAGTGGCGGACGGGTGAGTAATGTCTGGGAAACTGCCCGATGGAGGGGGATAACTACTGGAAACGGTAGCTAATACCGCATAACGTCGCAAGACCAAAGAGGGGGACCTTCGGGCCTCTTGCCATCGGATGTGCCCAGATGGGATTAGCTAGTAGGTGGGGTAACGGCTCACCTAGGCGACGATCCCTAGCTGGTCTGAGAGGATGACCAGCCACACTGGAACTGAGACACGGTCCAG",199
"GATGAACGCTGGCGGCGTGCCTAACACATGCAAGTCGAACGAAGCAATCAGAATGAAATTTTCGGATGGATTTCTGGTTGACTGAGTGGCGGACGGGTGAGTAACGCGTGGATAACCTGCCTCACACTGGGGGATAACAGTTAGAAATGGCTGCTAATACCGCATAAGCGCACAGTACCGCATGGTACGGTGTGAAAAACTCCGGTGGTGTGAGATGGATCCGCGTCTGATTAGTTAGTTGGCGGGGTAACGGCCCACCAAGACAGCGATCAGTAGCCGACCTGAGAGGGTGACCGGCCACATTGGGACTGAGACACGGCCCAA",141
"GATGAACGCTAGCTACAGGCTTAACACATGCAAGTCGAGGGGCAGCATGAACTTAGCTTGCTAAGTTTGATGGCGACCGGCGCACGGGTGAGTAACACGTATCCAACCTGCCGATGACTCGGGGATAGCCTTTCGAAAGAAAGATTAATACCCGATGGCATAATTCTTCCGCATGGTAGAATTATTAAAGAATTTCGGTCATCGATGGGGATGCGTTCCATTAGGTTGTTGGCGGGGTAACGGCCCACCAAGCCTTCGATGGATAGGGGTTCTGAGAGGAAGGTCCCCCACATTGGAACTGAGACACGGTCCAA",298
"GATGAACGCTAGCTACAGGCTTAACACATGCAAGTCGAGGGGCATCAGGAAGAAAGCTTGCTTTCTTTGCTGGCGACCGGCGCACGGGTGAGTAACACGTATCCAACCTGCCCTTTACTCGGGGATAGCCTTTCGAAAGAAAGATTAATACCCGATAGTATAATGATTCCGCATGGTTTCCTTATTAAAGGATTCCGGTAAAGGATGGGGATGCGTTCCATTAGGTTGTTGGTGAGGTAACGGCTCACCAAGCCTTCGATGGATAGGGGTTCTGAGAGGAAGGTCCCCCACATTGGAACTGAGACACGGTCCAA",104
"GACGAACGCTGGCGGCGTGCCTAACACATGCAAGTCGAACGGAGTATCCAGCAATGGATACTTAGTGGCGAACGGGTGAGTAACGCGTAGATAACCTGCCTCTAAAATGGGGACAACACCGCGAAAGTGGTGCTAATACCGAATGTGGTATCTTTATCGCATGATAAAGATAAGAAAGATGGCCTCTACTTGTAAGCTATCGTTTAGAGATGGGTCTGCGTCTGATTAGCTAGTTGGTGAGGTAAAGGCTCACCAAGGCGACGATCAGTAGCCGGTCTGAGAGGATGAACGGCCACACTGGGACTGAGACACGGCCCAG",167
"GATGAACGCTGGCGGCGTGCCTAACACATGCAAGTCGAGCGAAGCGGTTTTAAGGAAGTTTTCGGATGGAATTAAAACTGACTGAGCGGCGGACGGGTGAGTAACGCGTGGGTAACCTGCCTCATACAGGGGGATAACAGTTAGAAATGGCTGCTAATACCGCATAAGCACACAGCTTCGCATGGAGCAGTGTGAAAAACTCCGGTGGTATGAGATGGACCCGCGTCTGATTAGCTAGTTGGTAAGGTAACGGCTTACCAAGGCGACGATCAGTAGCCGACCTGAGAGGGTGACCGGCCACATTGGGACTGAGACACGGCCCAA",6
"ATTGAACGCTGGCGGCAGGCCTAACACATGCAAGTCGAACGGTAACAGGAAGCAGCTTGCTGCTTCGCTGACGAGTGGCGGACGGGTGAGTAATGTCTGGGAAACTGCCCGATGGAGGGGGATAACTACTGGAAACGGTAGCTAATACCGCATAATGTCGCAAGACCAAAGAGGGGGACCTTCGGGCCTCTTGCCATCGGATGTGCCCAGATGGGATTAGCTTGTTGGTGAGGTAACGGCTCACCAAGGCGACGATCCCTAGCTGGTCTGAGAGGATGACCAGCCACACTGGAACTGAGACACGGTCCAG",111
"GACGAACGCTGGCGGCGTGCCTAACACATGCAAGTCGAACGAAATTACGAAGAAAGCTTGCTTTAATCGTAATTTAGTGGCGGACGGGTGAGTAACGCGTGAGGACTTGTCGGATACAGGGGGACAACAGATGGAAACGTCTGCTAATACCCCATAAGCCTTCGGGTAAAAGGAGCAATCCGGTATCTGAGAGACTCGCGTTCTATCAGCTAGTAGGTGGGGTAACGGCCCACCTAGGCCAAGACGGATAGCCGGACTGAGAGGTCGACCGGCCACACTGGAACTGAGAGACGGTCCAG",26
"GACGAACGCTGGCGGCGTGCCTAACACATGCAAGTCGAACGGAGTATCCAGCAATGGATACTTAGTGGCGAACGGGTGAGTAACGCGTAGATAACCTGCCTCTAAGATGGGGACAACACCGCGAAAGTGGTGCTAATACCGAATGTGGTATCTTTATCGCATGATAGAGATAAGAAAGATGGCCTCTATATATAAGCTATCGTTTAGAGATGGGTCTGCGTCTGATTAGCTAGTTGGTGAGGTAAAGGCTCACCAAGGCGACGATCAGTAGCCGGTCTGAGAGGATGAACGGCCACACTGGGACTGAGACACGGCCCAG",146
"ATTGAACGCTGGCGGCAGGCCTAACACATGCAAGTCGAACGGTAGCACAAAGGAGCTTGCTCCTTGGGTGACGAGTGGCGGACGGGTGAGTAATGTCTGGGAAACTGCCCGATGGAGGGGGATAACTACTGGAAACGGTAGCTAATACCGCATAACGTCGCAAGACCAAAGAGGGGGACCTTCGGGCCTCTTGCCATCGGATGTGCCCAGATGGGATTAGCTAGTAGGTGGGGTAACGGCTCACCTAGGCGACGATCCCTAGCTGGTCTGAGAGGATGACCAGCCACACTGGAACTGAGACACGGTCCAG",69
"ATTGAACGCTGGCGGCGTGCTTAACACATGCAAGTCGAACGCGAAAGGGACTTCGGTCCTGAGTAAAGTGGCGCACGGGTGAGTAACGCGTGGATAATCTGCCCTTATGATCGGGATAACAGTTGGAAACGGCTGCTAATACCGGATACGCTCAAAATGAACTTTTTGAGGAAAGATGGCCTCTGCTTGCATGCTATCACGTAAGGATGAGTCCGCGTCCCATTAGCTTGTTGGCGGGGTAACGGCCCACCAAGGCATCGATGGGTAGCCGATTTGAGAGGATGATCGGCCACACTGGAACTGAAACACGGTCCAG",42
"GATGAACGCTAGCTACAGGCTTAACACATGCAAGTCGAGGGGCAGCATGAACTTAGCTTGCTAAGTTTGATGGCGACCGGCGCACGGGTGAGTAACACGTATCCAACCTGCCGATGACTCGGGGATAGCCTTTCGAAAGAAAGATTAATACCCGATGGCATAGTTCTTCCGCATGGTCGAACTATTAAAGAATTTCGGTCATCGATGGGGATGCGTTCCATTAGGTTGTTGGCGGGGTAACGGCCCACCAAGCCTTCGATGGATAGGGGTTCTGAGAGGAAGGTCCCCCACATTGGAACTGAGACACGGTCCAA",132
"GACGAACGCTGGCGGCGTGCCTAACACATGCAAGTCGAACGGAGTATCCAGCAATGGATACTTAGTGGCGAACGGGTGAGTAACGCGTAGATAACCTGCCTCTAAAATGGGGACAACACCGCGAAAGTGGTGCTAATACCGAATGTGGTATCTTTATCGCATGATAGAGATAAGAAAGATGGCCTCTACTTGTAAGCTATCGTTTAGAGATGGGTCTGCGTCTGATTAGCTAGTTGGTGAGGTAACGGCTCACCAAGGCGACGATCAGTAGCCGGTCTGAGAGGATGAACGGCCACACTGGGACTGAGACACGGCCCAG",115
"GATGAACGCTGGCGGCGTGCCTAACACATGCAAGTCGAACGAAGCAATTAGAAAGAAGTTTTCGGATGGATTTCTGGTTGACTGAGTGGCGGACGGGTGAGTAACGCGTGGATAACCTGCCTCACACTGGGGGATAACAGTTAGAAATGGCTGCTAATACCGCATAAGCGCACAGTACCGCATGGTACGGTGTGAAAAACTCCGGTGGTGTGAGATGGATCCGCGTCTGATTAGTTAGTTGGCGGGGTAACGGCCCACCAAGACAGCGATCAGTAGCCGACCTGAGAGGGTGACCGGCCACATTGGGACTGAGACACGGCCCAA",40
"GATGAACGCTGGCGGCGTGCCTAACACATGCAAGTCGAACGAAGCAATCAGAATGAAGTTTTCGGATGGATTTCTGATTGACTGAGTGGCGGACGGGTGAGTAACGCGTGGATAACCTGCCTCGCACTGGGGGATAACAGTTAGAAATGGCTGCTAATACCGCATAAGCGCACAGTACCGCATGGTACGGTGTGAAAAACTCCGGTGGTGTGAGATGGATCCGCGTCTGATTAGTTAGTTGGCGGGGTAACGGCCCACCAAGACAGCGATCAGTAGCCGACCTGAGAGGGTGACCGGCCACATTGGGACTGAGACACGGCCCAA",50
"GATGAACGCTGGCGGCGTGCCTAACACATGCAAGTCGAACGAAGCAATTTAACGGAAGTTTTCGGATGGAAGTTGAATTGACTGAGTGGCGGACGGGTGAGTAACGCGTGGGTAACCTGCCTTGTACTGGGGGACAACAGTTAGAAATGACTGCTAATACCGCATAAGCGCACAGTATCGCATGATACAGTGTGAAAAACTCCGGTGGTACAAGATGGACCCGCGTCTGATTAGCTAGTTGGTAAGGTAACGGCTTACCAAGGCGACGATCAGTAGCCGACCTGAGAGGGTGACCGGCCACATTGGGACTGAGACACGGCCCAA",14
"GATAAACGCTAGCGGCAGGCCTAACACATGCAAGTCGAGGGGCAGCGGGTGGAGTATTTCGGTACTCCTGCCGGCGACCGGCGCACGGGTGCGTAACGCGTATGCAACCTACCTTTAACAGGGGGATAATCCGAAGAAATTTGGTCTAATACCCCATAATATCATTTAAGGCATCTTAGATGGTTGAAAATTCCGATGGTTAGAGATGGGCATGCGTTGTATTAGCTAGTTGGTGAGGTAACGGCTCACCAAGGCTACGATACATAGGGGGACTGAGAGGTTTTCCCCCCACACTGGTACTGAGACACGGACCAG",61
"GACGAACGCTGGCGGCGTGCCTAACACATGCAAGTCGAACGGAGTTGTTAGCAATAACAACTTAGTGGCGAACGGGTGAGTAACGCGTAGATAACCTGCCTCTAAAATGGGGACAACACCGCGAAAGTGGTGCTAATACCGAATGTGGTATCTTTATCGCATGATAAAGATAAGAAAGATGGCCTCTACTTGTAAGCTATCGTTTAGAGATGGGTCTGCGTCTGATTAGCTAGTTGGTGAGGTAAAGGCTCACCAAGGCGACGATCAGTAGCCGGTCTGAGAGGATGAACGGCCACACTGGGACTGAGACACGGCCCAG",63
"GATGAACGCTGGCGGCGTGCCTAACACATGCAAGTCGAACGAAGCGACTGGAGGAAGTTTTCGGATGGAATCCGGTTGACTGAGTGGCGGACGGGTGAGTAACGCGTGGATAACCTGCCTCACACTGGGGGATAACAGTTAGAAATGGCTGCTAATACCGCATAAGCGCACAGTACCGCATGGTACGGTGTGAAAAACCCAGGTGGTGTGAGATGGATCCGCGTCTGATTAGCCAGTTGGCGGGGTAACGGCCCACCAAAGCGACGATCAGTAGCCGACCTGAGAGGGTGACCGGCCACATTGGGACTGAGACACGGCCCAA",73
"GACGAACGCTGGCGGCGTGCCTAACACATGCAAGTCGAACGGAGTATCCAGCAATGGATACTTAGTGGCGAACGGGTGAGTAACGCGTAGATAACCTGCCTCTAAAATGGGGACAACACCGCGAAAGTGGTGCTAATACCGAATGTGGTATCTTTATCGCATGATAGAGATAAGAAAGATGGCCTCTACTTGTAAGCTATCGTTTAGAGATGGGTCTGCGTCTGATTAGCTAGTTGGTGAGGTAAAGGCTCACCAAGGCGACGATCAGTAGCCGGTCTGAGAGGATGAACGGCCACACTGGGACTGAGACACGGCCCAG",100
"GACGAACGCTGGCGGCGTGCCTAACACATGCAAGTCGAACGGAGTATTCATTTATGGATACTTAGTGGCGAACGGGTGAGTAACGCGTAGATAACCTGCCTCTAAGATGGGGACAACACCGCGAAAGTGGTGCTAATACCGAATGTGGTATCTTTATCGCATGATAAAGATAAGAAAGATGGCCTCTACTTGTAAGCTATCGTTTAGAGATGGGTCTGCGTCTGATTAGCTAGTTGGTGAGGTAACGGCTCACCAAGGCGACGATCAGTAGCCGGTCTGAGAGGATGAACGGCCACACTGGGACTGAGACACGGCCCAG",89
"GACGAACGCTGGCGGCGTGCCTAACACATGCAAGTCGAACGGAGTTGTTAGCAATAACAACTTAGTGGCGAACGGGTGAGTAACGCGTAGATAACCTGCCTCTAAGATGGGGACAACACCGCGAAAGTGGTGCTAATACCGAATGTGGTATCTTTATCGCATGATAAAGATAAGAAAGATGGCCTCTACATGTAAGCTATCGTTTAGAGATGGGTCTGCGTCTGATTAGCTAGTTGGTGAGGTAAAGGCTCACCAAGGCGACGATCAGTAGCCGGTCTGAGAGGATGAACGGCCACACTGGGACTGAGACACGGCCCAG",70
"GACGAACGCTGGCGGCGTGCCTAACACATGCAAGTCGAACGGAGTATTCATTTATGGATACTTAGTGGCGAACGGGTGAGTAACGCGTAGATAACCTGCCTCTAAGATGGGGACAACACCGCGAAAGTGGTGCTAATACCGAATGTGGTATCTTTATCGCATGATAAAGATAAGAAAGATGGCCTCTACTTGTAAGCTATCGTTTAGAGATGGGTCTGCGTCTGATTAGCTAGTTGGTGAGGTAAAGGCTCACCAAGGCGACGATCAGTAGCCGGTCTGAGAGGATGAACGGCCACACTGGGACTGAGACACGGCCCAG",72
"GACGAACGCTGGCGGCGTGCCTAACACATGCAAGTCGAACGGAGTATTCATTTATGGATACTTAGTGGCGAACGGGTGAGTAACGCGTAGATAACCTGCCTCTAAAATGGGGACAACACCGCGAAAGTGGTGCTAATACCGAATGTGGTATCTTTATCGCATGATAAAGATAAGAAAGATGGCCTCTACTTGTAAGCTATCGTTTAGAGATGGGTCTGCGTCTGATTAGCTAGTTGGTGAGGTAAAGGCTCACCAAGGCGACGATCAGTAGCCGGTCTGAGAGGATGAACGGCCACACTGGGACTGAGACACGGCCCAG",74
"ATTGAACGCTGGCGGCAGGCCTAACACATGCAAGTCGAACGGTAACAGGAAGCAGCTTGCTGCTTTGCTGACGAGTGGCGGACGGGTGAGTAATGTCTGGGAAACTGCCCGATGGAGGGGGATAACTACTGGAAACGGTAGCTAATACCGCATAACGTCGCAAGACCAAAGAGGGGGACCTTCGGGCCTCTTGCCATCGGATGTGCCCAGATGGGATTAGCTTGTTGGTGAGGTAACGGCTCACCAAGGCGACGATCCCTAGCTGGTCTGAGAGGATGACCAGCCACACTGGAACTGAGACACGGTCCAG",22
"GATGAACGCTAGCGGCAGGCTTAACACATGCAAGTCGAGGGGCAGCGGGGAGTAGCAATACTCCGCCGGCGACCGGCGCACGGGTGCGTAACGCGTATGCAACCTACCTTTAACAGGGGCATAACACTGAGAAATTGGTACTAATTCCCCATAACATTCGAGAAGGCATCTTCTTGGGTTAAAAACTCCGGTGGTTAAAGATGGGCATGCGTTGTATTAGCTAGTTGGTGAGGTAACGGCTCACCAAGGCAACGATACATAGGGGGACTGAGAGGTTAACCCCCCACATTGGTACTGAGACACGGACCAA",61
"GATGAACGCTGGCGGCGTGCCTAACACATGCAAGTCGAACGAAGCGATTAGGATGAAGTTTTCGGATGGATTCCTGGTTGACTGAGTGGCGGACGGGTGAGTAACGCGTGGATAACCTGCCTCACACTGGGGGATAACAGTTAGAAATGGCTGCTAATACCGCATAAGCGCACAGTACCGCATGGTACGGTGTGAAAAACCCAGGTGGTGTGAGATGGATCCGCGTCTGATTAGCCAGTTGGCGGGGTAACGGCCCACCAAAGCGACGATCAGTAGCCGACCTGAGAGGGTGACCGGCCACATTGGGACTGAGACACGGCCCAA",46
"GATGAACGCTAGCGGCAGGCTTAACACATGCAAGTCGAGGGGCAGCGGGGAGTAGCAATACTCCGCCGGCGACCGGCGCACGGGTGCGTAACGCGTATGCAACCTACCTTTAACAGGGGCATAACACTGAGAAATTGGTACTAATTCCCCATAACATTCGAGAAGGCATCTTCTTGGGTTAAAAACTCCGGTGGTTAAAGATGGGCATGCGTTGTATTAGCTAGTTGGTGAGGTAACGGCTCACCAAGGCGACGATACATAGGGGGACTGAGAGGTTAACCCCCCACATTGGTACTGAGACACGGACCAA",63
"ATTGAACGCTGGCGGAACGCTTTACACATGCAAGTCGAACGGTAACGCGGAGAGAAGCTTGCTTCTCTCCGGCGACGAGTGGCGAACGGGTGAGTAATACATCGGAACGTGTCCGCTCGTGGGGGACAACCAGCCGAAAGGTTGGCTAATACCGCATGAGTTCTACGGAAGAAAGAGGGGGACCCGCAAGGGCCTCTCGCGAGCGGAGCGGCCGATGACTGATTAGCCGGTTGGTGAGGTAACGGCTCACCAAAGCAACGATCAGTAGCTGGTCTGAGAGGACGACCAGCCACACTGGGACTGAGACACGGCCCAG",22
"GATGAACGCTAGCGACAGGCTTAACACATGCAAGTCGAGGGGCAGCACGGTGTAGCAATACACTGGTGGCGACCGGCGCACGGGTGAGTAACACGTGTGCAACCAACCCCGTACCGGGAGATAACCCGCGGAAACGTGGACTAACATCCCATAATACTGGAGGATCGCATGATCTTTCATTTAAAATTCCGGTGGTACGGGACGGGCACGCGCGACATTAGGTAGTTGGCGGGGTAACGGCCCACCAAGCCGACGATGTCTAGGGGTTCTGAGAGGAAGGTCCCCCACACTGGAACTGAGACACGGTCCAG",41
"GATGAACGCTGGCGGCGTGCCTAACACATGCAAGTCGAACGAAGCATTTTGAATGAAGTTTTCGGATGGATTTTAAGATGACTGAGTGGCGGACGGGTGAGTAACACGTGGATAACCTGCCTCACACTGGGGGACAACAGTTAGAAATGACTGCTAATACCGCATAAGCGCACAGTACCGCATGGTACAGTGTGAAAAACTCCGGTGGTGTGAGATGGATCCGCGTCTGATTAGCCAGTTGGCGGGGTAACGGCCCACCAAAGCGACGATCAGTAGCCGACCTGAGAGGGTGACCGGCCACATTGGGACTGAGACACGGCCCAA",18
"GATGAACGCTGGCGGCGTGCCTAACACATGCAAGTCGAACGAAGCATTTTAGATGAAGTTTTCGGATGGATTCTGAGATGACTGAGTGGCGGACGGGTGAGTAACACGTGGATAACCTGCCTCACACTGGGGGACAACAGTTAGAAATGACTGCTAATACCGCATAAGCGCACGGTACCGCATGGTACAGTGTGAAAAACTCCGGTGGTGTGAGATGGATCCGCGTCTGATTAGCCAGTTGGCGGGGTAACGGCCCACCAAAGCGACGATCAGTAGCCGACCTGAGAGGGTGACCGGCCACATTGGGACTGAGACACGGCCCAA",35
"GACGAACGCTGGCGGCGCGCCTAACACATGCAAGTCGAACGGAGACACTCTGTTCACTGAATGGTAGAAGGCGGCGGAACCAGAAAGGGAGCGTCGGTTTTCTACTGTTGAGTGAATGGAGTGTCTTAGTGGCGGACGGGTGAGTAACGCGTGAATAACCTGCCTTGCAGTGGGGAATAACACACCGAAAGGTGTGCTAATACCGCATGATGTAAGGGGAAGGCATCTTCCTCTTACCAAAGATTTATCGCTGTGAGATGGATTCGCGTCCGATTAGATAGTTGGTGAGGTAACGGCCCACCAAGTCGACGATCGGTAGCCGGACTGAGAGGTTGAACGGCCACATTGGGACTGAGACACGGCCCAG",15
"ATTGAACGCTGGCGGCATGCTTTACACATGCAAGTCGAACGGCAGCATGGGGGCAACCCTGATGGCGAGTGGCGAACGGGTGAGTAATATATCGGAACGTACCCAAGAGTGGGGGACAACCAGTCGAAAGATTGGCTAATACCGCATACGATCTAAGGATGAAAGTGGGGGACCTTCGGGCCTCACGCTCCTGGAGCGGCCGATAGCTGATTAGCTAGTTGGTGGGGTAAAGGCCTACCAAGGCGATGATCAGTAGCTGGTCTGAGAGGACGATCAGCCACACTGGGACTGAGACACGGCCCAG",5
