"","SRR12968052"
"GATGAACGCTAGCTACAGGCTTAACACATGCAAGTCGAGGGGCAGCATTTCAGTTTGCTTGCAAACTGGAGATGGCGACCGGCGCACGGGTGAGTAACACGTATCCAACCTGCCGATAACTCGGGGATAGCCTTTCGAAAGAAAGATTAATACCCGATGGTATAATTAGACCGCATGGTCTAATTATTAAAGAATTTCGGTTATCGATGGGGATGCGTTCCATTAGGCAGTTGGTGAGGTAACGGCTCACCAAACCTTCGATGGATAGGGGTTCTGAGAGGAAGGTCCCCCACATTGGAACTGAGACACGGTCCAA",3817
"GACGAACGCTGGCGGCGTGCCTAACACATGCAAGTCGAACGAAGACCATAGAGGAGCTTGCTTTAATATGGTTTTAGTGGCGGACGGGTGAGTAACGCGTGAGGACTTGTCGAGTACAGGGGGACAACAGGTGGAAACGTCTGCTAATACCCCATAAGCCTTATGGTAAAAGGAGCGATCCGGTACACGAGAGACTCGCGTTCTATCAGCTAGTAGGTGGGGTAACGGCCCACCCAGGCCAAGACGGATAGCCGGACTGAGAGGTCGATCGGCCACACTGGAACTGAGACACGGTCCAG",1142
"GATGAACGCTAGCTACAGGCTTAACACATGCAAGTCGAGGGGCAGCATTTCAGTTTGCTTGCAAACTGGAGATGGCGACCGGCGCACGGGTGAGTAACACGTATCCAACCTGCCGATAACTCGGGAATAGCCTTTCGAAAGAAAGATTAATACCCGATGGTATAATCAGACCGCATGGTCTTGTTATTAAAGAATTTCGGTTATCGATGGGGATGCGTTCCATTAGGCAGTTGGTGAGGTAACGGCTCACCAAACCTTCGATGGATAGGGGTTCTGAGAGGAAGGTCCCCCACATTGGAACTGAGACACGGTCCAA",2262
"GATGAACGCTAGCTACAGGCTTAACACATGCAAGTCGAGGGGCATCATTTCAGTTTGCTTGCAAACTGGAGATGGCGACCGGCGCACGGGTGAGTAACACGTATCCAACCTGCCGATAACTCGGGGATAGCCTTTCGAAAGAAAGATTAATACCCGATGGTATAATCAGACCGCATGGTCTTGTTATTAAAGAATTTCGGTTATCGATGGGGATGCGTTCCATTAGGCAGTTGGTGAGGTAACGGCTCACCAAACCTTCGATGGATAGGGGTTCTGAGAGGAAGGTCCCCCACATTGGAACTGAGACACGGTCCAA",2095
"GATGAACGCTAGCTACAGGCTTAACACATGCAAGTCGAGGGGCAGCAGGATCTAGCAATAGATTGCTGGCGACCGGCGCACGGGTGAGTAACACGTATCCAACCTGCCGATAACTCGGGGATAGCCTTTCGAAAGAAAGATTAATACCCGATGGTATAATTAGACCGCATGGTCTTATTATTAAAGAATTTCGGTTATCGATGGGGATGCGTTCCATTAGGCAGTTGGTGAGGTAACGGCTCACCAAACCTTCGATGGATAGGGGTTCTGAGAGGAAGGTCCCCCACATTGGAACTGAGACACGGTCCAA",2083
"GACGAACGCTGGCGGCGTGCTTAACACATGCAAGTCGAACGAGAGATGAAAAGAAGCTTGCTTCTTTTGAGATCGAGTGGCAAACGGGTGAGTAACGCGTAAACAACCTGCCCTACGGATGGGGACAACAGTTGGAAACGACTGCTAATACCGAATACGCTCATAGAGCCGCATGACTTTATGAGGAAAGGATGGCCTCTACATTATGCTATCGCCGGAGGAGGGGTTTGCGTCTGATTAGCTAGTTGGAGGGGTAACGGCCCACCAAGGCGACGATCAGTAGCCGGTCTGAGAGGATGAACGGCCACATTGGAACTGAGACACGGTCCAG",1926
"GATGAACGCTGGCGGCGTGCCTAACACATGCAAGTCGAACGAAGCGATTAAGATGAAGTTTTCGGATGGAATCTTGATTGACTGAGTGGCGGACGGGTGAGTAACGCGTGGATAACCTGCCTCACACTGGGGGATAACAGTTAGAAATGACTGCTAATACCGCATAAGCGCACAGTGCCGCATGGCAGTGTGTGAAAAACTCCGGTGGTGTGAGATGGATCCGCGTCTGATTAGCCAGTTGGCGGGGTAACGGCCCACCAAAGCGACGATCAGTAGCCGACCTGAGAGGGTGACCGGCCACATTGGGACTGAGACACGGCCCAA",439
"GACGAACGCTGGCGGCGTGCGTAACACATGCAAGTCGAACGAGAGAGTGAGAGAAGCTTGCTTTTCTTATGATCGAGTGGCAAACGGGTGAGTAACGCGTAAACAACCTGCCCCGCAGATGGGGACAACAGCTGGAAACGGCTGCTAATACCGAATACGGTCCTCTTAGCGCATGGTAAGAGGAAGAAAGGGTGGCCTCTGGAACAAGCTACCGCTGCGGGAGGGGTTTGCGTCTGATTAGCTGGTTGGAGGGGTAACGGCCCACCAAGGCGACGATCAGTAGCCGGTCTGAGAGGATGAACGGCCACATTGGAACTGAGACACGGTCCAG",3659
"ATTGAACGCTGGCGGCAGGCCTAACACATGCAAGTCGAACGGTAACAGAAATCAGCTTGCTGATTTGCTGACGAGTGGCGGACGGGTGAGTAATGTCTGGGAAACTGCCTGATGGAGGGGGATAACTACTGGAAACGGTAGCTAATACCGCATAACGTCGCAAGACCAAAGAGGGGGACCTTCGGGCCTCTTGCCATCGGATGTGCCCAGATGGGATTAGCTAGTAGGTGGGGTAACGGCTCACCTAGGCGACGATCCCTAGCTGGTCTGAGAGGATGACCAGCCACACTGGAACTGAGACACGGTCCAG",109
"ATTGAACGCTGGCGGCGTGCTTAACACATGCAAGTCGAACGTGAAAGTCCTTCGGGACGAGTAAAGTGGCGCACGGGTGAGTAACGCGTGGATAATCTACCCTTAAGATGGGGATAACGGCTGGAAACGGTCGCTAATACCGAATACGCTCCCGATTTTATCATTGGGGGGAAAGATGGCCTCTGCTTGCAAGCTATCGCTTAAGGATGAGTCCGCGTCCCATTAGCTAGTTGGCGGGGTAACGGCCCACCAAGGCAACGATGGGTAGCCGGTCTGAGAGGATGACCGGCCACACTGGAACTGGAACACGGTCCAG",104
"ATTGAACGCTGGCGGCAGGCCTAACACATGCAAGTCGAACGGTAACAGGAAACAGCTTGCTGTTTCGCTGACGAGTGGCGGACGGGTGAGTAATGTCTGGGAAACTGCCTGATGGAGGGGGATAACTACTGGAAACGGTAGCTAATACCGCATAACGTCGCAAGACCAAAGAGGGGGACCTTCGGGCCTCTTGCCATCGGATGTGCCCAGATGGGATTAGCTAGTAGGTGGGGTAACGGCTCACCTAGGCGACGATCCCTAGCTGGTCTGAGAGGATGACCAGCCACACTGGAACTGAGACACGGTCCAG",17
"GATGAACGCTGGCGGCGTGCCTAACACATGCAAGTCGAGCGAAGCACTTTGCTTAGATTCTTCGGATGAAGAGGATTGTGACTGAGCGGCGGACGGGTGAGTAACGCGTGGGTAACCTGCCTCATACAGGGGGATAACAGTTAGAAATGACTGCTAATACCGCATAAGACCACAGCACCGCATGGTGCGGGGGTAAAAACTCCGGTGGTATGAGATGGACCCGCGTCTGATTAGCTAGTTGGTAAGGTAACGGCTTACCAAGGCGACGATCAGTAGCCGACCTGAGAGGGTGACCGGCCACATTGGGACTGAGACACGGCCCAA",257
"GACGAACGCTGGCGGCGTGCGTAACACATGCAAGTCGAACGAGAGAGTGAGAGAAGCTTGCTTTTCTTACGATCGAGTGGCAAACGGGTGAGTAACGCGTAAACAACCTGCCCCGCAGATGGGGACAACAGCTGGAAACGGCTGCTAATACCGAATACGGTCCTCTTAGCGCATGGTAAGAGGAAGAAAGGGTGGCCTCTGGAACAAGCTACCGCTGTGGGAGGGGTTTGCGTCTGATTAGCTGGTTGGAGGGGTAACGGCCCACCAAGGCGACGATCAGTAGCCGGTCTGAGAGGATGAACGGCCACATTGGAACTGAGACACGGTCCAG",1263
"GATGAACGCTGGCGGCGTGCCTAACACATGCAAGTCGAACGAAGCAATTAAAGGAAGTTTTCGGATGGAATTTGATTGACTGAGTGGCGGACGGGTGAGTAACGCGTGGATAACCTGCCTCACACTGGGGGATAACAGTTAGAAATGACTGCTAATACCGCATAAGCGCACAGTACCGCATGGTACGGTGTGAAAAACTCCGGTGGTGTGAGATGGATCCGCGTCTGATTAGCCAGTTGGCGGGGTAACGGCCCACCAAAGCGACGATCAGTAGCCGACCTGAGAGGGTGACCGGCCACATTGGGACTGAGACACGGCCCAA",353
"GATGAACGCTGGCGGCGTGCCTAACACATGCAAGTCGAACGAAGCAATTAAAATGAAGTTTTCGGATGGATTTTTGATTGACTGAGTGGCGGACGGGTGAGTAACGCGTGGATAACCTGCCTCACACTGGGGGATAACAGTTAGAAATGACTGCTAATACCGCATAAGCGCACAGTACCGCATGGTACGGTGTGAAAAACTCCGGTGGTGTGAGATGGATCCGCGTCTGATTAGCCAGTTGGCGGGGTAACGGCCCACCAAAGCGACGATCAGTAGCCGACCTGAGAGGGTGACCGGCCACATTGGGACTGAGACACGGCCCAA",224
"GATGAACGCTGGCGGCGTGCCTAACACATGCAAGTCGAGCGAAGCACTTTGCTTAGATTCTTCGGATGAAGAGGATTGTGACTGAGCGGCGGACGGGTGAGTAACGCGTGGGTAACCTGCCTCGTACAGGGGGATAACAGTTAGAAATGACTGCTAATACCGCATAAGACCACAGCACCGCATGGTGCAGGGGTAAAAACTCCGGTGGTATGAGATGGACCCGCGTCTGATTAGCTAGTTGGTAAGGTAACGGCTTACCAAGGCGACGATCAGTAGCCGACCTGAGAGGGTGACCGGCCACATTGGGACTGAGACACGGCCCAA",101
"GACGAACGCTGGCGGCGTGCCTAATACATGCAAGTCGAACGCTTCTTTCCTCCCGAGTGCTTGCACTCAATTGGAAAGAGGAGTGGCGGACGGGTGAGTAACACGTGGGTAACCTACCCATCAGAGGGGGATAACACTTGGAAACAGGTGCTAATACCGCATAACAGTTTATGTCGCATGGCATAAAAGTGAAAGGCGCTTTCGGGTGTCGCTGATGGATGGACCCGCGGTGCATTAGCTAGTTGGTGAGGTAACGGCTCACCAAGGCCACGATGCATAGCCGACCTGAGAGGGTGATCGGCCACACTGGGACTGAGACACGGCCCAG",68
"GATGAACGCTGGCGGCGTGCTTAACACATGCAAGTCGAGCGAAGCGCTTAAACGGATTTCTTCGGATTGAAGTTTTTGTGACTGAGCGGCGGACGGGTGAGTAACGCGTGGGTAACCTGCCTCATACAGGGGGATAACAGTTAGAAATGGCTGCTAATACCGCATAAGCGCACAGGACCGCATGGTCTGGTGTGAAAAACTCCGGTGGTATGAGATGGACCCGCGTCTGATTAGCTAGTTGGAGGGGTAACGGCCCACCAAGGCGACGATCAGTAGCCGGCCTGAGAGGGTGAACGGCCACATTGGGACTGAGACACGGCCCAG",37
"GATGAACGCTGGCGGCGTGCTTAACACATGCAAGTCGAGCGAAGCACTTGAACGGATTTCTTCGGATTGAAGTTTTTGTGACTGAGCGGCGGACGGGTGAGTAACGCGTGGGTAACCTGCCTCATACAGGGGGATAACAGTTAGAAATGGCTGCTAATACCGCATAAGCGCACAGGACCGCATGGTCTGGTGTGAAAAACTCCGGTGGTATGAGATGGACCCGCGTCTGATTAGCTAGTTGGAGGGGTAACGGCCCACCAAGGCGACGATCAGTAGCCGGCCTGAGAGGGTGAACGGCCACATTGGGACTGAGACACGGCCCAG",23
