"","SRR12968054"
"GATGAACGCTAGCTACAGGCTTAACACATGCAAGTCGAGGGGCAGCATTTCAGTTTGCTTGCAAACTGGAGATGGCGACCGGCGCACGGGTGAGTAACACGTATCCAACCTGCCGATAACTCGGGGATAGCCTTTCGAAAGAAAGATTAATACCCGATGGTATAATTAGACCGCATGGTCTAATTATTAAAGAATTTCGGTTATCGATGGGGATGCGTTCCATTAGGCAGTTGGTGAGGTAACGGCTCACCAAACCTTCGATGGATAGGGGTTCTGAGAGGAAGGTCCCCCACATTGGAACTGAGACACGGTCCAA",9244
"GATGAACGCTAGCTACAGGCTTAACACATGCAAGTCGAGGGGCAGCATTTCAGTTTGCTTGCAAACTGGAGATGGCGACCGGCGCACGGGTGAGTAACACGTATCCAACCTGCCGATAACTCGGGAATAGCCTTTCGAAAGAAAGATTAATACCCGATGGTATAATCAGACCGCATGGTCTTGTTATTAAAGAATTTCGGTTATCGATGGGGATGCGTTCCATTAGGCAGTTGGTGAGGTAACGGCTCACCAAACCTTCGATGGATAGGGGTTCTGAGAGGAAGGTCCCCCACATTGGAACTGAGACACGGTCCAA",6090
"GATGAACGCTAGCTACAGGCTTAACACATGCAAGTCGAGGGGCATCATTTCAGTTTGCTTGCAAACTGGAGATGGCGACCGGCGCACGGGTGAGTAACACGTATCCAACCTGCCGATAACTCGGGGATAGCCTTTCGAAAGAAAGATTAATACCCGATGGTATAATCAGACCGCATGGTCTTGTTATTAAAGAATTTCGGTTATCGATGGGGATGCGTTCCATTAGGCAGTTGGTGAGGTAACGGCTCACCAAACCTTCGATGGATAGGGGTTCTGAGAGGAAGGTCCCCCACATTGGAACTGAGACACGGTCCAA",5872
"GATGAACGCTAGCTACAGGCTTAACACATGCAAGTCGAGGGGCAGCAGGATCTAGCAATAGATTGCTGGCGACCGGCGCACGGGTGAGTAACACGTATCCAACCTGCCGATAACTCGGGGATAGCCTTTCGAAAGAAAGATTAATACCCGATGGTATAATTAGACCGCATGGTCTTATTATTAAAGAATTTCGGTTATCGATGGGGATGCGTTCCATTAGGCAGTTGGTGAGGTAACGGCTCACCAAACCTTCGATGGATAGGGGTTCTGAGAGGAAGGTCCCCCACATTGGAACTGAGACACGGTCCAA",4778
"GACGAACGCTGGCGGCGTGCTTAACACATGCAAGTCGAACGAGAGATGAAAAGAAGCTTGCTTCTTTTGAGATCGAGTGGCAAACGGGTGAGTAACGCGTAAACAACCTGCCCTACGGATGGGGACAACAGTTGGAAACGACTGCTAATACCGAATACGCTCATAGAGCCGCATGACTTTATGAGGAAAGGATGGCCTCTACATTATGCTATCGCCGGAGGAGGGGTTTGCGTCTGATTAGCTAGTTGGAGGGGTAACGGCCCACCAAGGCGACGATCAGTAGCCGGTCTGAGAGGATGAACGGCCACATTGGAACTGAGACACGGTCCAG",1236
"GATGAACGCTGGCGGCGTGCCTAACACATGCAAGTCGAACGAAGCGATTAAGATGAAGTTTTCGGATGGAATCTTGATTGACTGAGTGGCGGACGGGTGAGTAACGCGTGGATAACCTGCCTCACACTGGGGGATAACAGTTAGAAATGACTGCTAATACCGCATAAGCGCACAGTGCCGCATGGCAGTGTGTGAAAAACTCCGGTGGTGTGAGATGGATCCGCGTCTGATTAGCCAGTTGGCGGGGTAACGGCCCACCAAAGCGACGATCAGTAGCCGACCTGAGAGGGTGACCGGCCACATTGGGACTGAGACACGGCCCAA",4409
"GACGAACGCTGGCGGCGTGCGTAACACATGCAAGTCGAACGAGAGAGTGAGAGAAGCTTGCTTTTCTTATGATCGAGTGGCAAACGGGTGAGTAACGCGTAAACAACCTGCCCCGCAGATGGGGACAACAGCTGGAAACGGCTGCTAATACCGAATACGGTCCTCTTAGCGCATGGTAAGAGGAAGAAAGGGTGGCCTCTGGAACAAGCTACCGCTGCGGGAGGGGTTTGCGTCTGATTAGCTGGTTGGAGGGGTAACGGCCCACCAAGGCGACGATCAGTAGCCGGTCTGAGAGGATGAACGGCCACATTGGAACTGAGACACGGTCCAG",1967
"ATTGAACGCTGGCGGCAGGCCTAACACATGCAAGTCGAACGGTAACAGGAATCAGCTTGCTGATTTGCTGACGAGTGGCGGACGGGTGAGTAATGTCTGGGAAACTGCCTGATGGAGGGGGATAACTACTGGAAACGGTAGCTAATACCGCATAACGTCGCAAGACCAAAGAGGGGGACCTTCGGGCCTCTTGCCATCGGATGTGCCCAGATGGGATTAGCTAGTAGGTGGGGTAACGGCTCACCTAGGCGACGATCCCTAGCTGGTCTGAGAGGATGACCAGCCACACTGGAACTGAGACACGGTCCAG",362
"ATTGAACGCTGGCGGCAGGCCTAACACATGCAAGTCGAACGGTAACAGAAATCAGCTTGCTGATTTGCTGACGAGTGGCGGACGGGTGAGTAATGTCTGGGAAACTGCCTGATGGAGGGGGATAACTACTGGAAACGGTAGCTAATACCGCATAACGTCGCAAGACCAAAGAGGGGGACCTTCGGGCCTCTTGCCATCGGATGTGCCCAGATGGGATTAGCTAGTAGGTGGGGTAACGGCTCACCTAGGCGACGATCCCTAGCTGGTCTGAGAGGATGACCAGCCACACTGGAACTGAGACACGGTCCAG",341
"ATTGAACGCTGGCGGCGTGCTTAACACATGCAAGTCGAACGTGAAAGTCCTTCGGGACGAGTAAAGTGGCGCACGGGTGAGTAACGCGTGGATAATCTACCCTTAAGATGGGGATAACGGCTGGAAACGGTCGCTAATACCGAATACGCTCCCGATTTTATCATTGGGGGGAAAGATGGCCTCTGCTTGCAAGCTATCGCTTAAGGATGAGTCCGCGTCCCATTAGCTAGTTGGCGGGGTAACGGCCCACCAAGGCAACGATGGGTAGCCGGTCTGAGAGGATGACCGGCCACACTGGAACTGGAACACGGTCCAG",751
"ATTGAACGCTGGCGGCAGGCCTAACACATGCAAGTCGAACGGTAACAGGAAACAGCTTGCTGTTTCGCTGACGAGTGGCGGACGGGTGAGTAATGTCTGGGAAACTGCCTGATGGAGGGGGATAACTACTGGAAACGGTAGCTAATACCGCATAACGTCGCAAGACCAAAGAGGGGGACCTTCGGGCCTCTTGCCATCGGATGTGCCCAGATGGGATTAGCTAGTAGGTGGGGTAACGGCTCACCTAGGCGACGATCCCTAGCTGGTCTGAGAGGATGACCAGCCACACTGGAACTGAGACACGGTCCAG",200
"GATGAACGCTGGCGGCGTGCCTAACACATGCAAGTCGAGCGAAGCACTTTGCTTAGATTCTTCGGATGAAGAGGATTGTGACTGAGCGGCGGACGGGTGAGTAACGCGTGGGTAACCTGCCTCATACAGGGGGATAACAGTTAGAAATGACTGCTAATACCGCATAAGACCACAGCACCGCATGGTGCGGGGGTAAAAACTCCGGTGGTATGAGATGGACCCGCGTCTGATTAGCTAGTTGGTAAGGTAACGGCTTACCAAGGCGACGATCAGTAGCCGACCTGAGAGGGTGACCGGCCACATTGGGACTGAGACACGGCCCAA",30
"ATTGAACGCTGGCGGCAGGCCTAACACATGCAAGTCGAACGGTAACAGGAAGCAGCTTGCTGCTTTGCTGACGAGTGGCGGACGGGTGAGTAATGTCTGGGAAACTGCCTGATGGAGGGGGATAACTACTGGAAACGGTAGCTAATACCGCATAACGTCGCAAGACCAAAGAGGGGGACCTTCGGGCCTCTTGCCATCGGATGTGCCCAGATGGGATTAGCTAGTAGGTGGGGTAACGGCTCACCTAGGCGACGATCCCTAGCTGGTCTGAGAGGATGACCAGCCACACTGGAACTGAGACACGGTCCAG",134
"ATTGAACGCTGGCGGCAGGCCTAACACATGCAAGTCGAACGGTAACAGGAATCAGCTTGCTGATTTGCTGACGAGTGGCGGACGGGTGAGTAATGTCTGGGAAACTGCCTGATGGAGGGGGATAACTACTGGAAACGGTAGCTAATACCGCATAACGTCGCAAGACCAAAGAGGGGGACCTTTGGGCCTCTTGCCATCGGATGTGCCCAGATGGGATTAGCTAGTAGGTGGGGTAACGGCTCACCTAGGCGACGATCCCTAGCTGGTCTGAGAGGATGACCAGCCACACTGGAACTGAGACACGGTCCAG",161
"GACGAACGCTGGCGGCGTGCGTAACACATGCAAGTCGAACGAGAGAGTGAGAGAAGCTTGCTTTTCTTACGATCGAGTGGCAAACGGGTGAGTAACGCGTAAACAACCTGCCCCGCAGATGGGGACAACAGCTGGAAACGGCTGCTAATACCGAATACGGTCCTCTTAGCGCATGGTAAGAGGAAGAAAGGGTGGCCTCTGGAACAAGCTACCGCTGTGGGAGGGGTTTGCGTCTGATTAGCTGGTTGGAGGGGTAACGGCCCACCAAGGCGACGATCAGTAGCCGGTCTGAGAGGATGAACGGCCACATTGGAACTGAGACACGGTCCAG",791
"GATGAACGCTGGCGGCGTGCCTAACACATGCAAGTCGAACGAAGCAATTAAAGGAAGTTTTCGGATGGAATTTGATTGACTGAGTGGCGGACGGGTGAGTAACGCGTGGATAACCTGCCTCACACTGGGGGATAACAGTTAGAAATGACTGCTAATACCGCATAAGCGCACAGTACCGCATGGTACGGTGTGAAAAACTCCGGTGGTGTGAGATGGATCCGCGTCTGATTAGCCAGTTGGCGGGGTAACGGCCCACCAAAGCGACGATCAGTAGCCGACCTGAGAGGGTGACCGGCCACATTGGGACTGAGACACGGCCCAA",37
"GATGAACGCTGGCGGCGTGCCTAACACATGCAAGTCGAACGAAGCAATTAAAATGAAGTTTTCGGATGGATTTTTGATTGACTGAGTGGCGGACGGGTGAGTAACGCGTGGATAACCTGCCTCACACTGGGGGATAACAGTTAGAAATGACTGCTAATACCGCATAAGCGCACAGTACCGCATGGTACGGTGTGAAAAACTCCGGTGGTGTGAGATGGATCCGCGTCTGATTAGCCAGTTGGCGGGGTAACGGCCCACCAAAGCGACGATCAGTAGCCGACCTGAGAGGGTGACCGGCCACATTGGGACTGAGACACGGCCCAA",29
"ATTGAACGCTGGCGGCGTGCTTAACACATGCAAGTCGAACGTGAAAGTCCTTCGGGACGAGTAAAGTGGCGCACGGGTGAGTAACGCGTGGATAATCTACCCTTAAGATGGGGATAACGGCTGGAAACGGTCGCTAATACCGAATACGCTCCCGATTTTATCATTGGGGGGAAAGATGGCCTCTGCTTGCAAGCTATCGCTTAAGGATGAGTCCGCGTCCCATTAGCTAGTTGGCGGGGTAACAGCCCACCAAGGCAACGATGGGTAGCCGGTCTGAGAGGATGACCGGCCACACTGGAACTGGAACACGGTCCAG",231
"ATTGAACGCTGGCGGCAGGCCTAACACATGCAAGTCGAGCGGTAGCACAGAGAGCTTGCTCTCGGGTGACGAGCGGCGGACGGGTGAGTAATGTCTGGGAAACTGCCTGATGGAGGGGGATAACTACTGGAAACGGTAGCTAATACCGCATAACGTCGCAAGACCAAAGTGGGGGACCTTCGGGCCTCATGCCATCAGATGTGCCCAGATGGGATTAGCTAGTAGGTGGGGTAATGGCTCACCTAGGCGACGATCCCTAGCTGGTCTGAGAGGATGACCAGCCACACTGGAACTGAGACACGGTCCAG",708
"GATGAACGCTGGCGGCGTGCTTAACACATGCAAGTCGAGCGAAGCACCCGGACGGATTTCTTCGGATTGAAGTCTGGGCGACTGAGCGGCGGACGGGTGAGTAACGCGTGGGTAACCTGCCTCATACAGGGGGATAACAGTTAGAAATGACTGCTAATACCGCATAAGCGCACGAAGGCGCATGCCTTTGTGTGAAAAACTCCGGTGGTATGAGATGGACCCGCGTTAGATTAGCCAGTTGGCAGGGTAACGGCCTACCAAAGCGACGATCTATAGCCGGCCTGAGAGGGCGACCGGCCACATTGGGACTGAGACACGGCCCAA",40
"GACGAACGCTGGCGGCGTGCCTAATACATGCAAGTCGAACGCTTCTTTCCTCCCGAGTGCTTGCACTCAATTGGAAAGAGGAGTGGCGGACGGGTGAGTAACACGTGGGTAACCTACCCATCAGAGGGGGATAACACTTGGAAACAGGTGCTAATACCGCATAACAGTTTATGTCGCATGGCATAAAAGTGAAAGGCGCTTTCGGGTGTCGCTGATGGATGGACCCGCGGTGCATTAGCTAGTTGGTGAGGTAACGGCTCACCAAGGCCACGATGCATAGCCGACCTGAGAGGGTGATCGGCCACACTGGGACTGAGACACGGCCCAG",117
"GATGAACGCTGGCGGCGTGCTTAACACATGCAAGTCGAGCGAAGCGCTTAAACGGATTTCTTCGGATTGAAGTTTTTGTGACTGAGCGGCGGACGGGTGAGTAACGCGTGGGTAACCTGCCTCATACAGGGGGATAACAGTTAGAAATGGCTGCTAATACCGCATAAGCGCACAGGACCGCATGGTCTGGTGTGAAAAACTCCGGTGGTATGAGATGGACCCGCGTCTGATTAGCTAGTTGGAGGGGTAACGGCCCACCAAGGCGACGATCAGTAGCCGGCCTGAGAGGGTGAACGGCCACATTGGGACTGAGACACGGCCCAG",39
"GACGAACGCTGGCGGCGTGCCTAATACATGCAAGTCGAACGCTTCTTTCCTCCCGAGTGCTTGCACTCAATTGGAAAGAGGAGTGGCGGACGGGTGAGTAACACGTGGGTAACCTACCCATCAGAGGGGGATAACACTTGGAAACAGGTGCTAATACCGCATAACAGTTTATGCCGCATGGCATAAGAGTGAAAGGCGCTTTCGGGTGTCGCTGATGGATGGACCCGCGGTGCATTAGCTAGTTGGTGAGGTAACGGCTCACCAAGGCCACGATGCATAGCCGACCTGAGAGGGTGATCGGCCACACTGGGACTGAGACACGGCCCAG",84
"GATGAACGCTGGCGGCATGCTTTACACATGCAAGTCGAACGGCAGCGCGGGGAGCTTGCTCCCTGGCGGCGAGTGGCGCACGGGTGAGTAATACATCGGAACGTGTCTTCTAGTGGGGGATAACTGCCCGAAAGGGCAGCTAATACCGCATGAGACCTGAGGGTGAAAGCGGGGGATCGCAAGACCTCGCGCTGGAAGAGCGGCCGATGTCCGATTAGCTAGTTGGTGAGGTAAAGGCTCACCAAGGCGACGATCGGTAGCTGGTCTGAGAGGACGACCAGCCACACTGGGACTGAGACACGGCCCAG",83
"GATGAACGCTGGCGGCGTGCCTAACACATGCAAGTCGAGCGAAGCGGTTTTAAGGAAGTTTTCGGATGGAATTAAGACTGACTGAGCGGCGGACGGGTGAGTAACGCGTGGGTAACCTGCCTCATACAGGGGGATAACAGTTAGAAATGGCTGCTAATACCGCATAAGCACACAGCTTCGCATGGAGCAGTGTGAAAAACTCCGGTGGTATGAGATGGACCCGCGTCTGATTAGCTAGTTGGTAAGGTAACGGCTTACCAAGGCGACGATCAGTAGCCGACCTGAGAGGGTGACCGGCCACATTGGGACTGAGACACGGCCCAA",195
"GATGAACGCTGGCGGCGTGCTTAACACATGCAAGTCGAGCGAAGCGATTTAAGTGAAGTTTTCGGATGGATCTTAAATTGACTGAGCGGCGGACGGGTGAGTAACGCGTGGATAACCTGCCTCACACAGGGGGATAACAGTTAGAAATGACTGCTAATACCGCATAAGCGCACGGTACCGCATGGTACAGTGTGAAAAACTCCGGTGGTGTGAGATGGATCCGCGTCTGATTAGGTAGTTGGTGAGGTAACGGCCCACCAAGCCGACGATCAGTAGCCGACCTGAGAGGGTGACCGGCCACATTGGGACTGAGACACGGCCCAA",61
"GATGAACGCTGGCGGCGTGCTTAACACATGCAAGTCGAGCGAAGCGATTTAAATGAGACTTCGGTGGATTTTAAATTGACTGAGCGGCGGACGGGTGAGTAACGCGTGGATAACCTGCCTCACACAGGGGGATAACAGTTAGAAATGACTGCTAATACCGCATAAGCGCACGGTACCGCATGGTACAGTGTGAAAAACTCCGGTGGTGTGAGATGGATCCGCGTCTGATTAGGTAGTTGGTGAGGTAACGGCCCACCAAGCCGACGATCAGTAGCCGACCTGAGAGGGTGACCGGCCACATTGGGACTGAGACACGGCCCAA",61
"GATGAACGCTGGCGGCGTGCTTAACACATGCAAGTCGAACGTGAAAGTCCTTCGGGACGAGTAAAGTGGCGCACGGGTGAGTAACGCGTGGATAATCTACCCTTAAGATGGGGATAACGGCTGGAAACGGTCGCTAATACCGAATACGCTCCCGATTTTATCATTGGGGGGAAAGATGGCCTCTGCTTGCAAGCTATCGCTTAAGGATGAGTCCGCGTCCCATTAGCTAGTTGGCGGGGTAACGGCCCACCAAGGCAACGATGGGTAGCCGGTCTGAGAGGATGACCGGCCACACTGGAACTGGAACACGGTCCAG",54
"GATGAACGCTGGCGGCATGCTTTACACATGCAAGTCGAACGGCAGCGCGGGGAGCTTGCTCCCTGGCGGCGAGTGGCGCACGGGTGAGTAATACATCGGAACGTGTCTTCTAGTGGGGGATAACTGCCCGAAAGGGCAGCTAATACCGCATGAGACCTGAGGGTGAAAGCGGGGGATCGCAAGACCTCGCGCTGGAAGAGCGGCCGATGTCCGATTAGCTAGTTGGTGAGGTAAAGGCTCACCAAGGCGACGATCGGTAGCTGGTCTGAGAGGACGATCAGCCACACTGGGACTGAGACACGGCCCAG",19
"GATGAACGCTGGCGGCGTGCTTAACACATGCAAGTCGAGCGAAGCGATTTAAATGAGACTTCGGTGGATTTTAAATTGACTGAGCGGCGGACGGGTGAGTAACGCGTGGATAACCTGCCTCACACAGGGGGATAACAGTTAGAAATGACTGCTAATACCGCATAAGCGCACAGTACCGCATGGTATAGTGTGAAAAACTCCGGTGGTGTGAGATGGATCCGCGTCTGATTAGGTAGTTGGTGAGGTAACGGCCCACCAAGCCGACGATCAGTAGCCGACCTGAGAGGGTGACCGGCCACATTGGGACTGAGACACGGCCCAA",23
"GATGAACGCTGGCGGCGTGCTTAACACATGCAAGTCGAACGTGAAAGTCCTTCGGGACGAGTAAAGTGGCGCACGGGTGAGTAACGCGTGGATAATCTACCCTTAAGATGGGGATAACGGCTGGAAACGGTCGCTAATACCGAATACGCTCCCGATTTTATCATTGGGGGGAAAGATGGCCTCTGCTTGCAAGCTATCGCTTAAGGATGAGTCCGCGTCCCATTAGCTAGTTGGCGGGGTAACAGCCCACCAAGGCAACGATGGGTAGCCGGTCTGAGAGGATGACCGGCCACACTGGAACTGGAACACGGTCCAG",28
