"","SRR12968048"
"GATGAACGCTAGCTACAGGCTTAACACATGCAAGTCGAGGGGCAGCATTTCAGTTTGCTTGCAAACTGGAGATGGCGACCGGCGCACGGGTGAGTAACACGTATCCAACCTGCCGATAACTCGGGGATAGCCTTTCGAAAGAAAGATTAATACCCGATGGTATAATTAGACCGCATGGTCTAATTATTAAAGAATTTCGGTTATCGATGGGGATGCGTTCCATTAGGCAGTTGGTGAGGTAACGGCTCACCAAACCTTCGATGGATAGGGGTTCTGAGAGGAAGGTCCCCCACATTGGAACTGAGACACGGTCCAA",1259
"GACGAACGCTGGCGGCGTGCCTAACACATGCAAGTCGAACGAAGACCATAGAGGAGCTTGCTTTAATATGGTTTTAGTGGCGGACGGGTGAGTAACGCGTGAGGACTTGTCGAGTACAGGGGGACAACAGGTGGAAACGTCTGCTAATACCCCATAAGCCTTCGGGTAAAAGGAGCGATCCGGTACACGAGAGACTCGCGTTCTATCAGCTAGTAGGTGGGGTAACGGCCCACCCAGGCCAAGACGGATAGCCGGACTGAGAGGTCGATCGGCCACACTGGAACTGAGACACGGTCCAG",1596
"GATGAACGCTGACAGAATGCTTAACACATGCAAGTCTACTTGATCCTTCGGGTGAAGGTGGCGGACGGGTGAGTAACGCGTAAAGAACTTGCCTTACAGACTGGGACAACATTTGGAAACGAATGCTAATACCGGATATTATGATTGGGTCGCATGATCTGGTTATGAAAGCTATATGCGCTGTGAGAGAGCTTTGCGTCCCATTAGTTAGTTGGTGAGGTAACGGCTCACCAAGACGATGATGGGTAGCCGGCCTGAGAGGGTGAACGGCCACAAGGGGACTGAGACACGGCCCTT",277
"GACGAACGCTGGCGGCGTGCCTAACACATGCAAGTCGAACGAAGACCATAGAGGAGCTTGCTTTAATATGGTTTTAGTGGCGGACGGGTGAGTAACGCGTGAGGACTTGTCGAGTACAGGGGGACAACAGGTGGAAACGTCTGCTAATACCCCATAAGCCTTATGGTAAAAGGAGCGATCCGGTACACGAGAGACTCGCGTTCTATCAGCTAGTAGGTGGGGTAACGGCCCACCCAGGCCAAGACGGATAGCCGGACTGAGAGGTCGATCGGCCACACTGGAACTGAGACACGGTCCAG",1236
"GATGAACGCTAGCTACAGGCTTAACACATGCAAGTCGAGGGGCAGCATTTCAGTTTGCTTGCAAACTGGAGATGGCGACCGGCGCACGGGTGAGTAACACGTATCCAACCTGCCGATAACTCGGGAATAGCCTTTCGAAAGAAAGATTAATACCCGATGGTATAATCAGACCGCATGGTCTTGTTATTAAAGAATTTCGGTTATCGATGGGGATGCGTTCCATTAGGCAGTTGGTGAGGTAACGGCTCACCAAACCTTCGATGGATAGGGGTTCTGAGAGGAAGGTCCCCCACATTGGAACTGAGACACGGTCCAA",733
"GATGAACGCTAGCTACAGGCTTAACACATGCAAGTCGAGGGGCATCATTTCAGTTTGCTTGCAAACTGGAGATGGCGACCGGCGCACGGGTGAGTAACACGTATCCAACCTGCCGATAACTCGGGGATAGCCTTTCGAAAGAAAGATTAATACCCGATGGTATAATCAGACCGCATGGTCTTGTTATTAAAGAATTTCGGTTATCGATGGGGATGCGTTCCATTAGGCAGTTGGTGAGGTAACGGCTCACCAAACCTTCGATGGATAGGGGTTCTGAGAGGAAGGTCCCCCACATTGGAACTGAGACACGGTCCAA",647
"GATGAACGCTAGCTACAGGCTTAACACATGCAAGTCGAGGGGCAGCAGGATCTAGCAATAGATTGCTGGCGACCGGCGCACGGGTGAGTAACACGTATCCAACCTGCCGATAACTCGGGGATAGCCTTTCGAAAGAAAGATTAATACCCGATGGTATAATTAGACCGCATGGTCTTATTATTAAAGAATTTCGGTTATCGATGGGGATGCGTTCCATTAGGCAGTTGGTGAGGTAACGGCTCACCAAACCTTCGATGGATAGGGGTTCTGAGAGGAAGGTCCCCCACATTGGAACTGAGACACGGTCCAA",610
"GACGAACGCTGGCGGCGTGCTTAACACATGCAAGTCGAACGAGAGATGAAAAGAAGCTTGCTTCTTTTGAGATCGAGTGGCAAACGGGTGAGTAACGCGTAAACAACCTGCCCTACGGATGGGGACAACAGTTGGAAACGACTGCTAATACCGAATACGCTCATAGAGCCGCATGACTTTATGAGGAAAGGATGGCCTCTACATTATGCTATCGCCGGAGGAGGGGTTTGCGTCTGATTAGCTAGTTGGAGGGGTAACGGCCCACCAAGGCGACGATCAGTAGCCGGTCTGAGAGGATGAACGGCCACATTGGAACTGAGACACGGTCCAG",800
"GATGAACGCTGGCGGCGTGCCTAACACATGCAAGTCGAACGAAGCGATTAAGATGAAGTTTTCGGATGGAATCTTGATTGACTGAGTGGCGGACGGGTGAGTAACGCGTGGATAACCTGCCTCACACTGGGGGATAACAGTTAGAAATGACTGCTAATACCGCATAAGCGCACAGTGCCGCATGGCAGTGTGTGAAAAACTCCGGTGGTGTGAGATGGATCCGCGTCTGATTAGCCAGTTGGCGGGGTAACGGCCCACCAAAGCGACGATCAGTAGCCGACCTGAGAGGGTGACCGGCCACATTGGGACTGAGACACGGCCCAA",309
"GACGAACGCTGGCGGCGTGCGTAACACATGCAAGTCGAACGAGAGAGTGAGAGAAGCTTGCTTTTCTTATGATCGAGTGGCAAACGGGTGAGTAACGCGTAAACAACCTGCCCCGCAGATGGGGACAACAGCTGGAAACGGCTGCTAATACCGAATACGGTCCTCTTAGCGCATGGTAAGAGGAAGAAAGGGTGGCCTCTGGAACAAGCTACCGCTGCGGGAGGGGTTTGCGTCTGATTAGCTGGTTGGAGGGGTAACGGCCCACCAAGGCGACGATCAGTAGCCGGTCTGAGAGGATGAACGGCCACATTGGAACTGAGACACGGTCCAG",61
"GATGAACGCTGACAGAATGCTTAACACATGCAAGTCTACTTGATCCTTTGGGTGAAGGTGGCGGACGGGTGAGTAACGCGTAAAGAACTTGCCTTACAGACTGGGACAACATTTGGAAACGAATGCTAATACCGGATATTATGATTGGGTCGCATGATCTGGTTATGAAAGCTATATGCGCTGTGAGAGAGCTTTGCGTCCCATTAGTTAGTTGGTGAGGTAACGGCTCACCAAGACGATGATGGGTAGCCGGCCTGAGAGGGTGAACGGCCACAAGGGGACTGAGACACGGCCCTT",86
"GACGAACGCTGGCGGCGTGCTTAACACATGCAAGTCGAGCGATGAAGCTCCTTCGGGAGTGGATTAGCGGCGGACGGGTGAGTAACACGTGGGTAACCTGCCTCATAGAGGGGAATAGCCTTTCGAAAGGAAGATTAATACCGCATAAGATTGTAGTACCGCATGGTACAGCAATTAAAGGAGTAATCCGCTATGAGATGGACCCGCGTCGCATTAGCTAGTTGGTGAGGTAACGGCTCACCAAGGCGACGATGCGTAGCCGACCTGAGAGGGTGATCGGCCACATTGGGACTGAGACACGGCCCAG",1065
"GATGAACGCTGACAGAATGCTTAACACATGCAAGTCTACTTAATCCTTCGGGTGAAGGTGGCGGACGGGTGAGTAACGCGTAAAGAACTTGCCTTACAGACTGGGACAACATTTGGAAACGAATGCTAATACCGGATATTATGATTGGGTCGCATGATCTGGTTATGAAAGCTATATGCGCTGTGAGAGAGCTTTGCGTCCCATTAGTTAGTTGGTGAGGTAACGGCTCACCAAGACGATGATGGGTAGCCGGCCTGAGAGGGTGAACGGCCACAAGGGGACTGAGACACGGCCCTT",52
"ATTGAACGCTGGCGGCGTGCTTAACACATGCAAGTCGAACGTGAAAGTCCTTCGGGACGAGTAAAGTGGCGCACGGGTGAGTAACGCGTGGATAATCTACCCTTAAGATGGGGATAACGGCTGGAAACGGTCGCTAATACCGAATACGCTCCCGATTTTATCATTGGGGGGAAAGATGGCCTCTGCTTGCAAGCTATCGCTTAAGGATGAGTCCGCGTCCCATTAGCTAGTTGGCGGGGTAACGGCCCACCAAGGCAACGATGGGTAGCCGGTCTGAGAGGATGACCGGCCACACTGGAACTGGAACACGGTCCAG",30
"GACGAACGCTGGCGGTATGCTTAACACATGCAAGTCGAACGAGAAAGTTTTGAATGATCCTTCGGGTGAAATTAGAACTGGAAAGTGGCGAACGGGTGAGTAACGCGTGGGTAACCTGCCCTATGGAAAGGAATAGCCTCGGGAAACTGGGAGTAAAGCCTTATATTATGGTTTTGTCGCATGGCAAGATCATGAAAACTCCGGTGCCATAGGATGGACCCGCGTCCCATTAGCTAGTTGGTGAGATAACAGCCCACCAAGGCGACGATGGGTAACCGGTCTGAGAGGGCGAACGGTCACACTGGAACTGAGACACGGTCCAG",871
"GATGAACGCTGGCGGCGTGCCTAACACATGCAAGTCGAGCGAAGCACTTTGCTTAGATTCTTCGGATGAAGAGGATTGTGACTGAGCGGCGGACGGGTGAGTAACGCGTGGGTAACCTGCCTCATACAGGGGGATAACAGTTAGAAATGACTGCTAATACCGCATAAGACCACAGCACCGCATGGTGCGGGGGTAAAAACTCCGGTGGTATGAGATGGACCCGCGTCTGATTAGCTAGTTGGTAAGGTAACGGCTTACCAAGGCGACGATCAGTAGCCGACCTGAGAGGGTGACCGGCCACATTGGGACTGAGACACGGCCCAA",325
"GACGAACGCTGGCGGTATGCTTAACACATGCAAGTCGAACGAGAAGGTTTTGAATGATCCTTCGGGTGAAATTAGAACTGGAAAGTGGCGAACGGGTGAGTAACGCGTGGGTAACCTGCCCTATGGAAAGGAATAGCCTCGGGAAACTGGGAGTAAAGCCTTATATTATGGTTTTGTCGCATGGCAAGATCATGAAAACTCCGGTGCCATAGGATGGACCCGCGTCCCATTAGCTAGTTGGTGAGATAACAGCCCACCAAGGCGACGATGGGTAACCGGTCTGAGAGGGCGAACGGTCACACTGGAACTGAGACACGGTCCAG",605
"GATGAACGCTGGCGGCGTGCCTAACACATGCAAGTCGAACGAAGCAATTAAAGGAAGTTTTCGGATGGAATTTGATTGACTGAGTGGCGGACGGGTGAGTAACGCGTGGATAACCTGCCTCACACTGGGGGATAACAGTTAGAAATGACTGCTAATACCGCATAAGCGCACAGTACCGCATGGTACGGTGTGAAAAACTCCGGTGGTGTGAGATGGATCCGCGTCTGATTAGCCAGTTGGCGGGGTAACGGCCCACCAAAGCGACGATCAGTAGCCGACCTGAGAGGGTGACCGGCCACATTGGGACTGAGACACGGCCCAA",168
"GATGAACGCTGGCGGCGTGCCTAACACATGCAAGTCGAACGAAGCAATTAAAATGAAGTTTTCGGATGGATTTTTGATTGACTGAGTGGCGGACGGGTGAGTAACGCGTGGATAACCTGCCTCACACTGGGGGATAACAGTTAGAAATGACTGCTAATACCGCATAAGCGCACAGTACCGCATGGTACGGTGTGAAAAACTCCGGTGGTGTGAGATGGATCCGCGTCTGATTAGCCAGTTGGCGGGGTAACGGCCCACCAAAGCGACGATCAGTAGCCGACCTGAGAGGGTGACCGGCCACATTGGGACTGAGACACGGCCCAA",108
"GATGAACGCTGGCGGCGTGCTTAACACATGCAAGTCGAACGGGGTACCCTTGACGGAGTTTTCGGACAACTGATAGGAATACCTAGTGGCGGACGGGTGAGTAACGCGTGAGTAACCTGCCTTGGAGTGGGGAATAACAGCTGGAAACAGTTGCTAATACCGCATGATGCAGTCGGATCGCATGGTCTGACTGCCAAAGATTTATCGCTCTGAGATGGACTCGCGTCTGATTAGATAGTTGGCGGGGTAACGGCCCACCAAGTCGACGATCAGTAGCCGGACTGAGAGGTTGACCGGCCACATTGGGACTGAGACACGGCCCAG",207
"GATGAACGCTGGCGGCGTGCCTAACACATGCAAGTCGAGCGAAGCACTTTGCTTAGATTCTTCGGATGAAGAGGATTGTGACTGAGCGGCGGACGGGTGAGTAACGCGTGGGTAACCTGCCTCGTACAGGGGGATAACAGTTAGAAATGACTGCTAATACCGCATAAGACCACAGCACCGCATGGTGCAGGGGTAAAAACTCCGGTGGTATGAGATGGACCCGCGTCTGATTAGCTAGTTGGTAAGGTAACGGCTTACCAAGGCGACGATCAGTAGCCGACCTGAGAGGGTGACCGGCCACATTGGGACTGAGACACGGCCCAA",87
"GATGAACGCTGGCGGCGTGCTTAACACATGCAAGTCGAGCGAAGCACTTTACTTTGATTTCTTCGGAATGAAGAGTGTTGTGACTGAGCGGCGGACGGGTGAGTAACGCGTGGGTAACCTGCCTCATACAGGGGGATAACAGTTAGAAATGACTGCTAATACCGCATAAGACCACGGTACCGCATGGTACAGTGGGAAAAACTCCGGTGGTATGAGATGGACCCGCGTCTGATTAGCTAGTTGGTAAGGTAACGGCTTACCAAGGCGACGATCAGTAGCCGACCTGAGAGGGTGACCGGCCACATTGGGACTGAGACACGGCCCAA",123
"GATGAACGCTGGCGGCGTGCTTAACACATGCAAGTCGAGCGAAGCGCTTTACTTTGATTTCTTCGGAATGAAGAGTGTTGTGACTGAGCGGCGGACGGGTGAGTAACGCGTGGGTAACCTGCCTCATACAGGGGGATAACAGTTAGAAATGACTGCTAATACCGCATAAGACCACAGTACCGCATGGTACGGTGGGAAAAACTCCGGTGGTATGAGATGGACCCGCGTCTGATTAGCTAGTTGGTAAGGTAACGGCTTACCAAGGCGACGATCAGTAGCCGACCTGAGAGGGTGACCGGCCACATTGGGACTGAGACACGGCCCAA",118
"GATGAACGCTGGCGGCGTGCTTAACACATGCAAGTCGAGCGAAGCGCTTTACTTAGATTTCTTCGGATTGAAGAGTTTAGCGACTGAGCGGCGGACGGGTGAGTAACGCGTGGGTAACCTGCCTCATACAGGGGGATAACAGTTAGAAATGACTGCTAATACCGCATAAGACCACAGTACCGCATGGTACAGTGGGAAAAACTCCGGTGGTATGAGATGGACCCGCGTCTGATTAGCTAGTTGGTAAGGTAACGGCTTACCAAGGCGACGATCAGTAGCCGACCTGAGAGGGTGACCGGCCACATTGGGACTGAGACACGGCCCAA",108
"ATTGAACGCTGGCGGCAGGCCTAACACATGCAAGTCGAGCGGTAGCACAGAGAGCTTGCTCTCGGGTGACGAGCGGCGGACGGGTGAGTAATGTCTGGGAAACTGCCTGATGGAGGGGGATAACTACTGGAAACGGTAGCTAATACCGCATAACGTCGCAAGACCAAAGTGGGGGACCTTCGGGCCTCATGCCATCAGATGTGCCCAGATGGGATTAGCTAGTAGGTGGGGTAATGGCTCACCTAGGCGACGATCCCTAGCTGGTCTGAGAGGATGACCAGCCACACTGGAACTGAGACACGGTCCAG",5
"GACGAACGCTGGCGGCGTGCTTAACACATGCAAGTCGAGCGATGAAGCTCCTTCGGGAGTGGATTAGCGGCGGACGGGTGAGTAACACGTGGGTAACCTGCCTCATAGAGGGGAATAGCCTTTCGAAAGGAAGATTAATACCGCATAAGATTGTAGTACCGCATGGTACAGCAATTAAAGGAGCAATCCGCTATGAGATGGACCCGCGTCGCATTAGCTAGTTGGTGAGGTAACGGCTCACCAAGGCGACGATGCGTAGCCGACCTGAGAGGGTGATCGGCCACATTGGGACTGAGACACGGCCCAG",89
"GATGAACGCTGGCGGCGTGCCTAACACATGCAAGTCGAACGAAGTTAGACAGAGGAAGTTTTCGGATGGAATCAGTATAACTTAGTGGCGGACGGGTGAGTAACGCGTGGGAAACCTGCCCTGTACCGGGGGATAACACTTAGAAATAGGTGCTAATACCGCATAAGCGCACGGAACCGCATGGTTCCGTGTGAAAAACTCCGGTGGTACAGGATGGTCCCGCGTCTGATTAGCCAGTTGGCAGGGTAACGGCCTACCAAAGCGACGATCAGTAGCCGGCCTGAGAGGGTGAACGGCCACATTGGGACTGAGACACGGCCCAA",26
"GATGAACGCTGGCGGCATGCCTAATACATGCAAGTCGAACGAAGTTTCGAGGAAGCTTGCTTCCAAAGAGACTTAGTGGCGAACGGGTGAGTAACACGTAGGTAACCTGCCCATGTGTCCGGGATAACTGCTGGAAACGGTAGCTAAAACCGGATAGGTATACGGAGCGCATGCTCTGTATATTAAAGCGCCCATCAAGGCGTGAACATGGATGGACCTGCGGCGCATTAGCTAGTTGGTGAGGTAACGGCCCACCAAGGCGATGATGCGTAGCCGGCCTGAGAGGGTAAACGGCCACATTGGGACTGAGACACGGCCCAA",66
"ATTGAACGCTGGCGGCGTGCTTAACACATGCAAGTCGAACGCGAAAGGGACTTCGGTCCTGAGTAAAGTGGCGCACGGGTGAGTAACGCGTGGATAATCTGCCCTTATGATCGGGATAACAGTTGGAAACGGCTGCTAATACCGGATACGCTCAAAATGAACTTTTTGAGGAAAGATGGCCTCTGCTTGCATGCTATCACGTAAGGATGAGTCCGCGTCCCATTAGCTTGTTGGCGGGGTAACGGCCCACCAAGGCATCGATGGGTAGCCGATTTGAGAGGATGATCGGCCACACTGGAACTGAAACACGGTCCAG",8
"GACGAACGCTGGCGGTATGCTTAACACATGCAAGTCGAACGAGAAAGTTTTGAATGATCCTTCGGGTGAAATTAGAACTGGAAAGTGGCGAACGGGTGAGTAACGCGTGGGTAACCTGCCCTATGGAAAGGAATAGCCTCGGGAAACTGGGAGTAAAGCCTTATATTATGGTTTTGTCGCATGGCAAGATCATGAAAACTCCGGTGCCATAGGATGGACCCGCGTCCCATTAGCTAGTTGGTGAGATAACAGCCCACCAAGGCGACGATGGGTAACCGGTCTGAGAGGGCGAACAGTCACACTGGAACTGAGACACGGTCCAG",75
"GATGAACGCTGGCGGCGTGCTTAACACATGCAAGTCGAACGGAGCACCCCTGACGGAGTTTTCGGACAACGAAAGGGAATGCTTAGTGGCGGACGGGTGAGTAACGCGTGAGTAACCTGCCTTGGAGTGGGGAATAACAGCCGGAAACGGCTGCTAATACCGCATGATGTATCTGGATCGCATGGTTCTGGATACCAAAGATTTATCGCTCTGAGATGGACTCGCGTCTGATTAGCTAGTTGGTGAGGTAACGGCTCACCAAGGCGACGATCAGTAGCCGGACTGAGAGGTTGGCCGGCCACATTGGGACTGAGACACGGCCCAG",25
"GATGAACGCTGGCGGCGTGCCTAACACATGCAAGTCGAACGAAGCAATCGGGATGAAGTTTTCGGATGGATTCCTGGTTGACTGAGTGGCGGACGGGTGAGTAACGCGTGGATAACCTGCCTCACACTGGGGGATAACAGTTAGAAATGGCTGCTAATACCGCATAAGCGCACAGTACCGCATGGTACGGTGTGAAAAACCCAGGTGGTGTGAGATGGATCCGCGTCTGATTAGCCAGTTGGCGGGGTAACGGCCCACCAAAGCGACGATCAGTAGCCGACCTGAGAGGGTGACCGGCCACATTGGGACTGAGACACGGCCCAA",107
"GATGAACGCTGGCGGCGTGCCTAACACATGCAAGTCGAACGAAGCGATCAGGATGAAGTTTTCGGATGGATTCCTGGTTGACTGAGTGGCGGACGGGTGAGTAACGCGTGGATAACCTGCCTCACACTGGGGGATAACAGTTAGAAATGGCTGCTAATACCGCATAAGCGCACAGTACCGCATGGTACGGTGTGAAAAACCCAGGTGGTGTGAGATGGATCCGCGTCTGATTAGCCAGTTGGCGGGGTAACGGCCCACCAAAGCGACGATCAGTAGCCGACCTGAGAGGGTGACCGGCCACATTGGGACTGAGACACGGCCCAA",125
"GACGAACGCTGGCGGCGTGCCTAACACATGCAAGTCGAACGGACGAGGAGGAGCTTGCTTCTCCAAGTCAGTGGCGGACGGGTGAGTAACGCGTGAGTAACCTGCCCTTCAGAGGGGGATAACGTCTGGAAACGGACGCTAATACCGCATGACATATTTTCATCGCATGGTGGAGATATCAAAGGAGCAATCCGCTGAAGGATGGACTCGCGTCCGATTAGATAGTTGGCGGGGTAACGGCCCACCAAGTCGACGATCGGTAGCCGGACTGAGAGGTTGAACGGCCACATTGGGACTGAGACACGGCCCAG",52
"GATGAACGCTGGCGGCGTGCCTAACACATGCAAGTCGAACGAAGCACTTATGACGATTCCTTCGGGATGAAGCGTTTGTGACTTAGTGGCGGACGGGTGAGTAACGCGTGGGTAACCTGCCTTATACAGGGGGATAACAGTTAGAAATGACTGCTAATACCGCATAAGCGCACAGTCTCGCATGGGACAGTGTGAAAAACTAAGGTGGTATAAGATGGACCCGCGTCTGATTAGCTAGTTGGTGGGGTAAAGGCCTACCAAGGCGACGATCAGTAGCCGACCTGAGAGGGTGATCGGCCACATTGGGACTGAGACACGGCCCAA",26
"GATGAACGCTGGCGGCGTGCCTAACACATGCAAGTCGAGCGATTCTCTTCGGAGAAGAGCGGCGGACGGGTGAGTAACGCGTGGGTAACCTGCCTCATACACATGGATAACATACCGAAAGGTATGCTAATACAGGATAACATAAGAGATTCGCATGTTTCTCTTATCAAAGCTCCGGCGGTATGAGATGGACCCGCGTCTGATTAGCTAGTTGGTAAGGTAATGGCTTACCAAGGCGACGATCAGTAGCCGACCTGAGAGGGTGATCGGCCACATTGGAACTGAGACACGGTCCAA",27
"GATGAACGCTGGCGGCACGCTTAACACATGCAAGTCGAGCGGAGGAAGGAGTTAAAGCACTACGGTGTGGAGACTGCGGACTCAGCGGCGGACGGGTGAGGAACGCGTGGGTAACCTGCCCTATACAGGGGGATACCGTGTAGAAATGCACGCTAAAACCGCATAAGCTACCGAAGTCGCATGACATTGGTGGAAAAACTGAGGTGGTATAGGATGGGCCCGCGTCTGATTAGCTAGTTGGAGAGGTAAAGGCTCCCCAAGGCGACGATCAGTAGCCGGTCTGAGAGGATGGACGGCCACATTGGGACTGAGACACGGCCCAA",12
"GACGAACGCTGGCGGCGTGCCTAACACATGCAAGTCGAGCGAGAGGAGTTCCTTCGGGAACAAATCTAGCGGCGGACGGGTGAGTAACACGTGGGCAACCTGCCTTGTAGAGGGGAATAGCCTTCCGAAAGGAAGATTAATACCGCATAACATTACATTTTCGCATGAAGAAGTAATTAAAGGAGCAATCCGCTACAAGATGGGCCCGCGGCGCATTAGCTAGTTGGTGAGGTAACGGCTCACCAAGGCGACGATGCGTAGCCGACCTGAGAGGGTGATCGGCCACATTGGGACTGAGACACGGCCCAG",21
"GATGAACGCTGGCGGCGTGCCTAACACATGCAAGTCGAACGAAGCAACTGGAGGAAGTTTTCGGATGGAATCCGGTTGACTGAGTGGCGGACGGGTGAGTAACGCGTGGATAACCTGCCTCACACTGGGGGATAACAGTTAGAAATGGCTGCTAATACCGCATAAGCGCACAGTACCGCATGGTACGGTGTGAAAAACCCAGGTGGTGTGAGATGGATCCGCGTCTGATTAGCCAGTTGGCGGGGTAACGGCCCACCAAAGCGACGATCAGTAGCCGACCTGAGAGGGTGACCGGCCACATTGGGACTGAGACACGGCCCAA",82
"GATGAACGCTGGCGGCGTGCCTAACACATGCAAGTCGAGCGAGAAGCTTTTAACGGACGCTTCGGTTGAAGTTAAGAGTGGAAAGCGGCGGACGGGTGAGTAACGCGTAGGCAACCTGCCCCTTGCAGAGGGATAGCCTCGGGAAACCGGGATTAAAACCACATAAATCCTTTTTATCGCATGATAGAGAGGACAAAGATTTATCGGCAAGGGATGGGCCTGCGTCTGATTAGTTAGTTGGTGGGGTAACGGCCTACCAAGGCGACGATCAGTAGCCGACCTGAGAGGGTGAACGGCCACATTGGAACTGAGACACGGTCCAA",13
"GATGAACGCTGGCGGCGTGCCTAACACATGCAAGTCGAGCGAGAAGCTTTTAACGGACGCTTCGGTTGAAGTTAAGAGTGGAAAGCGGCGGACGGGTGAGTAACGCGTAGGCAACCTGCCCCTTGCAGAGGGATAGCCTCGGGAAACCGGGATTAAAACCACATAATTCTTTTTTATCGCATGATAGAAAGGACAAAGATTTATCGGCAAGGGATGGGCCTGCGTCTGATTAGTTAGTTGGTGGGGTAACGGCCTACCAAGGCGACGATCAGTAGCCGACCTGAGAGGGTGAACGGCCACATTGGAACTGAGACACGGTCCAA",23
"GATGAACGCTGGCGGCGTGCTTAACACATGCAAGTCGAACGGGGTGCCTATGATAGAGGATTCGTCCAATTGATTAGGCTACCTAGTGGCGGACGGGTGAGTAACGCGTGAGTAACCTGCCTTGGAGTGGGGAATAACAGTCCGAAAGGACTGCTAATACCGCATGATGCAGCGAGGTCGCATGGCCTTGCTGCCAAAGATTTATCGCTCTGAGATGGACTCGCGTCTGATTAGCTGGTTGGCGGGGTAACGGCCCACCAAGGCGACGATCAGTAGCCGGACTGAGAGGTTGGCCGGCCACATTGGGACTGAGACACGGCCCAG",9
"GATGAACGCTGGCGGCGTGCTTAACACATGCAAGTCGAACGAAGCATAAGGAACGGATTATTTCGGTAAGAAGTACTTTATGACTGAGTGGCGGACGGGTGAGTAACGCGTGGATAACCTGCCTCATACAGGGGGATAACAGTTAGAAATGACTGCTAATACCGCATAAGCGCACAGTGCTGCATGGCACAGTGTGAAAAGCTCCGGCGGTATGAGATGGATCCGCGTTTGATTAGCTAGTTGGTGGGGTAAAGGCCTACCAAGGCGACGATCAATAGCCGACCTGAGAGGGTGACCGGCCACATTGGGACTGAGACACGGCCCAA",11
"GACGAACGCTGGCGGCGTGCTTAACACATGCAAGTCGAACGGAGCACCCTTGACTGAGGTTTCGGCCAAATGATAGGAATGCTTAGTGGCGGACTGGTGAGTAACGCGTGAGGAACCTACCTTCCAGAGGGGGACAACAGTTGGAAACGACTGCTAATACCGCATGACGCATGACCGGGGCATCCCGGGCATGTCAAAGATTTTATCGCTGGAAGATGGCCTCGCGTCTGATTAGCTAGATGGTGGGGTAACGGCCCACCATGGCGACGATCAGTAGCCGGACTGAGAGGTTGACCGGCCACATTGGGACTGAGATACGGCCCAG",49
"GATGAACGCTGGCGGCATGCCTAATACATGCAAGTCGAACGAAGTGAAGATAGCTTGCTATTGGAACTTAGTGGCGAACGGGTGAGTAACACGTAGATAACCTGCCTGTATGACCGGGATAACAGTTGGAAACGACTGCTAATACCGGATAGGCAGAGAGGAGGCATCTCCTCTCTGTTAAAGTTGGGATACAACGCAAACAGATGGATCTGCGGTGCATTAGCTAGTTGGTGAGGTAACGGCCCACCAAGGCGATGATGCATAGCCGGCCTGAGAGGGCGAACGGCCACATTGGGACTGAGACACGGCCCAA",22
"GACGAACGCTGGCGGCGCGCCTAACACATGCAAGTCGAACGGACACATCCGACGGAATAGCTTGCTAGGAAGATGGATGTTGTTAGTGGCGGACGGGTGAGTAACACGTGAGCAACCTGCCTCGGAGTGGGGGACAACAGTTGGAAACGACTGCTAATACCGCATACGGTGGTCGGGGGACATCCCCTGGCCAAGAAAGGATTATATCCGCTCTGAGATGGGCTCGCGTCTGATTAGCTAGTTGGCGGGGTAATGGCCCACCAAGGCAACGATCAGTAGCCGGACTGAGAGGTTGAACGGCCACATTGGGACTGAGACACGGCCCAG",19
"GATGAACGCTGGCGGCGTGCTTAACACATGCAAGTCGAGCGAAGCACCCGGACGGATTTCTTCGGATTGAAGGCCGGGCGACTGAGCGGCGGACGGGTGAGTAACGCGTGGGTAACCTGCCTCATACAGGGGGATAACAGTTAGAAATGACTGCTAATACCGCATAAGCGCACGAAGGCGCATGCCTTTGTGTGAAAAACTCCGGTGGTATGAGATGGACCCGCGTTAGATTAGCCAGTTGGCAGGGTAACGGCCTACCAAAGCGACGATCTATAGCCGGCCTGAGAGGGCGACCGGCCACATTGGGACTGAGACACGGCCCAA",43
"GATGAACGCTGGCGGCGTGCTTAACACATGCAAGTCGAGCGAAGCGGATCTTCGGAAGTTTTCGGATGGAAGAGGATTTGACTTAGCGGCGGACGGGTGAGTAACGCGTGGGTAACCTGCCTTACACTGGGGGATAACAGTTAGAAATGACTGCTAATACCGCATAAGCGCACAGGGCCGCATGGTCCGGTGTGAAAAACTCCGGTGGTGTAAGATGGACCCGCGTCTGATTAGGTAGTTGGTGGGGTAACGGCCCACCAAGCCGACGATCAGTAGCCGACCTGAGAGGGTGACCGGCCACATTGGGACTGAGACACGGCCCAA",28
"GACGAACGCTGGCGGCGCGCCTAACACATGCAAGTCGAACGGAGCTTACGTTTTGAAGTTTTCGGATGGACGAATGTAAGCTTAGTGGCGGACGGGTGAGTAACACGTGAGCAACCTGCCTTTCAGAGGGGGATAACAGCCGGAAACGGCTGCTAATACCGCATGATGTTGCGGGGGCACATGCCCCTGCAACCAAAGGAGCAATCCGCTGAAAGATGGGCTCGCGTCCGATTAGCCAGTTGGCGGGGTAACGGCCCACCAAAGCGACGATCGGTAGCCGGACTGAGAGGTTGAACGGCCACATTGGGACTGAGACACGGCCCAG",8
"GACGAACGCTGGCGGCGCGCTTAACACATGCAAGTCGAACGGACACATCCGACGGAATAGCTTGCTAGGAAGATGGATGTTGTTAGTGGCGGACGGGTGAGTAACACGTGAGCAACCTACCTCAGAGTGGGGGACAACAGTTGGAAACGACTGCTAATACCGCATAAGATGGCAGGGTCGCATGGCCTGGTCATAAAAGGAGCAATTCGCTCTGAGATGGGCTCGCGTCTGATTAGCTAGTTGGTGAGGTAACGGCCCACCAAGGCAACGATCAGTAGCCGGACTGAGAGGTTGAACGGCCACATTGGGACTGAGACACGGCCCAG",6
