"","SRR12968087"
"GATGAACGCTAGCTACAGGCTTAACACATGCAAGTCGAGGGGCATCAGGAAGAAAGCTTGCTTTCTTTGCTGGCGACCGGCGCACGGGTGAGTAACACGTATCCAACCTGCCCTTTACTCGGGGATAGCCTTTCGAAAGAAAGATTAATACCCGATAGCATAATGATTCCGCATGGTTTCATTATTAAAGGATTCCGGTAAAGGATGGGGATGCGTTCCATTAGGTTGTTGGTGAGGTAACGGCTCACCAAGCCTTCGATGGATAGGGGTTCTGAGAGGAAGGCCCCCCACATTGGAACTGAGACACGGTCCAA",60
"GATGAACGCTAGCTACAGGCTTAACACATGCAAGTCGAGGGGCAGCATGGTCTTAGCTTGCTAAGGCCGATGGCGACCGGCGCACGGGTGAGTAACACGTATCCAACCTGCCGTCTACTCTTGGACAGCCTTCTGAAAGGAAGATTAATACAAGATGGCATCATGAGTCCGCATGTTCACATGATTAAAGGTATTCCGGTAGACGATGGGGATGCGTTCCATTAGATAGTAGGCGGGGTAACGGCCCACCTAGTCTTCGATGGATAGGGGTTCTGAGAGGAAGGTCCCCCACATTGGAACTGAGACACGGTCCAA",21825
"GATGAACGCTAGCTACAGGCTTAACACATGCAAGTCGAGGGGCATCAGGAAGAAAGCTTGCTTTCTTTGCTGGCGACCGGCGCACGGGTGAGTAACACGTATCCAACCTGCCCTTTACTCGGGGATAGCCTTTCGAAAGAAAGATTAATACCCGATGGCATAATGATTCCGCATGGTTTCATTATTAAAGGATTCCGGTAAAGGATGGGGATGCGTTCCATTAGGTTGTTGGTGAGGTAACGGCTCACCAAGCCTTCGATGGATAGGGGTTCTGAGAGGAAGGTCCCCCACATTGGAACTGAGACACGGTCCAA",52
"GATGAACGCTAGCGACAGGCTTAACACATGCAAGTCGAGGGGCAGCATGATTTGTAGCAATACAGATTGATGGCGACCGGCGCACGGGTGAGTAACGCGTATGCAACTTACCTATCAGAGGGGGATAGCCCGGCGAAAGTCGGATTAATACCCCATAAAACAGGGGTCCCGCATGGGAATATTTGTTAAAGATTCATCGCTGATAGATAGGCATGCGTTCCATTAGGCAGTTGGCGGGGTAACGGCCCACCAAACCGACGATGGATAGGGGTTCTGAGAGGAAGGTCCCCCACATTGGTACTGAGACACGGACCAA",307
"GATGAACGCTGACAGAATGCTTAACACATGCAAGTCTACTTGATCCTTCGGGTGAAGGTGGCGGACGGGTGAGTAACGCGTAAAGAACTTGCCTTACAGACTGGGACAACATTTGGAAACGAATGCTAATACCGGATATTATGATTGGGTCGCATGATCTGGTTATGAAAGCTATATGCGCTGTGAGAGAGCTTTGCGTCCCATTAGTTAGTTGGTGAGGTAACGGCTCACCAAGACGATGATGGGTAGCCGGCCTGAGAGGGTGAACGGCCACAAGGGGACTGAGACACGGCCCTT",5
"GATGAACGCTAGCTACAGGCTTAACACATGCAAGTCGAGGGGCAGCATCATCAAAGCTTGCTTTGATGGATGGCGACCGGCGCACGGGTGAGTAACACGTATCCAACCTGCCGACAACACTGGGATAGCCTTTCGAAAGAAAGATTAATACCGGATGGCATAGTCTTCCCGCATGGGATGATTATTAAAGAATTTCGGTTGTCGATGGGGATGCGTTCCATTAGGCAGTTGGCGGGGTAACGGCCCACCAAACCTACGATGGATAGGGGTTCTGAGAGGAAGGTCCCCCACATTGGAACTGAGACACGGTCCAA",1602
"ATTGAACGCTGGCGGCATGCTTTACACATGCAAGTCGAACGGCAGCGCGGGGAGCTTGCTCCCTGGCGGCGAGTGGCGCACGGGTGAGTAATACATCGGAACGTGTCTTCTAGTGGGGGATAACTGCCCGAAAGGGCAGCTAATACCGCATGAGACCTGAGGGTGAAAGCGGGGGATCGCAAGACCTCGCGCTGGAAGAGCGGCCGATGTCCGATTAGCTAGTTGGTGAGGTAAAGGCTCACCAAGGCGACGATCGGTAGCTGGTCTGAGAGGACGACCAGCCACACTGGGACTGAGACACGGCCCAG",1068
"GATGAACGCTAGCTACAGGCTTAACACATGCAAGTCGAGGGGCAGCATCATCAAAGCTTGCTTTGATGGATGGCGACCGGCGCACGGGTGAGTAACACGTATCCAACCTGCCGACAACACTGGGATAGCCTTTCGAAAGAAAGATTAATACCGGATGGTATAGTTTTCCCGCATGGGATGATTATTAAAGAATTTCGGTTGTCGATGGGGATGCGTTCCATTAGGCAGTTGGCGGGGTAACGGCCCACCAAACCTACGATGGATAGGGGTTCTGAGAGGAAGGTCCCCCACATTGGAACTGAGACACGGTCCAA",990
"GATGAACGCTAGCTACAGGCTTAACACATGCAAGTCGAGGGGCAGCATTTTAGTTTGCTTGCAAACTGAAGATGGCGACCGGCGCACGGGTGAGTAACACGTATCCAACCTGCCGATAACTCCGGAATAGCCTTTCGAAAGAAAGATTAATACCGGATAGCATACGAATATCGCATGATATTTTTATTAAAGAATTTCGGTTATCGATGGGGATGCGTTCCATTAGTTTGTTGGCGGGGTAACGGCCCACCAAGACTACGATGGATAGGGGTTCTGAGAGGAAGGTCCCCCACATTGGAACTGAGACACGGTCCAA",249
"GATGAACGCTAGCTACAGGCTTAACACATGCAAGTCGAGGGGCATCAGGAAGAAAGCTTGCTTTCTTTGCTGGCGACCGGCGCACGGGTGAGTAACACGTATCCAACCTGCCCTTTACTCGGGGATAGCCTTTCGAAAGAAAGATTAATACCCGATAGCATAATGATTCCGCATGGTTTCATTATTAAAGGATTCCGGTAAAGGATGGGGATGCGTTCCATTAGGTTGTTGGTGAGGTAACGGCTCACCAAGCCTTCGATGGATAGGGGTTCTGAGAGGAAGGTCCCCCACATTGGAACTGAGACACGGTCCAA",24
"GATGAACGCTAGCGACAGGCTTAACACATGCAAGTCGAGGGGCAGCACAGGTAGCAATACCGGGTGGCGACCGGCGCACGGGTGAGTAACGCGTATGCAACTTACCTATCAGAGGGGGATAACCCGGCGAAAGTCGGACTAATACCGCATGAAGCAGGGGCCCCGCATGGGGATATTTGCTAAAGATTCATCGCTGATAGATAGGCATGCGTTCCATTAGGCAGTTGGCGGGGTAACGGCCCACCAAACCGACGATGGATAGGGGTTCTGAGAGGAAGGTCCCCCACATTGGTACTGAGACACGGACCAA",152
"GATGAACGCTAGCGACAGGCTTAACACATGCAAGTCGAGGGGCAGCACAGGTAGCAATACCGGGTGGCGACCGGCGCACGGGTGAGTAACGCGTATGCAACTTACCTATCAGAGGGGGATAACCCGGCGAAAGTCGGACTAATACCGCATGAAGCAGGGGCCCCGCATGGGGATATTTGCTAAAGATTCATCGCTGATAGATAGGCATGCGTTCCATTAGGCAGTTGGCGGGGTAACGGCCCACCAAGCCGACGATGGATAGGGGTTCTGAGAGGAAGGTCCCCCACATTGGTACTGAGACACGGACCAA",117
"GACGAACGCTGGCGGCGTGCTTAACACATGCAAGTCGAACGAAAAGACGGAAAGAGCTTGCTCTTTTCAGAATTGAGTGGCAAACGGGTGAGTAACACGTAAACAACCTGCCTTCAGGATGGGGACAACAGACGGAAACGACTGCTAATACCGAATAAGTTCCAAGAGCCGCATGGCCCATGGAAGAAAAGGTGGCCTCTACCTGTAAGCTATCGCCTGAAGAGGGGTTTGCGTCTGATTAGCTGGTTGGAGGGGTAACGGCCCACCAAGGCGACGATCAGTAGCCGGTCTGAGAGGATGAACGGCCACACTGGAACTGAGACACGGTCCAG",93
"ATTGAACGCTGGCGGCGTGCTTAACACATGCAAGTCGAACGTGAAAGTCCTTCGGGACGAGTAAAGTGGCGCACGGGTGAGTAACGCGTGGATAATCTACCCTTAAGATGGGGATAACGGCTGGAAACGGTCGCTAATACCGAATACGCTCCCGATTTTATCATTGGGGGGAAAGATGGCCTCTGCTTGCAAGCTATCGCTTAAGGATGAGTCCGCGTCCCATTAGCTAGTTGGCGGGGTAACGGCCCACCAAGGCAACGATGGGTAGCCGGTCTGAGAGGATGACCGGCCACACTGGAACTGGAACACGGTCCAG",8
"GATGAACGCTAGCGACAGGCTTAACACATGCAAGTCGAGGGGCAGCATAATTTGTAGCAATACAGATTGATGGCGACCGGCGCACGGGTGAGTAACGCGTATGCAACTTACCTATCAGAGGGGGATAGCCCGGCGAAAGTCGGATTAATACCCCATAAAACAGGGGTCCCGCATGGGAATATTTGTTAAAGATTCATCGCTGATAGATAGGCATGCGTTCCATTAGGCAGTTGGCGGGGTAACGGCCCACCAAACCGACGATGGATAGGGGTTCTGAGAGGAAGGTCCCCCACATTGGTACTGAGACACGGACCAA",37
"GATGAACGCTAGCTACAGGCTTAACACATGCAAGTCGAGGGGCAGCAGGATCTAGCAATAGATTGCTGGCGACCGGCGCACGGGTGAGTAACACGTATCCAACCTGCCGATAACTCGGGGATAGCCTTTCGAAAGAAAGATTAATACCCGATGGTATAATTAGACCGCATGGTCTTGTTATTAAAGAATTTCGGTTATCGATGGGGATGCGTTCCATTAGGCAGTTGGTGAGGTAACGGCTCACCAAACCTTCGATGGATAGGGGTTCTGAGAGGAAGGTCCCCCACATTGGAACTGAGACACGGTCCAA",244
"GATGAACGCTAGCTACAGGCTTAACACATGCAAGTCGAGGGGCAGCATTTTAGTTTGCTTGCAAACTAAAGATGGCGACCGGCGCACGGGTGAGTAACACGTATCCAACCTGCCGATAACTCGGGGATAGCCTTTCGAAAGAAAGATTAATATCCGATGGTATATTTTCTCCGCATGGTGAGAATATTAAAGAATTTCGGTTATCGATGGGGATGCGTTCCATTAGTTTGTTGGCGGGGTAACGGCCCACCAAGACCACGATGGATAGGGGTTCTGAGAGGAAGGTCCCCCACATTGGAACTGAGACACGGTCCAA",29
"ATTGAACGCTGGCGGCAGGCCTAACACATGCAAGTCGAACGGTAACAGGAAACAGCTTGCTGTTTCGCTGACGAGTGGCGGACGGGTGAGTAATGTCTGGGAAACTGCCTGATGGAGGGGGATAACTACTGGAAACGGTAGCTAATACCGCATAACGTCGCAAGACCAAAGAGGGGGACCTTCGGGCCTCTTGCCATCGGATGTGCCCAGATGGGATTAGCTAGTAGGTGGGGTAACGGCTCACCTAGGCGACGATCCCTAGCTGGTCTGAGAGGATGACCAGCCACACTGGAACTGAGACACGGTCCAG",5
"GATGAACGCTAGCTACAGGCTTAACACATGCAAGTCGAGGGGCAGCATTTCAGTTTGCTTGCAAACTGGAGATGGCGACCGGCGCACGGGTGAGTAACACGTATCCAACCTGCCGATAACTCGGGGATAGCCTTTCGAAAGAAAGATTAATACCCGATGGCATAATTAGACCGCATGGTCTTATTATTAAAGAATTTCGGTTATCGATGGGGATGCGTTCCATTAGGCAGTTGGTGAGGTAACGGCTCACCAAACCTTCGATGGATAGGGGTTCTGAGAGGAAGGTCCCCCACATTGGAACTGAGACACGGTCCAA",226
"ATTGAACGCTGGCGGCATGCTTTACACATGCAAGTCGAACGGCAGCGCGGGGAGCTTGCTCCCTGGCGGCGAGTGGCGCACGGGTGAGTAATACATCGGAACGTGTCTTCTAGTGGGGGATAACTGCCCGAAAGGGCAGCTAATACCGCATGAGACCTGAGGGTGAAAGCGGGGGATCGCAAGACCTCGCGCTGGAAGAGCGGCCGATGTCCGATTAGCTAGTTGGTGAGGTAAAGGCTCACCAAGGCGACGATCGGTAGCTGGTCTGAGAGGACGATCAGCCACACTGGGACTGAGACACGGCCCAG",209
"GATGAACGCTAGCGACAGGCTTAACACATGCAAGTCGAGGGGCAGCGGGGGTAGCGATACCCGCCGGCGACCGGCGCACGGGTGAGTAACGCGTATGCAACTTGCCTATCAGAGGGGGATAACCCGGCGAAAGTCGGACTAATACCGCATGAAGCAGGGGCCCCGCATGGGGATATTTGCTAAAGATTCATCGCTGATAGATAGGCATGCGTTCCATTAGGCAGTTGGCGGGGTAACGGCCCACCAAACCGACGATGGATAGGGGTTCTGAGAGGAAGGTCCCCCACATTGGTACTGAGACACGGACCAA",58
"GACGAACGCTGGCGGCGTGCTTAACACATGCAAGTCGAACGAAAAGAGGGAAAGAGCTTGCTCTTTCCGGAATTGAGTGGCAAACGGGTGAGTAACACGTAAACAACCTGCCTTCAGGATGGGGACAACAGACGGAAACGACTGCTAATACCGAATAAGTTCCAAGAGCCGCATGGCCCATGGAAGAAAAGGTGGCCTCTACCTGTAAGCTATCGCCTGAAGAGGGGTTTGCGTCTGATTAGCTGGTTGGAGGGGTAACGGCCCACCAAGGCGACGATCAGTAGCCGGTCTGAGAGGATGAACGGCCACACTGGAACTGAGACACGGTCCAG",726
"GACGAACGCTGGCGGCGTGCTTAACACATGCAAGTCGAACGGAGCACCCCTGAATGAGGTTTCGGCCAAAGGAAGGGAATGCTTAGTGGCGGACTGGTGAGTAACGCGTGAGGAACCTGCCTTTCAGAGGGGGACAACAGTTGGAAACGACTGCTAATACCGCATGACACATGAATGGGGCATCCCATTGATGTCAAAGATTTATCGCTGAAAGATGGCCTCGCGTCCCATTAGCTAGTAGGCGGGGTAACGGCCCACCTAGGCGACGATGGGTAGCCGGACTGAGAGGTTGACCGGCCACATTGGGACTGAGATACGGCCCAG",9
"GACGAACGCTGGCGGCGTGCTTAACACATGCAAGTCGAACGAAAAGACGGAAAGAGCTTGCTCTTTTCAGAATTGAGTGGCAAACGGGTGAGTAACACGTAAACAACCTGCCTTCAGGATGGGGACAACAGACGGAAACGACTGCTAATACCGAATAGCTTCCAGAGATTGCATGATCCATGGAAGAAAAGGTGGCCTCTACCTGTAAGCTATCGCCTGAAGAGGGGTTTGCGTCTGATTAGCTGGTTGGAGGGGTAACGGCCCACCAAGGCGACGATCAGTAGCCGGTCTGAGAGGATGAACGGCCACACTGGAACTGAGACACGGTCCAG",6
"GACGAACGCTGGCGGCGTGCTTAACACATGCAAGTCGAACGGAGCACCCTTGACTGAGGTTTCGGCCAAATGATAGGAATGCTTAGTGGCGGACTGGTGAGTAACGCGTGAGGAACCTGCCTTCCAGAGGGGGACAACAGTTGGAAACGACTGCTAATACCGCATGACGCATGACCGGGGCATCCCGGGCATGTCAAAGATTTTATCGCTGGAAGATGGCCTCGCGTCTGATTAGCTAGATGGTGGGGTAACGGCCCACCATGGCGACGATCAGTAGCCGGACTGAGAGGTTGACCGGCCACATTGGGACTGAGATACGGCCCAG",47
"GATGAACGCTGGCGGCGTGCTTAACACATGCAAGTCGAACGAAGCACTTTATTTGATTTCCTTCGGGACTGATTATTTTGTGACTGAGTGGCGGACGGGTGAGTAACGCGTGGGTAACCTGCCTTGTACAGGGGGATAACAGTTGGAAACGGCTGCTAATACCGCATAAGCGCACAGCATCGCATGATGCAGTGTGAAAAACTCCGGTGGTATAAGATGGACCCGCGTTGGATTAGCTAGTTGGTGAGGTAACGGCCCACCAAGGCGACGATCCATAGCCGACCTGAGAGGGTGACCGGCCACATTGGGACTGAGACACGGCCCAA",139
"GATGAACGCTGGCGGCGTGCTTAACACATGCAAGTCGAACGGGGTGCTCATGACGGAGGATTCGTCCAACGGATTGAGTTACCTAGTGGCGGACGGGTGAGTAACGCGTGAGGAACCTGCCTTGGAGAGGGGAATAACACTCCGAAAGGAGTGCTAATACCGCATGATGCAGTTGGGTCGCATGGCTCTGACTGCCAAAGATTTATCGCTCTGAGATGGCCTCGCGTCTGATTAGCTAGTAGGCGGGGTAACGGCCCACCTAGGCGACGATCAGTAGCCGGACTGAGAGGTTGACCGGCCACATTGGGACTGAGACACGGCCCAG",20
"GACGAACGCTGGCGGCGCGCCTAACACATGCAAGTCGAACGAGCGAGAGAGAGCTTGCTTTCTCGAGCGAGTGGCGAACGGGTGAGTAACGCGTGAGGAACCTGCCTCAAAGAGGGGGACAACAGTTGGAAACGACTGCTAATACCGCATAAGCCCACGGCTCGGCATCGAGCAGAGGGAAAAGGAGCAATCCGCTTTGAGATGGCCTCGCGTCCGATTAGCTAGTTGGTGAGGTAACGGCCCACCAAGGCAACGATCGGTAGCCGGACTGAGAGGTTGAACGGCCACATTGGGACTGAGACACGGCCCAG",531
"GATGAACGCTGGCGGCGCGCCTAACACATGCAAGTCGAACGGCACCCACCCTCGGGTGGAAGCGAGTGGCGAACGGCTGAGTAACACGTGGAGAACCCGCCCCCTCCTCCGGGATAGCCTCGGGAAACCGTGGGTAATACCGGATGACCCCGCAGGGCCGCATGGCCCCGCGGGCAAAGCCCAGACGGGAGGGGATGGCTCCGCGGCCCATCAGGTAGACGGCGGGGTGACGGCCCACCGTGCCGACGACGGGTAGCCGGGTTGAGAGACCGACCGGCCAGATTGGGACTGAGACACGGCCCAG",9
"GATGAACGCTAGCTACAGGCTTAACACATGCAAGTCGAGGGGCAGCATTTTAGTTTGCTTGCAAACTGAAGATGGCGACCGGCGCACGGGTGAGTAACACGTATCCAACCTGCCGATAACTCTGGGATAGCCTTTCGAAAGAAAGATTAATACCGGATAGTATACGAATATCGCATGATATTTTTATTAAAGAATTTCGGTTATCGATGGGGATGCGTTCCATTAGTTTGTTGGCGGGGTAACGGCCCACCAAGACTACGATGGATAGGGGTTCTGAGAGGAAGGTCCCCCACATTGGAACTGAGACACGGTCCAA",439
"GATGAACGCTAGCTACAGGCTTAACACATGCAAGTCGAGGGGCAGCATTTTAGTTTGCTTGCAAACTAAAGATGGCGACCGGCGCACGGGTGAGTAACACGTATCCAACCTGCCGATAACTCGGGGATAGCCTTTCGAAAGAAAGATTAATATCCGATGGTATATTAAAACCGCATGGTTTTACTATTAAAGAATTTCGGTTATCGATGGGGATGCGTTCCATTAGTTTGTTGGCGGGGTAACGGCCCACCAAGACTACGATGGATAGGGGTTCTGAGAGGAAGGTCCCCCACATTGGAACTGAGACACGGTCCAA",90
"GACGAACGCTGGCGGCGCGCCTAACACATGCAAGTCGAACGAGAGATGAAGAGCTTGCTCTTCAGATCGAGTGGCGAACGGGTGAGTAACGCGTGAGGAACCTGCCTCAAAGAGGGGGACAACAGTTGGAAACGACTGCTAATACCGCATAAGCCCACGGCTCGGCATCGAGCAGAGGGAAAAGGAGCAATCCGCTTTGAGATGGCCTCGCGTCCGATTAGCTAGTTGGTGAGGTAACGGCCCACCAAGGCGACGATCGGTAGCCGGACTGAGAGGTTGAACGGCCACATTGGGACTGAGACACGGCCCAG",2028
"GACGAACGCTGGCGGCGCGCCTAACACATGCAAGTCGAACGAGCGAGAGAGAGCTTGCTTTCTCGAGCGAGTGGCGAACGGGTGAGTAACGCGTGAGGAACCTGCCTCAAAGAGGGGGACAACAGTTGGAAACGACTGCTAATACCGCATAAGCCCACGGGTCGGCATCGACCAGAGGGAAAAGGAGCAATCCGCTTTGAGATGGCCTCGCGTCCGATTAGCTAGTTGGTGAGGTAACGGCCCACCAAGGCAACGATCGGTAGCCGGACTGAGAGGTTGAACGGCCACATTGGGACTGAGACACGGCCCAG",289
"GATAAACGCTGGCGGCGTGCTTAACACATGCAAGTCGAACGAAGTTTTTCTTTCGGGAGGAACTTAGTGGCGGACGGGTGAGTAACGCGTGGGTAACCTGCCCTGTACAGGGGGACAACAGCTGGAAACGGCTGCTAATACCGCATAAGCCCTTAGCACTGCATGGTGCATAGGGAAAAGGAGCAATCCGGTACAGGATGGACCCGCGTCTGATTAGCCAGTTGGCAGGGTAACGGCCTACCAAAGCAACGATCAGTAGCCGATCTGAGAGGATGTACGGCCACATTGGGACTGAGACACGGCCCAG",56
"GACGAACGCTGGCGGCGTGCCTAACACATGCAAGTCGAACGGACGAGGAGGAGCTTGCTTCTCCAAGTCAGTGGCGGACGGGTGAGTAACGCGTGAGTAACCTGCCCTTCAGAGGGGGATAACGTCTGGAAACGGACGCTAATACCGCATGACATATTTCCATCGCATGGTGGAGATATCAAAGGAGCAATCCGCTGAAGGATGGACTCGCGTCCGATTAGATAGTTGGCGGGGTAACGGCCCACCAAGTCGACGATCGGTAGCCGGACTGAGAGGTTGAACGGCCACATTGGGACTGAGACACGGCCCAG",2
"GACGAACGCTGGCGGCGCGCCTAACACATGCAAGTCGAACGAGCGAGAGAGAGCTTGCTTTCTCGAGCGAGTGGCGAACGGGTGAGTAACGCGTGAGGAACCTGCCTCAAAGAGGGGGACAACAGTTGGAAACGACTGCTAATACCGCATAAGCCCACGGGTCGGCATCGACCAGAGGGAAAAGGAGCAATCCGCTTTGAGATGGACTCGCGTCCGATTAGCTAGTTGGTGAGGTAATGGCCCACCAAGGCGACGATCGGTAGCCGGACTGAGAGGTTGAACGGCCACATTGGGACTGAGACACGGCCCAG",176
"GACGAACGCTGGCGGCGCGCCTAACACATGCAAGTCGAACGAGCGAGAGAGAGCTTGCTTTCTCGAGCGAGTGGCGAACGGGTGAGTAACGCGTGAGGAACCTGCCTCAAAGAGGGGGACAACAGTTGGAAACGACTGCTAATACCGCATAAGCCCACGGTGCCGCATGGTACAGAGGGAAAAGGAGCAATCCGCTTTGAGATGGCCTCGCGTCCGATTAGCTAGTTGGTGAGGTAACGGCCCACCAAGGCGACGATCGGTAGCCGGACTGAGAGGTTGAACGGCCACATTGGGACTGAGACACGGCCCAG",331
"GATGAACGCTAGCGGCAGGCTTAACACATGCAAGTCGAGGGGCAGCATAATGGTAGCAATACTATTGATGGCGACCGGCGGACGGGTGCGTAACGCGTATGCAACCTACCCTTTACAGGGGGATAACACTGAGAAATCGGTACTAATACCCCATAATATTCCGGGAGGCATCTTTCGGAGTTGAAAGCTTTGGTGGTAAAGGATGGGCATGCGTTGTATTAGCTAGTTGGTAAGGTAACGGCTTACCAAGGCGACGATACATAGGGGGACTGAGAGGTTAACCCCCCACATTGGTACTGAGACACGGACCAA",69
"GACGAACGCTGGCGGCGCGCCTAACACATGCAAGTCGAACGAGAGATGAAGAGCTTGCTCTTCAAATCGAGTGGCGAACGGGTGAGTAACGCGTGAGGAACCTGCCTCAAAGAGGGGGACAACAGTTGGAAACGACTGCTAATACCGCATAAGCCCACGGCTCGGCATCGAGCAGAGGGAAAAGGAGCAATCCGCTTTGAGATGGCCTCGCGTCCGATTAGCTAGTTGGTGAGGTAACGGCCCACCAAGGCGACGATCGGTAGCCGGACTGAGAGGTTGAACGGCCACATTGGGACTGAGACACGGCCCAG",1113
"GACGAACGCTGGCGGCGCGCCTAACACATGCAAGTCGAACGAGCGAGAGAGAGCTTGCTTTCTCGAGCGAGTGGCGAACGGGTGAGTAACGCGTGAGGAACCTGCCTCAAAGAGGGGGACAACAGTTGGAAACGACTGCTAATACCGCATAAGCCCACGGTGCCGCATGGCACAGAGGGAAAAGGAGCAATCCGCTTTGAGATGGCCTCGCGTCCGATTAGCTAGTTGGTGAGGTAACGGCCCACCAAGGCGACGATCGGTAGCCGGACTGAGAGGTTGAACGGCCACATTGGGACTGAGACACGGCCCAG",304
"GACGAACGCTGGCGGCGCGCCTAACACATGCAAGTCGAACGAGAGATGAAGAGCTTGCTCTTCAAATCGAGTGGCGAACGGGTGAGTAACGCGTGAGGAACCTGCCTCAAAGAGGGGGACAACAGTTGGAAACGACTGCTAATACCGCATAAGCCCACGGCTCGGCATCGAGCAGAGGGAAAAGGAGCAATCCGCTTTGAGATGGCCTCGCGTCCGATTAGCTAGTTGGTGAGGTAATGGCCCACCAAGGCGACGATCGGTAGCCGGACTGAGAGGTTGAACGGCCACATTGGGACTGAGACACGGCCCAG",958
"GACGAACGCTGGCGGCGTGCTTAACACATGCAAGTCGAACGGAGTGCTCATGACAGAGGTTTCGGCCAATGGATTGAGTTACTTAGTGGCGGACTGGTGAGTAACGCGTGAGGAACCTGCCTTTCAGAGGGGGACAACAGTTGGAAACGACTGCTAATACCGCATGACACATCGGAGGGGCATCCCTTTGATGTCAAAGATTTTATCGCTGAAAGATGGCCTCGCGTCTGATTAGCTAGTTGGTGAGGTAACGGCCCACCAAGGCGACGATCAGTAGCCGGACTGAGAGGTTGACCGGCCACATTGGGACTGAGATACGGCCCAG",27
"GACGAACGCTGGCGGCGCGCCTAACACATGCAAGTCGAACGAGAGATGAAGAGCTTGCTCTTCAAATCGAGTGGCGAACGGGTGAGTAACGCGTGAGGAACCTGCCTCAAAGAGGGGGACAACAGTTGGAAACGACTGCTAATACCGCATAAGCCCACGGCTCGGCATCGAGCAGAGGGAAAAGGAGTAATCCGCTTTGAGATGGCCTCGCGTCCGATTAGCTGGTTGGTGAGGTAACGGCCCACCAAGGCGACGATCGGTAGCCGGACTGAGAGGTTGAACGGCCACATTGGGACTGAGACACGGCCCAG",871
"GATGAACGCTGGCGGCGTGCTTAACACATGCAAGTCGAACGAAGCACTTTATTTGATTTCCTTCGGGATTGATTATTTTGTGACTGAGTGGCGGACGGGTGAGTAACGCGTGGGTAACCTGCCTTGTACAGGGGGATAACAGTTGGAAACGGCTGCTAATACCGCATAAGCGCACAGCATCGCATGATGCAGTGTGAAAAACTCCGGTGGTATAAGATGGACCCGCGTTGGATTAGCTAGTTGGTGAGGTAACGGCCCACCAAGGCGACGATCCATAGCCGACCTGAGAGGGTGACCGGCCACATTGGGACTGAGACACGGCCCAA",48
"GATGAACGCTGGCGGCGTGCTTAACACATGCAAGTCGAACGGGAAACCTTTTATTGAAGCTTCGGCAGATTTAGCTGGTTTCTAGTGGCGGACGGGTGAGTAACGCGTGGGTAACCTGCCTTGTACAGGGGGATAACAGTCAGAAATGACTGCTAATACCGCATAAGCGCACAGGACCGCATGGTCCGGTGTGAAAAACTCCGGTGGTATAAGATGGACCCGCGTTGGATTAGCTAGTTGGCAGGGTAACGGCCTACCAAGGCGACGATCCATAGCCGGCCTGAGAGGGTGAACGGCCACATTGGGACTGAGACACGGCCCAG",13
"GATGAACGCTAGCTACAGGCTTAACACATGCAAGTCGAGGGGCAGCATTTTAGTTTGCTTGCAAACTAAAGATGGCGACCGGCGCACGGGTGAGTAACACGTATCCAACCTGCCGATAACTCGGGGATAGCCTTTCGAAAGAAAGATTAATATCCGATAGTATATTTTCTCCGCATGGCGAGAATATTAAAGAATTTCGGTTATCGATGGGGATGCGTTCCATTAGTTTGTTGGCGGGGTAACGGCCCACCAAGACTACGATGGATAGGGGTTCTGAGAGGAAGGTCCCCCACATTGGAACTGAGACACGGTCCAA",73
"GACGAACGCTGGCGGCGCGCCTAACACATGCAAGTCGAACGAGAGATGAAGAGCTTGCTCTTCAAATCGAGTGGCGAACGGGTGAGTAACGCGTGAGGAACCTGCCTCAAAGAGGGGGACAACAGTTGGAAACGGCTGCTAATACCGCATAAGCCCACAGCTCGGCATCGAGCAGAGGGAAAAGGAGTGATCCGCTTTGAGATGGCCTCGCGTCCGATTAGCTAGTTGGTGAGGTAACGGCCCACCAAGGCAACGATCGGTAGCCGGACTGAGAGGTTGAACGGCCACATTGGGACTGAGACACGGCCCAG",716
"GACGAACGCTGGCGGCGTGCCTAACACATGCAAGTCGAACGGAACTGTTTTGAAAGATTTCTTCGGAATGAATTTGATTTAGTTTAGTGGCGGACGGGTGAGTAACGCGTGAGTAACCTGCCTTCAAGAGGGGGATAACATTCTGAAAAGAATGCTAATACCGCATGACATATCGGAACCACATGGTTCTGATATCAAAGATTTTATCGCTTGAAGATGGACTCGCGTCCGATTAGTTAGTTGGTGAGGTAACGGCTCACCAAGACCGCGATCGGTAGCCGGACTGAGAGGTTGAACGGCCACATTGGGACTGAGACACGGCCCAG",95
"GATGAACGCTGGCGGCGTGCTTAACACATGCAAGTCGAACGAAGCACCTTGATTTGATTCTTCGGATGAAGATCTTGGTGACTGAGTGGCGGACGGGTGAGTAACGCGTGGGTAACCTGCCTCATACAGGGGGATAACAGTTAGAAATGACTGCTAATACCGCATAAGACCACAGCACCGCATGGTGCAGGGGTAAAAACTCCGGTGGTATGAGATGGACCCGCGTCTGATTAGGTAGTTGGTGGGGTAACGGCCTACCAAGCCGACGATCAGTAGCCGACCTGAGAGGGTGACCGGCCACATTGGGACTGAGACACGGCCCAA",33
"GATGAACGCTAGCTACAGGCTTAACACATGCAAGTCGAGGGGCAGCATTTCGCTAGCAATAGTGAAGATGGCGACCGGCGCACGGGTGAGTAACACGTATCCAACCTGCCGATAACTCGGGGATAGCCTTTCGAAAGAAAGATTAATATCCGATAGTATATTAAAACCGCATGGTTTTACTATTAAAGAATTTCGGTTATCGATGGGGATGCGTTCCATTAGTTTGTTGGCGGGGTAACGGCCCACCAAGACCACGATGGATAGGGGTTCTGAGAGGAAGGTCCCCCACATTGGAACTGAGACACGGTCCAA",41
"GACGAACGCTGGCGGCACGCTTAACACATGCAAGTCGAACGAGAGAAGAGAAGCTTGCTTTTCTGATCTAGTGGCGGACGGGTGAGTAACACGTGAGCAATCTGCCTTTCAGAGGGGGATACCGATTGGAAACGATCGTTAATACCGCATAACATAATTGAACCGCATGATTTGATTATCAAAGATTTATCGCTGAAAGATGAGCTCGCGTCTGATTAGCTAGTTGGTAAGGTAACGGCTTACCAAGGCGACGATCAGTAGCCGGACTGAGAGGTTGATCGGCCACATTGGGACTGAGACACGGCCCAG",234
"GATGAACGCTGGCGGCGTGCCTAATACATGCAAGTCGAACGCTTCACTTCGGTGAAGAGTGGCGAACGGGTGAGTAATACATAAGTAACCTGGCATCTACAGGGGGATAACTGATGGAAACGTCAGCTAAGACCGCATAGGTGTAGAGATCGCATGAACTCTATATGAAAAGTGCTACGGGACTGGTAGATGATGGACTTATGGCGCATTAGCTGGTTGGTAGGGTAACGGCCTACCAAGGCGACGATGCGTAGCCGACCTGAGAGGGTGACCGGCCACACTGGGACTGAGACACGGCCCAG",64
"GATGAACGCTGGCGGCGTGCTTAACACATGCAAGTCGAACGAAGCATTTAAGACAGATTACTTCGGTTTGAAGTCTTTTATGACTGAGTGGCGGACGGGTGAGTAACGCGTGGGTAACCTGCCTCATACAGGGGGATAGCAGCTGGAAACGGCTGGTAATACCGCATAAGCGCACAGTACCACATGGTACAGTGTGAAAAACTCCGGTGGTATGAGATGGACCCGCGTCTGATTAGCTTGTTGGCGGGGTAACGGCCCACCAAGGCGACGATCAGTAGCCGACCTGAGAGGGTGACCGGCCACATTGGGACTGAGACACGGCCCAG",498
"GACGAACGCTGGCGGCGCGCCTAACACATGCAAGTCGAACGAGCGAGAGAGAGCTTGCTTTCTCGAGCGAGTGGCGAACGGGTGAGTAACGCGTGAGGAACCTGCCTCAAAGAGGGGGACAACAGTTGGAAACGACTGCTAATACCGCATAAGCCCACAGCTCGGCATCGAGCAGAGGGAAAAGGAGCAATCCGCTTTGAGATGGCCTCGCGTCCGATTAGCTAGTTGGTGAGGTAACGGCCCACCAAGGCGACGATCGGTAGCCGGACTGAGAGGTTGAACGGCCACATTGGGACTGAGACACGGCCCAG",266
"GATGAACGCTAGCGACAGGCCTAACACATGCAAGTCGAGGGGCAGCGGAGAGGTAGCAATACCTTTGCCGGCGACCGGCGCACGGGTGAGTAACACGTATGCAATCCACCTGTAACAGGGGGATAACCCGGAGAAATCCGGACTAATACCCCATAATATGGGCTCTCCGCATGGAGGGTCCATTAAAGAGAGCAATTTTGGTTACAGACGAGCATGCGCTCCATTAGCCAGTTGGCGGGGTAACGGCCCACCAAAGCGACGATGGATAGGGGTTCTGAGAGGAAGGTCCCCCACATTGGAACTGAGACACGGTCCAA",115
"GATGAACGCTAGCTACAGGCTTAACACATGCAAGTCGAGGGGCAGCATTTTAGTTTGCTTGCAAACTAAAGATGGCGACCGGCGCACGGGTGAGTAACACGTATCCAACCTGCCGATAACTCGGGGATAGCCTTTCGAAAGAAAGATTAATATCCGATAGTATATTAAAACCGCATGGTTTTACTATTAAAGAATTTCGGTTATCGATGGGGATGCGTTCCATTAGTTTGTTGGCGGGGTAACGGCCCACCAAGACTACGATGGATAGGGGTTCTGAGAGGAAGGTCCCCCACATTGGAACTGAGACACGGTCCAA",46
"GATGAACGCTGGCGGCGTGCCTAATACATGCAAGTCGAACGCTTTGTAAAGGAGCTTGCTTCTTTACAGGGAGTGGCGAACGGGTGAGTAATACATAAGCAATCTGCCCATCGGCCTGGGATAACAGTTGGAAACGACTGCTAATACCGGATAGGTGATTGAGAGGCATCTCTCGATCATTAAAGTTGGGATACAACACGGATGGATGAGCTTATGGCGTATTAGCTAGTAGGTGAGGTAACGGCCCACCTAGGCGATGATACGTAGCCGACCTGAGAGGGTGACCGGCCACATTGGGACTGAGACACGGCCCAA",10
"GATGAACGCTGGCGGCGTGCTTAACACATGCAAGTCGAACGAAGCATTTAGAACGGATTACTTCGGTTTGAAGTTCTTTATGACTGAGTGGCGGACGGGTGAGTAACGCGTGGGTAACCTGCCTTGTACTGGGGGATAGCAGCTGGAAACGGCTGGTAATACCGCATAAGCGCACGGTGCTGCATGGCACAGTGTGAAAAACTCCGGTGGTATAAGATGGACCCGCGTCTGATTAGCTAGTTGGTGAGATAACAGCCCACCAAGGCGACGATCAGTAGCCGACCTGAGAGGGTGACCGGCCACATTGGGACTGAGACACGGCCCAG",148
"GACGAACGCTGGCGGCGTGCTTAACACATGCAAGTCGAACGAAAAGAGGGAAAGAGCTTGCTCTTTCCGGAATTGAGTGGCAAACGGGTGAGTAACACGTAAACAACCTGCCTTCAGGATGGGGACAACAGACGGAAACGACTGCTAATACCGAATAAGTTCCAAGGGCCGCATGGCCCATGGAAGAAAAGGTGGCCTCTACCTGTAAGCTATCGCCTGAAGAGGGGTTTGCGTCTGATTAGCTGGTTGGAGGGGTAACGGCCCACCAAGGCGACGATCAGTAGCCGGTCTGAGAGGATGAACGGCCACACTGGAACTGAGACACGGTCCAG",144
"GACGAACGCTGGCGGCGCGCCTAACACATGCAAGTCGAACGAGCGAGAGAGAGCTTGCTTTCTCGAGCGAGTGGCGAACGGGTGAGTAACGCGTGAGGAACCTGCCTCAAAGAGGGGGACAACAGTTGGAAACGACTGCTAATACCGCATAAGCCCACGGGTCGGCATCGACCAGAGGGAAAAGGAGCAATCCGCTTTGAGATGGCCTCGCGTCCGATTAGCTAGTTGGTGAGGTAACGGCCCACCAAGGCGACGATCGGTAGCCGGACTGAGAGGTTGAACGGCCACATTGGGACTGAGACACGGCCCAG",267
"GATGAACGCTGGCGGCGTGCTTAACACATGCAAGTCGAACGAAGCATTTAGAACGGATTACTTCGGTTTGAAGTTCTTTATGACTGAGTGGCGGACGGGTGAGTAACGCGTGGGTAACCTGCCTTGTACTGGGGGATAGCAGCTGGAAACGGCTGGTAATACCGCATAAGCGCACAATGTTGCATGACATGGTGTGAAAAACTCCGGTGGTATAAGATGGACCCGCGTCTGATTAGCTAGTTGGTGAGATAACAGCCCACCAAGGCGACGATCAGTAGCCGACCTGAGAGGGTGACCGGCCACATTGGGACTGAGACACGGCCCAG",173
"GATGAACGCTGGCGGCATGCTTTACACATGCAAGTCGAACGGCAGCGCGGGGAGCTTGCTCCCTGGCGGCGAGTGGCGCACGGGTGAGTAATACATCGGAACGTGTCTTCTAGTGGGGGATAACTGCCCGAAAGGGCAGCTAATACCGCATGAGACCTGAGGGTGAAAGCGGGGGATCGCAAGACCTCGCGCTGGAAGAGCGGCCGATGTCCGATTAGCTAGTTGGTGAGGTAAAGGCTCACCAAGGCGACGATCGGTAGCTGGTCTGAGAGGACGACCAGCCACACTGGGACTGAGACACGGCCCAG",31
"GATGAACGCTGGCGGCGTGCTTAACACATGCAAGTCGAACGAAGCATTTGCAACAGATTTCTTCGGATTAAAGTTGCTTATGACTGAGTGGCGGACGGGTGAGTAACGCGTGGGTAACCTGCCTCATACAGGGGGATAGCAGCTGGAAACGGCTGGTAATACCGCATAAGCGCACAGTACCACATGGTACAGTGTGAAAAACTCCGGTGGTATGAGATGGACCCGCGTCTGATTAGCTGGTTGGCGGGGTAACGGCCCACCAAGGCGACGATCAGTAGCCGACCTGAGAGGGTGACCGGCCACATTGGGACTGAGACACGGCCCAG",243
"GACGAACGCTGGCGGCGCGCCTAACACATGCAAGTCGAACGAGCGAGAGAGAGCTTGCTTTCTCGAGCGAGTGGCGAACGGGTGAGTAACGCGTGAGGAACCTGCCTCAAAGAGGGGGACAACAGTTGGAAACGACTGCTAATACCGCATAAGCCCACGGCTCGGCATCGAGCAGGGGGAAAAGGAGCAATCCGCTTTGAGATGGCCTCGCGTCCGATTAGCTAGTTGGTGAGGTAACGGCCCACCAAGGCAACGATCGGTAGCCGGACTGAGAGGTTGAACGGCCACATTGGGACTGAGACACGGCCCAG",154
"GATGAACGCTGGCGGCGTGCTTAACACATGCAAGTCGAACGAAGCATTTAAGACAGATTACTTCGGTTTGAAGTCTTTTATGACTGAGTGGCGGACGGGTGAGTAACGCGTGGGTAACCTGCCTCATACAGGGGGATAGCAGCTGGAAACGGCTGGTAATACCGCATAAGCGCACAGTACCACATGGTACAGTGTGAAAAACTCCGGTGGTATGAGATGGACCCGCGTCTGATTAGCTGGTTGGCGGGGTAACGGCCCACCAAGGCGACGATCAGTAGCCGACCTGAGAGGGTGACCGGCCACATTGGGACTGAGACACGGCCCAG",253
"GATGAACGCTGGCGGCGTGCTTAACACATGCAAGTCGAACGAAGCATTTAGAACAGATTACTTCGGTTTGAAGTTCTTTATGACTGAGTGGCGGACGGGTGAGTAACGCGTGGGTAACCTGCCTTGTACTGGGGGATAGCAGCTGGAAACGGCTGGTAATACCGCATAAGCGCACAATGTTGCATGACATGGTGTGAAAAACTCCGGTGGTATAAGATGGACCCGCGTCTGATTAGCTAGTTGGTGAGATAACAGCCCACCAAGGCGACGATCAGTAGCCGACCTGAGAGGGTGACCGGCCACATTGGGACTGAGACACGGCCCAG",136
"GATGAACGCTGGCGGCGTGCTTAACACATGCAAGTCGAGCGAAGCAGTTAAGAAGATTCTTCGGATGATTCTTAACTGACTGAGCGGCGGACGGGTGAGTAACGCGTGGGTGACCTGCCCCATACCGGGGGATAACAGCTGGAAACGGCTGCTAATACCGCATAAGCGCACAGAGCTGCATGGCTCGGTGTGAAAAACTCCGGTGGTATGGGATGGGCCCGCGTCTGATTAGGCAGTTGGCGGGGTAACGGCCCACCAAACCGACGATCAGTAGCCGGCCTGAGAGGGCGACCGGCCACATTGGGACTGAGACACGGCCCAA",24
"GATGAACGCTGGCGGCGTGCTTAACACATGCAAGTCGAACGAAGCATTTAGAACAGATTATTTCGGTATGAAGTTCTTTATGACTGAGTGGCGGACGGGTGAGTAACGCGTGGGTAACCTGCCTTGTACTGGGGGATAGCAGCTGGAAACGGCTGGTAATACCGCATAAGCGCACAATGTTGCATGACATGGTGTGAAAAACTCCGGTGGTATAAGATGGACCCGCGTCTGATTAGCTAGTTGGTGAGATAACAGCCCACCAAGGCGACGATCAGTAGCCGACCTGAGAGGGTGACCGGCCACATTGGGACTGAGACACGGCCCAG",88
"GATGAACGCTGGCGGCGTGCTTAACACATGCAAGTCGAACGGAGTGCCCATGACAGAGGATTCGTCCAATGGATTGGGTTACTTAGTGGCGGACGGGTGAGTAACGCGTGAGGAACCTGCCTCGGAGTGGGGAATAACACAACGAAAGCTGTGCTAATACCGCATGATACAGTTGGGTCGCATGACTCTGACTGTCAAAGATTTATCGCTCTGAGATGGCCTCGCGTCTGATTAGCTAGTTGGTGGGGTAACGGCCCACCAAGGCGACGATCAGTAGCCGGACTGAGAGGTTGACCGGCCACATTGGGACTGAGACACGGCCCAG",56
"GATGAACGCTGGCGGCGTGCTTAACACATGCAAGTCGAACGAAGCACTTTAATTGATTTCTTCGGAATGAAGTTTTTGTGACTGAGTGGCGGACGGGTGAGTAACGCGTGGGTAACCTGCCTCATACAGGGGGATAACAGTTGGAAACGACTGCTAATACCGCATAAGCGCACAGGATTGCATGATCCAGTGTGAAAAACTCCGGTGGTATGAGATGGACCCGCGTCTGATTAGCCAGTTGGCGGGGTAACGGCCCACCAAAGCGACGATCAGTAGCCGACCTGAGAGGGTGACCGGCCACATTGGGACTGAGACACGGCCCAA",18
"GATGAACGCTGGCGGCGTGCTTAACACATGCAAGTCGAACGGGAAATATTTCATTGAGACTTCGGTGGATTTGATCTATTTCTAGTGGCGGACGGGTGAGTAACGCGTGGGTAACCTGCCTTATACAGGGGGATAACAGTCAGAAATGGCTGCTAATACCGCATAAGCGCACAGAGCTGCATGGCTCAGTGTGAAAAACTCCGGTGGTATAAGATGGACCCGCGTTGGATTAGCTGGTTGGTGGGGTAACGGCCCACCAAGGCGACGATCCATAGCCGGCCTGAGAGGGTGAACGGCCACATTGGGACTGAGACACGGCCCAG",19
"GATGAACGCTGGCGGCGTGCTTAACACATGCAAGTCGAACGAAGCATTTAGAACAGATTACTTCGGTTTGAAGTTCTTTATGACTGAGTGGCGGACGGGTGAGTAACGCGTGGGTAACCTGCCTTGTACTGGGGGATAGCAGCTGGAAACGGCTGGTAATACCGCATAAGCGCACAATGTTGCATGACATGGTGTGAAAAACTCAGGTGGTATAAGATGGACCCGCGTCTGATTAGCTAGTTGGTGAGATAACAGCCCACCAAGGCGACGATCAGTAGCCGACCTGAGAGGGTGACCGGCCACATTGGGACTGAGACACGGCCCAG",122
"GATGAACGCTGGCGGCGTGCTTAACACATGCAAGTCGAACGAAGCATTTAAGACAGATTACTTCGGTTTGAAGTCTTTTATGACTGAGTGGCGGACGGGTGAGTAACGCGTGGGTAACCTGCCTCATACAGGGGAATAGCAGCTGGAAACGGCTGGTAATACCGCATAAGCGCACAGTACCACATGGTACAGTGTGAAAAACTCCGGTGGTATGAGATGGACCCGCGTCTGATTAGCTTGTTGGCGGGGTAACGGCCCACCAAGGCGACGATCAGTAGCCGACCTGAGAGGGTGACCGGCCACATTGGGACTGAGACACGGCCCAG",159
"GACGAACGCTGGCGGCGCGCCTAACACATGCAAGTCGAACGAGCGAGAGAGAGCTTGCTTTCTCGAGCGAGTGGCGAACGGGTGAGTAACGCGTGAGGAACCTGCCTCAAAGAGGGGGACAACAGTTGGAAACGACTGCTAATACCGCATAAGCCCACGGCTCGGCATCGAGCAGGGGGAAAAGGAGTAATCCGCTTTGAGATGGCCTCGCGTCCGATTAGCTAGTTGGTGAGGTAATGGCCCACCAAGGCAACGATCGGTAGCCGGACTGAGAGGTTGAACGGCCACATTGGGACTGAGACACGGCCCAG",83
"GACGAACGCTGGCGGCGCGCCTAACACATGCAAGTCGAACGAGAGATGAAGAGCTTGCTCTTCAGATCGAGTGGCGAACGGGTGAGTAACGCGTGAGGAACCTGCCTCAAAGAGGGGGACAACAGTTGGAAACGACTGCTAATACCGCATAAGCCCACGGCTCGGCATCGAGCAGAGGGAAAAGGAGCAATCCGCTTTGAGATGGCCTCGCGTCCGATTAGCTAGTTGGTGAGGTAACGGCCCACCAAGGCAACGATCGGTAGCCGGACTGAGAGGTTGAACGGCCACATTGGGACTGAGACACGGCCCAG",209
"GACGAACGCTGGCGGCACGCTTAACACATGCAAGTCGAACGAGAGAAGAGAAGCTTGCTTTTCTGATCTAGTGGCGGACGGGTGAGTAACACGTGAGCAATCTGCCTTTCAGAGGGGGATACCGATTGGAAACGATCGTTAATACCGCATAATATAATTGAACCGCATGATTTGATTATCAAAGATTTATCGCTGAAAGATGAGCTCGCGTCTGATTAGCTAGTTGGTAAGGTAACGGCTTACCAAGGCGACGATCAGTAGCCGGACTGAGAGGTTGATCGGCCACATTGGGACTGAGACACGGCCCAG",82
"GATGAACGCTGGCGGCGTGCTTAACACATGCAAGTCGAACGAAACACCTTATTTGATTTTCTTCGGAACTGAAGATTTGGTGATTGAGTGGCGGACGGGTGAGTAACGCGTGGGTAACCTACCCTGTACAGGGGGATAACAGTCAGAAATGACTGCTAATACCGCATAAGACCACAGCACCGCATGGTGCAGGGGTAAAAACTCCGGTGGTACAGGATGGACCCGCGTCTGATTAGCTGGTTGGTGAGGTAACGGCTCACCAAGGCGACGATCAGTAGCCGGCTTGAGAGAGTGAACGGCCACATTGGGACTGAGACACGGCCCAA",57
"GATGAACGCTGGCGGCGTGCTTAATACATGCAAGTCGAACGAAGCACCTTGGACAGAATCCTTCGGGAGGAAGACCATTGTGACTGAGTGGCGGACGGGTGAGTAACGCGTGGGTAACCTGCCTTGTACAGGGGGATAACAGTTGGAAACGACTGCTAATACCGCATAAGCGCACAGTACCGCATGGTACGGTGTGAAAAACTCCGGTGGTACAAGATGGACCCGCGTCTGATTAGCTGGTTGGTGAGGTAACGGCCCACCAAGGCGACGATCAGTAGCCGACTTGAGAGAGTGATCGGCCACATTGGGACTGAGACACGGCCCAA",143
"GATGAACGCTGGCGGCGTGCTTAACACATGCAAGTCGAGCGAAGCGGCTGAATTGATTCTTCGGATGATTTTCAGTTGACTGAGCGGCGGACGGGTGAGTAACGCGTGGGTGACCTGCCCCATACCGGGGGATAACAGCTGGAAACGGCTGCTAATACCGCATAAGCGCACAGAGCTGCATGGCTCGGTGTGAAAAACTCCGGTGGTATGGGATGGGCCCGCGTCTGATTAGGCAGTTGGCGGGGTAACGGCCCACCAAACCGACGATCAGTAGCCGGCCTGAGAGGGCGACCGGCCACATTGGGACTGAGACACGGCCCAA",9
"GATGAACGCTGGCGGCGTGCTTAACACATGCAAGTCGAGCGAAGCAGTTAAGTTGATTTCTTCGGATTGATTCTTAATTGACTGAGCGGCGGACGGGTGAGTAACGCGTGGGTGACCTGCCCCATACCGGGGGATAACAGCTGGAAACGGCTGCTAATACCGCATAAGCGCACAGAGCTGCATGGCTCGGTGTGAAAAACTCCGGTGGTATGGGATGGGCCCGCGTCTGATTAGGCAGTTGGCGGGGTAACGGCCCACCAAACCGACGATCAGTAGCCGGCCTGAGAGGGCGACCGGCCACATTGGGACTGAGACACGGCCCAA",20
"GACGAACGCTGGCGGCACGCTTAACACATGCAAGTCGAACGGAGAACATTGAGCTTGCTTAATGTTCTTAGTGGCGGACGGGTGAGTAACACGTGAGTAACCTGCCTCTGAGAGTGGGATAGCTTCTGGAAACGGATGGTAATACCGCATAACATCATGGATTCGCATGTTTCTATGATCAAAGATTTATCGCTCAGAGATGGACTCGCGTCTGATTAGATAGTTGGTGAGGTAACGGCCCACCAAGTCGACGATCAGTAGCCGGACTGAGAGGTTGACCGGCCACATTGGGACTGAGACACGGCCCAG",19
"GATGAACGCTAGCTACAGGCTTAACACATGCAAGTCGAGGGGCAGCATTTCGCTAGCAATAGTGAAGATGGCGACCGGCGCACGGGTGAGTAACACGTATCCAACCTGCCGATAACTCGGGGATAGCCTTTCGAAAGAAAGATTAATATCCGATAGTATATTAAAACCGCATGGTTTTACTATTAAAGAATTTCGGTTATCGATGGGGATGCGTTCCATTAGTTTGTTGGCGGGGTAACGGCCCACCAAGACTACGATGGATAGGGGTTCTGAGAGGAAGGTCCCCCACATTGGAACTGAGACACGGTCCAA",6
"GATGAACGCTGGCGGCGTGCTTAACACATGCAAGTCGAGCGAAGCACTTAGGAAAGATTCTTCGGATGATTTCCTAAGTGACTGAGCGGCGGACGGGTGAGTAACGCGTGGGTAACCTGCCTCATACAGGGGGATAACAGTTAGAAATGACTGCTAATACCGCATAAGACCACAGCACCGCATGGTGCAGGGGTAAAAACTCCGGTGGTATGAGATGGACCCGCGTCTGATTAGTTAGTTGGTGGGGTAACGGCCTACCAAGGCGACGATCAGTAGCCGACCTGAGAGGGTGACCGGCCACATTGGGACTGAGACACGGCCCAA",14
"GATGAACGCTGGCGGCGTGCCTAACACATGCAAGTCGAGCGATTCTCTTCGGAGAAGAGCGGCGGACGGGTGAGTAACGCGTGGGTAACCTGCCCTGTACACACGGATAACATACCGAAAGGTATGCTAATACGAGATAATATGCTTTTATCGCATGGTAGAAGTATCAAAGCTTTTGCGGTACAGGATGGACCCGCGTCTGATTAGCTAGTTGGTAAGGTAACGGCTTACCAAGGCGACGATCAGTAGCCGACCTGAGAGGGTGATCGGCCACATTGGAACTGAGACACGGTCCAA",15
"GACGAACGCTGGCGGCGTGCCTAACACATGCAAGTCGAACGAGAATCTTTGGAATGATTCTTTCGGGATGAATTCCAAAGAGGAAAGTGGCGGACGGGCGAGTAACGCGTGAGTAACCTGCCCATAAGAGGGGGATAATCCATGGAAACGTGGACTAATACCGCATATTGTAATTAAGTTGCATGACTTGATTATGAAAGATTTATCGCTTATGGATGGACTCGCGTCAGATTAGATAGTTGGTGAGGTAACGGCTCACCAAGTCAACGATCTGTAGCCGAACTGAGAGGTTGATCGGCCGCATTGGGACTGAGACACGGCCCAG",13
"GATGAACGCTGGCGGCGTGCTTAACACATGCAAGTCGAGCGAAGCGATTTAAGTGAAGTTTTCGGATGGATCTTAGATTGACTGAGCGGCGGACGGGTGAGTAACGCGTGGATAACCTGCCTCACACAGGGGGATAACAGTTAGAAATGACTGCTAATACCGCATAAGCGCACGGTACCGCATGGTACAGTGTGAAAAACTCCGGTGGTGTGAGATGGATCCGCGTCTGATTAGGTAGTTGGTGAGGTAACGGCCCACCAAGCCGACGATCAGTAGCCGACCTGAGAGGGTGACCGGCCACATTGGGACTGAGACACGGCCCAA",14
"GATGAACGCTGGCGGCATGCTTTACACATGCAAGTCGAACGGCAGCGCGGGGAGCTTGCTCCCTGGCGGCGAGTGGCGCACGGGTGAGTAATACATCGGAACGTGTCTTCTAGTGGGGGATAACTGCCCGAAAGGGCAGCTAATACCGCATGAGACCTGAGGGTGAAAGCGGGGGATCGCAAGACCTCGCGCTGGAAGAGCGGCCGATGTCCGATTAGCTAGTTGGTGAGGTAAAGGCTCACCAAGGCGACGATCGGTAGCTGGTCTGAGAGGACGATCAGCCACACTGGGACTGAGACACGGCCCAG",8
"GATGAACGCTGGCGGCGTGCCTAACACATGCAAGTCGAACGGAGTTATTTTGGAAATCTCTTCGGGGATGGAATTCATAACTTAGTGGCGGACGGGTGAGTAACGCGTGAGCAATCTGCCCTTAGGTGGGGGATAACAGCCGGAAACGGCTGCTAATACCGCATAACACATTGAAGCCGCATGGTTTTGATGTCAAAGATTTATTGCCTTTGGATGAGCTCGCGTCTGATTAGCTGGTTGGCGGGGTAACGGCCCACCAAGGCGACGATCAGTAGCCGGACTGAGAGGTTGAACGGCCACATTGGGACTGAGACACGGCCCAG",3
"GATGAACGCTGGCGGCGTGCTTAACACATGCAAGTCGAACGAAGCACTCTATTTGATTTTCTTCGGAAATGAAGATTTTGTGACTGAGTGGCGGACGGGTGAGTAACGCGTGGGTAACCTGCCTCATACAGGGGGATAACAGTTGGAAACGACTGCTAATACCGCATAAGCGCACAGGATCGCATGATCTGGTGTGAAAAATTCCGGTGGTATGAGATGGACCCGCGTCTGATTAGCCAGTTGGCAGGGTAACGGCCTACCAAAGCGACGATCAGTAGCCGACCTGAGAGGGTGACCGGCCACATTGGGACTGAGACACGGCCCAA",14
"GATGAACGCTGGCGGCGTGCCTAACACATGCAAGTCGAACGAAGCACCTTACCTGATTCTTCGGATGAAGGTCTGGTGACTGAGTGGCGGACGGGTGAGTAACGCGTGGGTAACCTGCCCTGTACAGGGGGATAACAGCTGGAAACGGCTGCTAATACCGCATAAGCGCACGAGGAGACATCTCCTTGTGTGAAAAACTCCGGTGGTACAGGATGGGCCCGCGTCTGATTAGCTGGTTGGCAGGGTAACGGCCTACCAAGGCAACGATCAGTAGCCGGTCTGAGAGGATGAACGGCCACATTGGAACTGAGACACGGTCCAA",34
"GATGAACGCTGGCGGCGTGCTTAACACATGCAAGTCGAGCGAAGCGCTTTGGAAAGATTCTTCGGATGATTTCCTTTGTGACTGAGCGGCGGACGGGTGAGTAACGCGTGGGTAACCTGCCTCATACAGGGGGATAACAGTTAGAAATGACTGCTAATACCGCATAAGACCACGGTACCGCATGGTACAGTGGTAAAAACTCCGGTGGTATGAGATGGACCCGCGTCTGATTAGGTAGTTGGTGGGGTAACGGCCTACCAAGCCGACGATCAGTAGCCGACCTGAGAGGGTGACCGGCCACATTGGGACTGAGACACGGCCCAG",15
"GATGAACGCTGGCGGCGTGCCTAACACATGCAAGTCGAACGGACTTACATTGAAGCCTAGCGATATGTAAGTTAGTGGCGGACGGGTGAGTAACGCGTGGGTAACCTGCCTTGTACTGGGGGACAACAGTTGGAAACGACTGCTAATACCGCATAAGCGCACAGCTTCGCATGAAGCAGTGTGAAAAACTCCGGTGGTACAAGATGGACCCGCGTCTGATTAGCTGGTTGGTGAGGTAACGGCCCACCAAGGCGACGATCAGTAGCCGGCCTGAGAGGGTGAACGGCCACATTGGGACTGAGACACGGCCCAA",32
"GATGAACGCTGGCGGCGTGCTTAACACATGCAAGTCGAACGGGAATTACTTTATTGAAACTTCGGTCGATTTAATTTAATTCTAGTGGCGGACGGGTGAGTAACGCGTGGGTAACCTGCCTTGTACAGGGGGATAACAGTCAGAAATGACTGCTAATACCGCATAAGCGCACAGGACCGCATGGTCCGGTGTGAAAAACTCCGGTGGTATAAGATGGACCCGCGTTGGATTAGCTAGTTGGCAGGGTAACGGCCTACCAAGGCGACGATCCATAGCCGGCCTGAGAGGGTGAACGGCCACATTGGGACTGAGACACGGCCCAG",1
"GATGAACGCTGGCGGCGTGCTTAACACATGCAAGTCGAGCGAAGCACTTTGCTTTGATTTCTTCGGGATGAAGAGCTTAGTGACTGAGCGGCGGACGGGTGAGTAACGCGTGGGTAACCTGCCTCATACAGGGGGATAACAGTTAGAAATGACTGCTAATACCGCATAAGGCCACAGCACCGCATGGTGCAGGGGTAAAAACTCCGGTGGTATGAGATGGACCCGCGTCTGATTAGGTAGTTGGCGGGGTAACGGCCCACCAAGCCGACGATCAGTAGCCGACCTGAGAGGGTGACCGGCCACATTGGGACTGAGACACGGCCCAA",19
"GATGAACGCTGGCGGCGTGCTTAACACATGCAAGTCGAGCGAAGCGCTTAAGTTTGATTCTTCGGATGAAGACTTTTGTGACTGAGCGGCGGACGGGTGAGTAACGCGTGGGTAACCTGCCTCATACAGGGGGATAACAGTTAGAAATGACTGCTAATACCGCATAAGACCACGGTACCGCATGGTACAGTGGTAAAAACTCCGGTGGTATGAGATGGACCCGCGTCTGATTAGGTAGTTGGTGGGGTAACGGCCTACCAAGCCGACGATCAGTAGCCGACCTGAGAGGGTGACCGGCCACATTGGGACTGAGACACGGCCCAG",17
"GACGAACGCTGGCGGCGTGCCTAACACATGCAAGTCGAACGGGGTTACACGAGGTGCTTGCACCATGTGCAACCTAGTGGCGGACGGGTGAGTAACGCGTGAGCAACCTGCCTTTCAGAGGGGGATAACAACGGGAAACCGTTGCTAATACCGCATAATACCGGATGATGGCATCATCGACCGGTCAAAGGAGCAATCCGCTGAAAGATGGGCTCGCGTCCCATTAGGTAGTTGGTGGGGTAACGGCCTACCAAGCCGACGATGGGTAGCCGGACTGAGAGGTTGATCGGCCACATTGGAACTGAGACACGGTCCAA",28
"GACGAACGCTGGCAGCGCGCCTAACACATGCAAGTCGAACGAGCCGAGGAGAGCTTGCTCTCCAGAGCTAGTGGCGGACGGGTGAGTAACACGTGAGCAACCTGCCTCTCAGAGGGGGATAACGTTTGGAAACGAACGCTAATACCGCATAACGTATTCGGGCCACATGACCTGGATACCAAAGGAGCAATCCGCTGAGAGATGGGCTCGCGTCCGATTAGCTAGTTGGTGAGGTAACGGCTCACCAAGGCGACGATCGGTAGCCGGACTGAGAGGTTGATCGGCCACATTGGGACTGAGACACGGCCCAG",10
"GATGAACGCTGGCGGCGTGCTTAACACATGCAAGTCGAACGAAGCATTTAAGACAGATTACTTCGGTTTGAAGTCTTTTATGACTGAGTGGCGGACGGGTGAGTAACGCGTGGGTAACCTGCCTCATACAGGGGGATAGCAGCTGGAAACGGCTGGTAATACCGCATAAGCGCACGGTATCGCATGATACAGTGTGAAAAACTCCGGTGGTATGAGATGGACCCGCGTCTGATTAGCTGGTTGGTGAGGTAACGGCCCACCAAGGCGACGATCAGTAGCCGACCTGAGAGGGTGACCGGCCACATTGGGACTGAGACACGGCCCAG",28
"GACGAACGCTGGCGGCGCGCCTAACACATGCAAGTCGAACGGAGTTGTGTTGAAAGCTTGCTGGATATACAACTTAGTGGCGGACGGGTGAGTAACACGTGAGTAACCTGCCTCTCAGAGTGGAATAACGTTTGGAAACGAACGCTAATACCGCATAACGTGAGAAGAGGGCATCCTCTTTTTACCAAAGATTTATCGCTGAGAGATGGGCTCGCGGCCGATTAGGTAGTTGGTGAGATAACAGCCCACCAAGCCGACGATCGGTAGCCGGACTGAGAGGTTGATCGGCCACATTGGGACTGAGACACGGCCCAG",8
"GACGAACGCTGGCGGCGCGCCTAACACATGCAAGTCGAACGAGAGATGAAGAGCTTGCTCTTCAAATCGAGTGGCGAACGGGTGAGTAACGCGTGAGGAACCTGCCTCAAAGAGGGGGACAACAGTTGGAAATGACTGCTAATACCGCATAAGACCACAGCACCGCATGGTGCAGGGGTAAAAACTCCGGTGGTACAGGATGGACCCGCGTCTGATTAGCTGGTTGGTGAGGTAACGGCTCACCAAGGCGACGATCAGTAGCCGGCTTGAGAGAGTGAACGGCCACATTGGGACTGAGACACGGTCCAG",7
"GATGAACGCTGGCGGCGTGCTTAACACATGCAAGTCGAACGAAGCATCTTCACGGAATTCCTTCGGGAAGGAAGCGATTATGACTGAGTGGCGGACGGGTGAGTAACGCGTGGATAACCTGCCTCACACAGGGGGATAACAGTTAGAAATGACTGCTAATACCGCATAAGCGCACAGCATCGCATGGTGCAGTGTGAAAAGCTCCGGCGGTGTGAGATGGATCCGCGTCTGATTAGGCAGTTGGCGGGGTAGAGGCCCACCAAACCGACGATCAGTAGCCGGCCTGAGAGGGCGACCGGCCACATTGGGACTGAGACACGGCCCAG",6
"GATGAACGCTGGCGGCGTGCTTAACACATGCAAGTCGAACGAAGCATTTAGAACGGATTACTTCGGTTTGAAGTTCTTTATGACTGAGTGGCGGACGGGTGAGTAACGCGTGGGTAACCTGCCTCATACAGGGGGATAACGGTTAGAAATGACTGCTAATACCGCATAAGCGCACAGTACCGCATGGTACGGTGTGAAAAACTCCGGTGGTATGAGATGGACCCGCGTCTGATTAGCTAGTTGGTGGGGTAACGGCCCACCAAGGCGACGATCAGTAGCCGACCTGAGAGGGTGACCGGCCACATTGGGACTGAGACACGGCCCAG",5
"GACGAACGCTGGCGGCGTGCCTAACACATGCAAGTCGAACGGAGATGCACTGGTGAAGTTTTCGGATGGAACCGGGGTATTCTTAGTGGCGGACGGGTGAGTAACGCGTGAGTAACCTGCCTTTCAGAGGGGGATAACGTTTTGAAAAGAACGCTAATACCGCATGACATATTGAGGCTGCATGGCTTTGATATCAAAGGAGCAATCCGCTGAAAGATGGACTCGCGTCCGATTAGCCAGTTGGCGGGGTAAAGGCCCACCAAAGCGACGATCGGTAGCCGGACTGAGAGGTTGAACGGCCACATTGGGACTGAGACACGGCCCAG",2
"GACGAACGCTGGCGGCGTGCCTAACACATGCAAGTCGAACGGAGTCATATCTGACACGGAGTCCTCTGGGGAAGAGGGCTGCGTGTTGGATATGACTTAGTGGCGGACGGGCGAGTAACGCGTGAGCAACCTGCCCTTCAGTGGGGAACAACGGCTGGAAACGGCCGCTAATACCGCATAATGTATCCTTTTCGCATGGAGGGGATACCAAGGGAGCAATTCGCTGAAGGATGGGCTCGCGTCCGATTAGCTAGTTGGCGGGGTAACGGCCCACCAAGGCGACGATCGGTAGCCGAACTGAGAGGTTGATCGGCCGCATTGGGACTGAGACACGGCCCAG",4
"GATGAACGCTAGCGACAGGCTTAACACATGCAAGTCGAGGGGCAGCACAGGTAGCAATACCGGGTGGCGACCGGCGCACGGGTGAGTAACGCGTGGGTGACCTGCCCCATACCGGGGGATAACAGCTGGAAACGGCTGCTAATACCGCATAAGCGCACAGAGCTGCATGGCTCGGTGTGAAAAACTCCGGTGGTATGAGATGGACCCGCGTCTGATTAGCTGGTTGGCGGGGTAACGGCCCACCAAGGCGACGATCAGTAGCCGACCTGAGAGGGTGACCGGCCACATTGGGACTGAGACACGGCCCAG",4
"GACGAACGCTGGCGGCGTGCTTAACACATGCAAGTCGAACGAAGAGCGATGGAAGCTTGCTTCTATCAATCTTAGTGGCGAACGGGTGAGTAACGCGTAATCAACCTGCCCTTCAGAGGGGGACAACAGTTGGAAACGACTGCTAATACCGCATACGATCTAATCTCGGCATCGAGGATAGATGAAAGGTGGCCTCTACATGTAAGCTATCACTGAAGGAGGGGATTGCGTCTGATTAGCTAGTTGGAGGGGTAACGGCCCACCAAGGCGATGATCAGTAGCCGGTCTGAGAGGATGAACGGCCACATTGGGACTGAGACACGGCCCAG",4
"GACGAACGCTGGCGGCGCGCCTAACACATGCAAGTCGAACGAGAGATGAAGAGCTTGCTCTTCAAATCGAGTGGCGAACGGGTGAGTAACGCGTGAGGAACCTGCCTCAAAGAGGGGGACAACAGTTGGAAACGGCTGCTAATACCGCATAAGCCCACAGCTCGGCATCGAGCAGAGGGAAAAGGAGCAATCCGGTACAGGATGGACCCGCGTCTGATTAGCCAGTTGGCAGGGTAACGGCCTACCAAAGCGACGATCAGTAGCCGATCTGAGAGGATGTACGGCCACATTGGGACTGAGACACGGCCCAG",3
"GATGAACGCTAGCTACAGGCTTAACACATGCAAGTCGAACGAAGCATTTGCAACAGATTTCTTCGGATTAAAGTTGCTTATGACTGAGTGGCGGACGGGTGAGTAACGCGTGGGTAACCTGCCCTGTACAGGGGGACAACAGCTGGAAACGGCTGCTAATACCGCATAAGCCCTTAGCACTGCATGGTGCATAGGGAAAAGGAGCAATCCGGTACAGGATGGACCCGCGTCTGATTAGCCAGTTGGCAGGGTAACGGCCTACCAAAGCAACGATCAGTAGCCGATCTGAGAGGATGTACGGCCACATTGGGACTGAGACACGGCCCAG",3
"GATGAACGCTAGCTACAGGCTTAACACATGCAAGTCGAGGGGCAGCATGGTCTTAGCTTGCTAAGGCCGATGGCGACCGGCGCACGGGTGAGTAACGCGTGAGGAACCTGCCTCAAAGAGGGGGACAACAGTTGGAAACGACTGCTAATACCGCATAAGCGCACGGTTCCGCATGGAACAGTGTGAAAAACTCCGGTGGTACAGGATGGATTCGCGTCTGATTAGCCAGTTGGTGGGGTAACGGCCTACCAAGCCGACGATCAGTAGCCGACCTGAGAGGGTGACCGGCCACATTGGGACTGAGACACGGCCCAA",3
"GACGAACGCTGGCGGCGTGCTTAATACATGCAAGTCGAACGAAGCACCTTGGACAGAATCCTTCGGGAGGAAGACCATTGTGACTGAGTGGCGGACGGGTGAGTAACGCGTGGGTAACCTGCCTTGTACAGGGGGATAACAGTTAGAAATGACTGCTAATACCGCATAAGCGCACAGTCTCGCATGGGACAGTGTGAAAAACTTTAGTGGTATAAGATGGACCCGCGTCTGATTAGCTAGTTGGTGGGGTAAAGGCCTACCAAGGCGACGATCAGTAGCCGACCTGAGAGGGTGATCGGCCACATTGGGACTGAGACACGGCCCAA",3
"GACGAACGCTGGCGGCGCGCCTAACACATGCAAGTCGAGCGAAGCGCTTTACTTAGATTTCTTCGGATTGAAGAGTTTTGCGACTGAGCGGCGGACGGGTGAGTAACGCGTGGGTAACCTGCCTCATACAGGGGGATAACAGTTAGAAACGACTGCTAATACCGCATAAGCCCACGGCTCGGCATCGAGCAGAGGGAAAAGGAGCAATCCGCTTTGAGATGGCCTCGCGTCCGATTAGCTAGTTGGTGAGGTAACGGCCCACCAAGGCGACGATCAGTAGCCGACCTGAGAGGGTGACCGGCCACATTGGGACTGAGACACGGCCCAG",3
"GATGAACGCTGGCGGCGTGCTTAACACATGCAAGTCGAACGAAGCATTTAGAACGGATTACTTCGGTTTGAAGTTCTTTATGACTGAGTGGCGGACGGGTGAGTAACGCGTGAGCAACCTGCCCTTCAGAGGGGGATAACAACGGGAAACCGTTGCTAATACCGCATAAGACCACGACCCGGCATCGGGATGAGGTCAAAGGAGCAATCCGCTGAAGGAGGGGCTCGCGTCCCATTAGCTAGTTGGTGAGGTAATGGCCCACCAAGGCGACGATGGGTAGCCGGACTGAGAGGTTGAACGGCCACACTGGGACTGAGACACGGCCCAG",3
"GACGAACGCTGGCGGCGTGCTTAACACATGCAAGTCGAACGAAAAGAGGGAAAGAGCTTGCTCTTTCCGGAATTGAGTGGCAAACGGGTGAGTAACACGTAAACAACCTGCCTTCAGGATGGGGACAACAGACGGAAACGACTGCTAATACCGCATAAGCGCACGGTTCCGCATGGAACAGTGTGAAAAACTCCGGTGGTATAGGATGGATTCGCGTCTGATTAGCCAGTTGGTGGGGTAACGGCCTACCAAAGCAACGATCAGTAGCCGGCCTGAGAGGGTGAACGGCCACATTGGGACTGAGACACGGCCCAA",2
"GATGAACGCTAGCTACAGGCTTAACACATGCAAGTCGAACGAAGCACCTTGGACAGAATCCTTCGGGAGGAAGACCATTGTGACTGAGTGGCGAACGGGTGAGTAACGCGTGAGGAACCTGCCTCAAAGAGGGGGACAACAGTTGGAAACGACTGCTAATACCGCATAAGCCCACGGTGCCGCATGGTACAGAGGGAAAAGGAGCAATCCGCTTTGAGATGGCCTCGCGTCCGATTAGCTAGTTGGTGAGGTAACGGCCCACCAAGGCGACGATCGGTAGCCGGACTGAGAGGTTGAACGGCCACATTGGGACTGAGACACGGCCCAG",2
