"","SRR12968045"
"GATGAACGCTAGCTACAGGCTTAACACATGCAAGTCGAGGGGCAGCATTTCAGTTTGCTTGCAAACTGGAGATGGCGACCGGCGCACGGGTGAGTAACACGTATCCAACCTGCCGATAACTCGGGGATAGCCTTTCGAAAGAAAGATTAATACCCGATGGTATAATTAGACCGCATGGTCTAATTATTAAAGAATTTCGGTTATCGATGGGGATGCGTTCCATTAGGCAGTTGGTGAGGTAACGGCTCACCAAACCTTCGATGGATAGGGGTTCTGAGAGGAAGGTCCCCCACATTGGAACTGAGACACGGTCCAA",3237
"GACGAACGCTGGCGGCGTGCCTAACACATGCAAGTCGAACGAAGACCATAGAGGAGCTTGCTTTAATATGGTTTTAGTGGCGGACGGGTGAGTAACGCGTGAGGACTTGTCGAGTACAGGGGGACAACAGGTGGAAACGTCTGCTAATACCCCATAAGCCTTCGGGTAAAAGGAGCGATCCGGTACACGAGAGACTCGCGTTCTATCAGCTAGTAGGTGGGGTAACGGCCCACCCAGGCCAAGACGGATAGCCGGACTGAGAGGTCGATCGGCCACACTGGAACTGAGACACGGTCCAG",4949
"GATGAACGCTGACAGAATGCTTAACACATGCAAGTCTACTTGATCCTTCGGGTGAAGGTGGCGGACGGGTGAGTAACGCGTAAAGAACTTGCCTTACAGACTGGGACAACATTTGGAAACGAATGCTAATACCGGATATTATGATTGGGTCGCATGATCTGGTTATGAAAGCTATATGCGCTGTGAGAGAGCTTTGCGTCCCATTAGTTAGTTGGTGAGGTAACGGCTCACCAAGACGATGATGGGTAGCCGGCCTGAGAGGGTGAACGGCCACAAGGGGACTGAGACACGGCCCTT",1826
"GACGAACGCTGGCGGCGTGCCTAACACATGCAAGTCGAACGAAGACCATAGAGGAGCTTGCTTTAATATGGTTTTAGTGGCGGACGGGTGAGTAACGCGTGAGGACTTGTCGAGTACAGGGGGACAACAGGTGGAAACGTCTGCTAATACCCCATAAGCCTTATGGTAAAAGGAGCGATCCGGTACACGAGAGACTCGCGTTCTATCAGCTAGTAGGTGGGGTAACGGCCCACCCAGGCCAAGACGGATAGCCGGACTGAGAGGTCGATCGGCCACACTGGAACTGAGACACGGTCCAG",4920
"GATGAACGCTAGCTACAGGCTTAACACATGCAAGTCGAGGGGCAGCATTTCAGTTTGCTTGCAAACTGGAGATGGCGACCGGCGCACGGGTGAGTAACACGTATCCAACCTGCCGATAACTCGGGAATAGCCTTTCGAAAGAAAGATTAATACCCGATGGTATAATCAGACCGCATGGTCTTGTTATTAAAGAATTTCGGTTATCGATGGGGATGCGTTCCATTAGGCAGTTGGTGAGGTAACGGCTCACCAAACCTTCGATGGATAGGGGTTCTGAGAGGAAGGTCCCCCACATTGGAACTGAGACACGGTCCAA",2200
"GATGAACGCTAGCTACAGGCTTAACACATGCAAGTCGAGGGGCATCATTTCAGTTTGCTTGCAAACTGGAGATGGCGACCGGCGCACGGGTGAGTAACACGTATCCAACCTGCCGATAACTCGGGGATAGCCTTTCGAAAGAAAGATTAATACCCGATGGTATAATCAGACCGCATGGTCTTGTTATTAAAGAATTTCGGTTATCGATGGGGATGCGTTCCATTAGGCAGTTGGTGAGGTAACGGCTCACCAAACCTTCGATGGATAGGGGTTCTGAGAGGAAGGTCCCCCACATTGGAACTGAGACACGGTCCAA",2009
"GATGAACGCTAGCTACAGGCTTAACACATGCAAGTCGAGGGGCAGCAGGATCTAGCAATAGATTGCTGGCGACCGGCGCACGGGTGAGTAACACGTATCCAACCTGCCGATAACTCGGGGATAGCCTTTCGAAAGAAAGATTAATACCCGATGGTATAATTAGACCGCATGGTCTTATTATTAAAGAATTTCGGTTATCGATGGGGATGCGTTCCATTAGGCAGTTGGTGAGGTAACGGCTCACCAAACCTTCGATGGATAGGGGTTCTGAGAGGAAGGTCCCCCACATTGGAACTGAGACACGGTCCAA",1719
"GACGAACGCTGGCGGCGTGCTTAACACATGCAAGTCGAACGAGAGATGAAAAGAAGCTTGCTTCTTTTGAGATCGAGTGGCAAACGGGTGAGTAACGCGTAAACAACCTGCCCTACGGATGGGGACAACAGTTGGAAACGACTGCTAATACCGAATACGCTCATAGAGCCGCATGACTTTATGAGGAAAGGATGGCCTCTACATTATGCTATCGCCGGAGGAGGGGTTTGCGTCTGATTAGCTAGTTGGAGGGGTAACGGCCCACCAAGGCGACGATCAGTAGCCGGTCTGAGAGGATGAACGGCCACATTGGAACTGAGACACGGTCCAG",1469
"GATGAACGCTGGCGGCGTGCCTAACACATGCAAGTCGAACGAAGCGATTAAGATGAAGTTTTCGGATGGAATCTTGATTGACTGAGTGGCGGACGGGTGAGTAACGCGTGGATAACCTGCCTCACACTGGGGGATAACAGTTAGAAATGACTGCTAATACCGCATAAGCGCACAGTGCCGCATGGCAGTGTGTGAAAAACTCCGGTGGTGTGAGATGGATCCGCGTCTGATTAGCCAGTTGGCGGGGTAACGGCCCACCAAAGCGACGATCAGTAGCCGACCTGAGAGGGTGACCGGCCACATTGGGACTGAGACACGGCCCAA",1716
"GACGAACGCTGGCGGCGTGCGTAACACATGCAAGTCGAACGAGAGAGTGAGAGAAGCTTGCTTTTCTTATGATCGAGTGGCAAACGGGTGAGTAACGCGTAAACAACCTGCCCCGCAGATGGGGACAACAGCTGGAAACGGCTGCTAATACCGAATACGGTCCTCTTAGCGCATGGTAAGAGGAAGAAAGGGTGGCCTCTGGAACAAGCTACCGCTGCGGGAGGGGTTTGCGTCTGATTAGCTGGTTGGAGGGGTAACGGCCCACCAAGGCGACGATCAGTAGCCGGTCTGAGAGGATGAACGGCCACATTGGAACTGAGACACGGTCCAG",566
"GATGAACGCTGACAGAATGCTTAACACATGCAAGTCTACTTGATCCTTTGGGTGAAGGTGGCGGACGGGTGAGTAACGCGTAAAGAACTTGCCTTACAGACTGGGACAACATTTGGAAACGAATGCTAATACCGGATATTATGATTGGGTCGCATGATCTGGTTATGAAAGCTATATGCGCTGTGAGAGAGCTTTGCGTCCCATTAGTTAGTTGGTGAGGTAACGGCTCACCAAGACGATGATGGGTAGCCGGCCTGAGAGGGTGAACGGCCACAAGGGGACTGAGACACGGCCCTT",544
"ATTGAACGCTGGCGGCAGGCCTAACACATGCAAGTCGAACGGTAACAGAAATCAGCTTGCTGATTTGCTGACGAGTGGCGGACGGGTGAGTAATGTCTGGGAAACTGCCTGATGGAGGGGGATAACTACTGGAAACGGTAGCTAATACCGCATAACGTCGCAAGACCAAAGAGGGGGACCTTCGGGCCTCTTGCCATCGGATGTGCCCAGATGGGATTAGCTAGTAGGTGGGGTAACGGCTCACCTAGGCGACGATCCCTAGCTGGTCTGAGAGGATGACCAGCCACACTGGAACTGAGACACGGTCCAG",199
"GATGAACGCTGACAGAATGCTTAACACATGCAAGTCTACTTAATCCTTCGGGTGAAGGTGGCGGACGGGTGAGTAACGCGTAAAGAACTTGCCTTACAGACTGGGACAACATTTGGAAACGAATGCTAATACCGGATATTATGATTGGGTCGCATGATCTGGTTATGAAAGCTATATGCGCTGTGAGAGAGCTTTGCGTCCCATTAGTTAGTTGGTGAGGTAACGGCTCACCAAGACGATGATGGGTAGCCGGCCTGAGAGGGTGAACGGCCACAAGGGGACTGAGACACGGCCCTT",235
"ATTGAACGCTGGCGGCGTGCTTAACACATGCAAGTCGAACGTGAAAGTCCTTCGGGACGAGTAAAGTGGCGCACGGGTGAGTAACGCGTGGATAATCTACCCTTAAGATGGGGATAACGGCTGGAAACGGTCGCTAATACCGAATACGCTCCCGATTTTATCATTGGGGGGAAAGATGGCCTCTGCTTGCAAGCTATCGCTTAAGGATGAGTCCGCGTCCCATTAGCTAGTTGGCGGGGTAACGGCCCACCAAGGCAACGATGGGTAGCCGGTCTGAGAGGATGACCGGCCACACTGGAACTGGAACACGGTCCAG",1468
"GACGAACGCTGGCGGTATGCTTAACACATGCAAGTCGAACGAGAAAGTTTTGAATGATCCTTCGGGTGAAATTAGAACTGGAAAGTGGCGAACGGGTGAGTAACGCGTGGGTAACCTGCCCTATGGAAAGGAATAGCCTCGGGAAACTGGGAGTAAAGCCTTATATTATGGTTTTGTCGCATGGCAAGATCATGAAAACTCCGGTGCCATAGGATGGACCCGCGTCCCATTAGCTAGTTGGTGAGATAACAGCCCACCAAGGCGACGATGGGTAACCGGTCTGAGAGGGCGAACGGTCACACTGGAACTGAGACACGGTCCAG",88
"ATTGAACGCTGGCGGCAGGCCTAACACATGCAAGTCGAACGGTAACAGGAAACAGCTTGCTGTTTCGCTGACGAGTGGCGGACGGGTGAGTAATGTCTGGGAAACTGCCTGATGGAGGGGGATAACTACTGGAAACGGTAGCTAATACCGCATAACGTCGCAAGACCAAAGAGGGGGACCTTCGGGCCTCTTGCCATCGGATGTGCCCAGATGGGATTAGCTAGTAGGTGGGGTAACGGCTCACCTAGGCGACGATCCCTAGCTGGTCTGAGAGGATGACCAGCCACACTGGAACTGAGACACGGTCCAG",104
"GATGAACGCTGGCGGCGTGCCTAACACATGCAAGTCGAGCGAAGCACTTTGCTTAGATTCTTCGGATGAAGAGGATTGTGACTGAGCGGCGGACGGGTGAGTAACGCGTGGGTAACCTGCCTCATACAGGGGGATAACAGTTAGAAATGACTGCTAATACCGCATAAGACCACAGCACCGCATGGTGCGGGGGTAAAAACTCCGGTGGTATGAGATGGACCCGCGTCTGATTAGCTAGTTGGTAAGGTAACGGCTTACCAAGGCGACGATCAGTAGCCGACCTGAGAGGGTGACCGGCCACATTGGGACTGAGACACGGCCCAA",226
"GACGAACGCTGGCGGTATGCTTAACACATGCAAGTCGAACGAGAAGGTTTTGAATGATCCTTCGGGTGAAATTAGAACTGGAAAGTGGCGAACGGGTGAGTAACGCGTGGGTAACCTGCCCTATGGAAAGGAATAGCCTCGGGAAACTGGGAGTAAAGCCTTATATTATGGTTTTGTCGCATGGCAAGATCATGAAAACTCCGGTGCCATAGGATGGACCCGCGTCCCATTAGCTAGTTGGTGAGATAACAGCCCACCAAGGCGACGATGGGTAACCGGTCTGAGAGGGCGAACGGTCACACTGGAACTGAGACACGGTCCAG",65
"GATGAACGCTGGCGGCGTGCCTAACACATGCAAGTCGAACGAAGCAATTAAAGGAAGTTTTCGGATGGAATTTGATTGACTGAGTGGCGGACGGGTGAGTAACGCGTGGATAACCTGCCTCACACTGGGGGATAACAGTTAGAAATGACTGCTAATACCGCATAAGCGCACAGTACCGCATGGTACGGTGTGAAAAACTCCGGTGGTGTGAGATGGATCCGCGTCTGATTAGCCAGTTGGCGGGGTAACGGCCCACCAAAGCGACGATCAGTAGCCGACCTGAGAGGGTGACCGGCCACATTGGGACTGAGACACGGCCCAA",86
"GATGAACGCTGGCGGCGTGCCTAACACATGCAAGTCGAACGAAGCAATTAAAATGAAGTTTTCGGATGGATTTTTGATTGACTGAGTGGCGGACGGGTGAGTAACGCGTGGATAACCTGCCTCACACTGGGGGATAACAGTTAGAAATGACTGCTAATACCGCATAAGCGCACAGTACCGCATGGTACGGTGTGAAAAACTCCGGTGGTGTGAGATGGATCCGCGTCTGATTAGCCAGTTGGCGGGGTAACGGCCCACCAAAGCGACGATCAGTAGCCGACCTGAGAGGGTGACCGGCCACATTGGGACTGAGACACGGCCCAA",38
"GATGAACGCTGGCGGCGTGCTTAACACATGCAAGTCGAACGGGGTACCCTTGACGGAGTTTTCGGACAACTGATAGGAATACCTAGTGGCGGACGGGTGAGTAACGCGTGAGTAACCTGCCTTGGAGTGGGGAATAACAGCTGGAAACAGTTGCTAATACCGCATGATGCAGTCGGATCGCATGGTCTGACTGCCAAAGATTTATCGCTCTGAGATGGACTCGCGTCTGATTAGATAGTTGGCGGGGTAACGGCCCACCAAGTCGACGATCAGTAGCCGGACTGAGAGGTTGACCGGCCACATTGGGACTGAGACACGGCCCAG",102
"GATGAACGCTGGCGGCGTGCCTAACACATGCAAGTCGAGCGAAGCACTTTGCTTAGATTCTTCGGATGAAGAGGATTGTGACTGAGCGGCGGACGGGTGAGTAACGCGTGGGTAACCTGCCTCGTACAGGGGGATAACAGTTAGAAATGACTGCTAATACCGCATAAGACCACAGCACCGCATGGTGCAGGGGTAAAAACTCCGGTGGTATGAGATGGACCCGCGTCTGATTAGCTAGTTGGTAAGGTAACGGCTTACCAAGGCGACGATCAGTAGCCGACCTGAGAGGGTGACCGGCCACATTGGGACTGAGACACGGCCCAA",68
"ATTGAACGCTGGCGGCGTGCTTAACACATGCAAGTCGAACGTGAAAGTCCTTCGGGACGAGTAAAGTGGCGCACGGGTGAGTAACGCGTGGATAATCTACCCTTAAGATGGGGATAACGGCTGGAAACGGTCGCTAATACCGAATACGCTCCCGATTTTATCATTGGGGGGAAAGATGGCCTCTGCTTGCAAGCTATCGCTTAAGGATGAGTCCGCGTCCCATTAGCTAGTTGGCGGGGTAACAGCCCACCAAGGCAACGATGGGTAGCCGGTCTGAGAGGATGACCGGCCACACTGGAACTGGAACACGGTCCAG",459
"ATTGAACGCTGGCGGCAGGCCTAACACATGCAAGTCGAGCGGTAGCACAGAGAGCTTGCTCTCGGGTGACGAGCGGCGGACGGGTGAGTAATGTCTGGGAAACTGCCTGATGGAGGGGGATAACTACTGGAAACGGTAGCTAATACCGCATAACGTCGCAAGACCAAAGTGGGGGACCTTCGGGCCTCATGCCATCAGATGTGCCCAGATGGGATTAGCTAGTAGGTGGGGTAATGGCTCACCTAGGCGACGATCCCTAGCTGGTCTGAGAGGATGACCAGCCACACTGGAACTGAGACACGGTCCAG",206
"GATGAACGCTGGCGGCGTGCCTAACACATGCAAGTCGAACGAAGCGCTTCCGCCTGATTTTCTTCGGAGATGAAGGCGGCTGCGACTGAGTGGCGGACGGGTGAGTAACGCGTGGGCAACCTGCCTTGCACTGGGGGATAACAGCCAGAAATGGCTGCTAATACCGCATAAGACCGAAGCGCCGCATGGCGCTGCGGCCAAAGCCCCGGCGGTGCAAGATGGGCCCGCGTCTGATTAGGTAGTTGGCGGGGTAACGGCCCACCAAGCCGACGATCAGTAGCCGACCTGAGAGGGTGACCGGCCACATTGGGACTGAGACACGGCCCAG",82
"GATGAACGCTGACAGAATGCTTAACACATGCAAGTCTACTTGATCCTTCGGGTGAAGGTGGCGGACGGGTGAGTAACGCGTAAAGAACTTGCCTTACAGACCGGGACAACATTTGGAAACGAATGCTAATACCGGATATTATGACTGGGTCGCATGATCTGGTTATGAAAGCTATATGCGCTGTGAGAGAGCTTTGCGTCCCATTAGTTAGTTGGTGAGGTAACGGCTCACCAAGACGATGATGGGTAGCCGGCCTGAGAGGGTGAACGGCCACAAGGGGACTGAGACACGGCCCTT",161
"GATGAACGCTGGCGGCGTGCCTAACACATGCAAGTCGAACGAAGTTAGACAGAGGAAGTTTTCGGATGGAATCAGTATAACTTAGTGGCGGACGGGTGAGTAACGCGTGGGAAACCTGCCCTGTACCGGGGGATAACACTTAGAAATAGGTGCTAATACCGCATAAGCGCACGGAACCGCATGGTTCCGTGTGAAAAACTCCGGTGGTACAGGATGGTCCCGCGTCTGATTAGCCAGTTGGCAGGGTAACGGCCTACCAAAGCGACGATCAGTAGCCGGCCTGAGAGGGTGAACGGCCACATTGGGACTGAGACACGGCCCAA",138
"ATTGAACGCTGGCGGCGTGCTTAACACATGCAAGTCGAACGCGAAAGGGACTTCGGTCCTGAGTAAAGTGGCGCACGGGTGAGTAACGCGTGGATAATCTGCCCTTATGATCGGGATAACAGTTGGAAACGGCTGCTAATACCGGATACGCTCAAAATGAACTTTTTGAGGAAAGATGGCCTCTGCTTGCATGCTATCACGTAAGGATGAGTCCGCGTCCCATTAGCTTGTTGGCGGGGTAACGGCCCACCAAGGCATCGATGGGTAGCCGATTTGAGAGGATGATCGGCCACACTGGAACTGAAACACGGTCCAG",105
"GATGAACGCTGACAGAATGCTTAACACATGCAAGTCTACTTGATCCTTCGGGTGAAGGTGGCGGACGGGTGAGTAACGCGTAAAGAACTTGCCTTACAGACTGGGACAACATTTGGAAACGAATGCTAATACCGGATATTATGACTGGGTCGCATGATCTGGTTATGAAAGCTATATGCGCTGTGAGAGAGCTTTGCGTCCCATTAGTTAGTTGGTGAGGTAACGGCTCACCAAGACGATGATGGGTAGCCGGCCTGAGAGGGTGAACGGCCACAAGGGGACTGAGACACGGCCCTT",99
"GATGAACGCTGACAGAATGCTTAACACATGCAAGTCTACTTGATCCTTCGGGTGAAGGTGGCGGACGGGTGAGTAACGCGTAAAGAACTTGCCTTACAGACTGGGACAACATTTGGAAACGAATGCTAATACCAGATATTATGATTGGGTCGCATGATCTGGTTATGAAAGCTATATGCGCTGTGAGAGAGCTTTGCGTCCCATTAGTTAGTTGGTGAGGTAACGGCTCACCAAGACGATGATGGGTAGCCGGCCTGAGAGGGTGAACGGCCACAAGGGGACTGAGACACGGCCCTT",78
"GATGAACGCTGGCGGCGTGCCTAACACATGCAAGTCGAACGAAGCACTTATGACGATTCCTTCGGGATGAAGCGTTTGTGACTTAGTGGCGGACGGGTGAGTAACGCGTGGGTAACCTGCCTTATACAGGGGGATAACAGTTAGAAATGACTGCTAATACCGCATAAGCGCACAGTCTCGCATGGGACAGTGTGAAAAACTAAGGTGGTATAAGATGGACCCGCGTCTGATTAGCTAGTTGGTGGGGTAAAGGCCTACCAAGGCGACGATCAGTAGCCGACCTGAGAGGGTGATCGGCCACATTGGGACTGAGACACGGCCCAA",44
"GACGAACGCTGGCGGCGCGCCTAACACATGCAAGTCGAACGGAGAATGTGAGACGGAAGCCTTCGGGCGGAAGACTTACATTCTTAGTGGCGGACGGGTGAGTAACACGTGAGCAACCTGCCTTCAAGAGTGGGATAGCACCTGGAAACGGGTGGTAATACCGCATAAGACCACAGCATCGCATGGTGCAGAGGTCAAAGGAGCAATCCGCTTGAAGATGGGCTCGCGTCCGATTAGATAGTTGGTGAGGTAACGGCTCACCAAGTCGACGATCGGTAGCCGGACTGAGAGGTTGAACGGCCACATTGGGACTGAGACACGGCCCAG",71
"GACGAACGCTGGCGGCGTGCCTAATACATGCAAGTCGAACGCTTCTTTCCTCCCGAGTGCTTGCACTCAATTGGAAAGAGGAGTGGCGGACGGGTGAGTAACACGTGGGTAACCTACCCATCAGAGGGGGATAACACTTGGAAACAGGTGCTAATACCGCATAACAGTTTATGCCGCATGGCATAAGAGTGAAAGGCGCTTTCGGGTGTCGCTGATGGATGGACCCGCGGTGCATTAGCTAGTTGGTGAGGTAACGGCTCACCAAGGCCACGATGCATAGCCGACCTGAGAGGGTGATCGGCCACACTGGGACTGAGACACGGCCCAG",68
"GATGAACGCTGGCGGCATGCTTTACACATGCAAGTCGAACGGCAGCGCGGGGAGCTTGCTCCCTGGCGGCGAGTGGCGCACGGGTGAGTAATACATCGGAACGTGTCTTCTAGTGGGGGATAACTGCCCGAAAGGGCAGCTAATACCGCATGAGACCTGAGGGTGAAAGCGGGGGATCGCAAGACCTCGCGCTGGAAGAGCGGCCGATGTCCGATTAGCTAGTTGGTGAGGTAAAGGCTCACCAAGGCGACGATCGGTAGCTGGTCTGAGAGGACGACCAGCCACACTGGGACTGAGACACGGCCCAG",45
"GATGAACGCTGGCGGCGTGCCTAACACATGCAAGTCGAACGAAGTTACACAGAGGAAGTTTTCGGATGGAATCGGTATAACTTAGTGGCGGACGGGTGAGTAACGCGTGGGAAACCTGCCCTGTACCGGGGGATAACACTTAGAAATAGGTGCTAATACCGCATAAGCGCACGGAATCGCATGGTTCCGTGTGAAAAACTCCGGTGGTACAGGATGGTCCCGCGTCTGATTAGCCAGTTGGCAGGGTAACGGCCTACCAAAGCGACGATCAGTAGCCGGCCTGAGAGGGTGAACGGCCACATTGGGACTGAGACACGGCCCAA",49
"GACGAACGCTGGCGGCGCGCCTAACACATGCAAGTCGAACGGACACATCCGACGGAATAGCTTGCTAGGAAGATGGATGTTGTTAGTGGCGGACGGGTGAGTAACACGTGAGCAACCTGCCTCGGAGTGGGGGACAACAGTTGGAAACGACTGCTAATACCGCATACGGTGGTCGGGGGACATCCCCTGGCCAAGAAAGGATTATATCCGCTCTGAGATGGGCTCGCGTCTGATTAGCTAGTTGGCGGGGTAATGGCCCACCAAGGCAACGATCAGTAGCCGGACTGAGAGGTTGAACGGCCACATTGGGACTGAGACACGGCCCAG",19
"GATGAACGCTGGCGGCATGCTTTACACATGCAAGTCGAACGGCAGCGCGGGGAGCTTGCTCCCTGGCGGCGAGTGGCGCACGGGTGAGTAATACATCGGAACGTGTCTTCTAGTGGGGGATAACTGCCCGAAAGGGCAGCTAATACCGCATGAGACCTGAGGGTGAAAGCGGGGGATCGCAAGACCTCGCGCTGGAAGAGCGGCCGATGTCCGATTAGCTAGTTGGTGAGGTAAAGGCTCACCAAGGCGACGATCGGTAGCTGGTCTGAGAGGACGATCAGCCACACTGGGACTGAGACACGGCCCAG",8
"GATGAACGCTGGCGGCGTGCTTAACACATGCAAGTCGAACGGAGTGCTCATGACGGAGTTTTCGGACAACGGATTGGGTTACTTAGTGGCGGACGGGTGAGTAACGCGTGAGGAACCTGCCTCGGAGTGGGGAATAACACACCGAAAGGTGTGCTAATACCGCATAATGCAGTTGGGTCGCATGACTCTGACTGCCAAAGATTTATCGCTCTGAGATGGCCTCGCGTCTGATTAGCTAGTTGGCGGGGTAACGGCCCACCAAGGCGACGATCAGTAGCCGGACTGAGAGGTTGACCGGCCACATTGGGACTGAGACACGGCCCAG",14
