"","SRR14585824"
"CCTACGGGAGGCAGCAGTCGAGAATCATTCACAATGGGGGAAACCCTGATGGTGCGACGCCGCGTGGGGGAATGAAGGTCTTCGGATTGTAAACCCCTGTCATGTGGGAGCAAATTAAAAAGATAGTACCACAAGAGGAAGAGACGGCTAACTCTGTGCCAGCAGCCGCGGTAATACAGAGGTCTCAAGCGTTGTTCGGAATCACTGGGCGTAAAGCGTGCGTAGGCTGTTTCGTAAGTCGTGTGTGAAAGGCGCGGGCTCAACCCGCGGACGGCACATGATACTGCGAGACTAGAGTAATGGAGGGGGAACCGGAATTCTCGGTGTAGCAGTGAAATGCGTAGATATCGAGAGGAACACTCGTGGCGAAGGCGGGTTCCTGGACATTAACTGACGCTGAGGCACGAAGGCCAGGGGAGCGAAAGGGATTAGATACCCCCGTAGTC",195
"CCTACGGGGGGCAGCAGTCGAGAATCATTCACAATGGGGGAAACCCTGATGGTGCGACGCCGCGTGGGGGAATGAAGGTCTTCGGATTGTAAACCCCTGTCATGTGGGAGCAAATTAAAAAGATAGTACCACAAGAGGAAGAGACGGCTAACTCTGTGCCAGCAGCCGCGGTAATACAGAGGTCTCAAGCGTTGTTCGGAATCACTGGGCGTAAAGCGTGCGTAGGCTGTTTCGTAAGTCGTGTGTGAAAGGCGCGGGCTCAACCCGCGGACGGCACATGATACTGCGAGACTAGAGTAATGGAGGGGGAACCGGAATTCTCGGTGTAGCAGTGAAATGCGTAGATATCGAGAGGAACACTCGTGGCGAAGGCGGGTTCCTGGACATTAACTGACGCTGAGGCACGAAGGCCAGGGGAGCGAAAGGGATTAGATACCCCAGTAGTC",156
"CCTACGGGGGGCAGCAGTCGAGAATCATTCACAATGGGGGAAACCCTGATGGTGCGACGCCGCGTGGGGGAATGAAGGTCTTCGGATTGTAAACCCCTGTCATGTGGGAGCAAATTAAAAAGATAGTACCACAAGAGGAAGAGACGGCTAACTCTGTGCCAGCAGCCGCGGTAATACAGAGGTCTCAAGCGTTGTTCGGAATCACTGGGCGTAAAGCGTGCGTAGGCTGTTTCGTAAGTCGTGTGTGAAAGGCGCGGGCTCAACCCGCGGACGGCACATGATACTGCGAGACTAGAGTAATGGAGGGGGAACCGGAATTCTCGGTGTAGCAGTGAAATGCGTAGATATCGAGAGGAACACTCGTGGCGAAGGCGGGTTCCTGGACATTAACTGACGCTGAGGCACGAAGGCCAGGGGAGCGAAAGGGATTAGATACCCGCGTAGTC",150
"CCTACGGGGGGCAGCAGTCGAGAATCATTCACAATGGGGGAAACCCTGATGGTGCGACGCCGCGTGGGGGAATGAAGGTCTTCGGATTGTAAACCCCTGTCATGTGGGAGCAAATTAAAAAGATAGTACCACAAGAGGAAGAGACGGCTAACTCTGTGCCAGCAGCCGCGGTAATACAGAGGTCTCAAGCGTTGTTCGGAATCACTGGGCGTAAAGCGTGCGTAGGCTGTTTCGTAAGTCGTGTGTGAAAGGCGCGGGCTCAACCCGCGGACGGCACATGATACTGCGAGACTAGAGTAATGGAGGGGGAACCGGAATTCTCGGTGTAGCAGTGAAATGCGTAGATATCGAGAGGAACACTCGTGGCGAAGGCGGGTTCCTGGACATTAACTGACGCTGAGGCACGAAGGCCAGGGGAGCGAAAGGGATTAGATACCCCGGTAGTC",144
"CCTACGGGGGGCAGCAGTGGGGAATATTGGGCAATGGGGGGAACCCTGACCCAGCGACGCCGCGTGGGTGAAGAAATCCTTCGGGATGTAAAGCCCTGTTGTGTGGGAAGATAATGACGGTACCACACGAGGAAGCCCCGGCAAACTACGTGCCAGCAGCCGCGGTAATACGTAGGGGGCAAGCGTTGTTCGGAATTACTGGGCGTAAAGCGCACGCAGGCTGACCGTTAAGTCTGTCGTCAAAGGCGGGGGCTCAACCTCCGTTCTACGATAGATACTGTCGGTCTAGAGTATGTGAGAGGGAAGTGGAATTCCCGGTGTAGCGGTGAAATGCGTAGATATCGGGAGGAACACCAGTGGCGAAGGCGGCTTCCTGGCACACAACTGACGCTCATGTGCGAAAGCCAGGGCAGCGAACGGGATTAGATACCCCCGTAGTC",60
"CCTACGGGGGGCAGCAGTGGGGAATATTGGGCAATGGACGCAAGTCTGACCCAGCAACGCCGCGTGAAGGAAGAAGGCTTTCGGGTTGTAAACTTCTTTTGTCAGGGAAGAGTAGAAGACGGTACCTGACGAATAAGCCACGGCTAACTACGTGCCAGCAGCCGCGGTAATACGTAGGTGGCAAGCGTTGTCCGGATTTACTGGGTGTAAAGGGCGTGCAGCCGGGCCGGCAAGTCAGATGTGAAATCTGGAGGCTTAACCTCCAAACTGCATTTGAAACTGTAGGTCTTGAGTACCGGAGAGGTTATCGGAATTCCTTGTGTAGCGGTGAAATGCGTAGATATAAGGAAGAACACCAGTGGCGAAGGCGGATAACTGGACGGCAACTGACGGTGAGGCGCGAAAGCGTGGGGAGCAAACAGGATTAGATACCCCCGTAGTC",11
"CCTACGGGGGGCAGCAGTGGGGAATATTGCACAATGGGGGAAACCCTGATGCAGCGACGCCGCGTGAGTGAAGAAGTATTTCGGTATGTAAAGCTCTATCAGCAGGGAAGAAAATGACGGTACCTGACTAAGAAGCCCCGGCTAACTACGTGCCAGCAGCCGCGGTAATACGTAGGGGGCAAGCGTTATCCGGATTTACTGGGTGTAAAGGGAGCGTAGACGGTAAAGCAAGTCTGAAGTGAAAGCCCGGGGCTCAACCCCGGGACTGCTTTGGAAACTGTTTAACTAGAGTGCTGGAGAGGTAAGCGGAATTCCTAGTGTAGCGGTGAAATGCGTAGATATTAGGAGGAACACCAGTGGCGAAGGCGGCTTACTGGACAGTAACTGACGTTGAGGCTCGAAAGCGTGGGGAGCAAACAGGATTAGATACCCCCGTAGTC",64
"CCTACGGGGGGCAGCAGTGGGGAATATTGGGCAATGGGGGCAACCCTGACCCAGCGACGCCGCGTGGGTGAAGAAATCCTTCGGGATGTAAAGCCCTGTTGTGTGGGAAGATAATGACGGTACCACACGAGGAAGCCCCGGCAAACTACGTGCCAGCAGCCGCGGTAATACGTAGGGGGCGAGCGTTGTTCGGAATTACTGGGCGTAAAGCGCACGCAGGCTGACCGTTAAGTCTGTCGTCAAAGGCGGAGGCTCAACCTTCGTTCTACGATAGATACTGGCGGTCTAGAGTATGTGAGAGGGAAGTGGAATTCCCGGTGTAGCGGTGAAATGCGTAGATATCGGGAGGAACACCAGTGGCGAAGGCGGCTTCCTGGCACACAACTGACGCTCATGTGCGAAAGCCAGGGCAGCGAACGGGATTAGATACCCCCGTAGTC",87
"CCTACGGGGGGCAGCAGTGGGGGATATTGCACAATGGGCGAAAGCCTGATGCAGCGACGCCGCGTGAGGGAAGACGGCCTTCGGGTTGTAAACCTCTGTCATTCGGGACGAATTAGATGACGGTACCGAAGAAGGAAGCTCCGGCTAACTACGTGCCAGCAGCCGCGGTAATACGTAGGGAGCGAGCGTTGTCCGGAATTACTGGGTGTAAAGGGAGCGTAGGCGGGAAAGCAAGTTGGAAGTGAAATGCATGGGCTTAACCCATGAGCTGCTTTCAAAACTGTTTTTCTTGAGTGAAGTAGAGGCAGGCGGAATTCCTAGTGTAGCGGTGAAATGCGTAGATATTAGGAGGAACACCAGTGGCGAAGGCGGCCTGCTGGGCTTTAACTGACGCTGAGGCTCGAAAGCGTGGGTAGCAAACAGGATTAGATACCCCCGTAGTC",58
"CCTACGGGGGGCAGCAGTGGGGAATATTGCACAATGGGCGAAAGCCTGATGCAGCGACGCCGCGTGAAGGATGAAGTATTTCGGTATGTAAACTTCTATCAGCAGGGAAGAAAATGACGGTACCTGACTAAGAAGCCCCGGCTAACTACGTGCCAGCAGCCGCGGTAATACGTAGGGGGCAAGCGTTATCCGGATTTACTGGGTGTAAAGGGAGCGTAGACGGCTGTGCAAGTCTGAAGTGAAAGGCATGGGCTCAACCTGTGGACTGCTTTGGAAACTGTGCAGCTAGAGTGTCGGAGAGGTAAGTGGAATTCCTAGTGTAGCGGTGAAATGCGTAGATATTAGGAGGAACACCAGTGGCGAAGGCGGCTTACTGGACGATGACTGACGTTGAGGCTCGAAAGCGTGGGGAGCAAACAGGATTAGATACCCCCGTAGTC",161
"CCTACGGGGTGCAGCAGTCGAGAATCATTCACAATGGGGGAAACCCTGATGGTGCGACGCCGCGTGGGGGAATGAAGGTCTTCGGATTGTAAACCCCTGTCATGTGGGAGCAAATTAAAAAGATAGTACCACAAGAGGAAGAGACGGCTAACTCTGTGCCAGCAGCCGCGGTAATACAGAGGTCTCAAGCGTTGTTCGGAATCACTGGGCGTAAAGCGTGCGTAGGCTGTTTCGTAAGTCGTGTGTGAAAGGCGCGGGCTCAACCCGCGGACGGCACATGATACTGCGAGACTAGAGTAATGGAGGGGGAACCGGAATTCTCGGTGTAGCAGTGAAATGCGTAGATATCGAGAGGAACACTCGTGGCGAAGGCGGGTTCCTGGACATTAACTGACGCTGAGGCACGAAGGCCAGGGGAGCGAAAGGGATTAGATACCCCCGTAGTC",144
"CCTACGGGGGGCAGCAGTCGAGAATCATTCACAATGGGGGAAACCCTGATGGTGCGACGCCGCGTGGGGGAATGAAGGTCTTCGGATTGTAAACCCCTGTCATGTGGGAGCAAATTAAAAAGATAGTACCACAAGAGGAAGAGACGGCTAACTCTGTGCCAGCAGCCGCGGTAATACAGAGGTCTCAAGCGTTGTTCGGAATCACTGGGCGTAAAGCGTGCGTAGGCTGTTTCGTAAGTCGTGTGTGAAAGGCGCGGGCTCAACCCGCGGACGGCACATGATACTGCGAGACTAGAGTAATGGAGGGGGAACCGGAATTCTCGGTGTAGCAGTGAAATGCGTAGATATCGAGAGGAACACTCGTGGCGAAGGCGGGTTCCTGGACATTAACTGACGCTGAGGCACGAAGGCCAGGGGAGCGAAAGGGATTAGATACCCCTGTAGTC",119
"CCTACGGGGGGCAGCAGTCGAGAATCATTCACAATGGGGGAAACCCTGATGGTGCGACGCCGCGTGGGGGAATGAAGGTCTTCGGATTGTAAACCCCTGTCATGTGGGAGCAAATTAAAAAGATAGTACCACAAGAGGAAGAGACGGCTAACTCTGTGCCAGCAGCCGCGGTAATACAGAGGTCTCAAGCGTTGTTCGGAATCACTGGGCGTAAAGCGTGCGTAGGCTGTTTCGTAAGTCGTGTGTGAAAGGCGCGGGCTCAACCCGCGGACGGCACATGATACTGCGAGACTAGAGTAATGGAGGGGGAACCGGAATTCTCGGTGTAGCAGTGAAATGCGTAGATATCGAGAGGAACACTCGTGGCGAAGGCGGGTTCCTGGACATTAACTGACGCTGAGGCACGAAGGCCAGGGGAGCGAAAGGGATTAGATACCCGAGTAGTC",112
"CCTACGGGGGGCAGCAGTGGGGAATATTGCACAATGGGGGAAACCCTGATGCAGCGACGCCGCGTGGAGGAAGAAGGTCTTCGGATTGTAAACTCCTGTCCCAGGGGACGATAATGACGGTACCCTGGGAGGAAGCACCGGCTAACTACGTGCCAGCAGCCGCGGTAAAACGTAGGGTGCAAGCGTTGTCCGGAATTACTGGGTGTAAAGGGAGCGCAGGCGGATTGGCAAGTTGGGAGTGAAATCTATGGGCTCAACCCATAAATTGCTTTCAAAACTGTCAGTCTTGAGTGGTGTAGAGGTAGGCGGAATTCCCGGTGTAGCGGTGGAATGCGTAGATATCGGGAGGAACACCAGTGGCGAAGGCGGCCTACTGGGCACTAACTGACGCTGAGGCTCGAAAGCATGGGTAGCAAACAGGATTAGATACCCCCGTAGTC",21
"CCTACGGGTGGCAGCAGTCGAGAATCATTCACAATGGGGGAAACCCTGATGGTGCGACGCCGCGTGGGGGAATGAAGGTCTTCGGATTGTAAACCCCTGTCATGTGGGAGCAAATTAAAAAGATAGTACCACAAGAGGAAGAGACGGCTAACTCTGTGCCAGCAGCCGCGGTAATACAGAGGTCTCAAGCGTTGTTCGGAATCACTGGGCGTAAAGCGTGCGTAGGCTGTTTCGTAAGTCGTGTGTGAAAGGCGCGGGCTCAACCCGCGGACGGCACATGATACTGCGAGACTAGAGTAATGGAGGGGGAACCGGAATTCTCGGTGTAGCAGTGAAATGCGTAGATATCGAGAGGAACACTCGTGGCGAAGGCGGGTTCCTGGACATTAACTGACGCTGAGGCACGAAGGCCAGGGGAGCGAAAGGGATTAGATACCCCCGTAGTC",114
"CCTACGGGGGGCAGCAGTCGAGAATCATTCACAATGGGGGAAACCCTGATGGTGCGACGCCGCGTGGGGGAATGAAGGTCTTCGGATTGTAAACCCCTGTCATGTGGGAGCAAATTAAAAAGATAGTACCACAAGAGGAAGAGACGGCTAACTCTGTGCCAGCAGCCGCGGTAATACAGAGGTCTCAAGCGTTGTTCGGAATCACTGGGCGTAAAGCGTGCGTAGGCTGTTTCGTAAGTCGTGTGTGAAAGGCGCGGGCTCAACCCGCGGACGGCACATGATACTGCGAGACTAGAGTAATGGAGGGGGAACCGGAATTCTCGGTGTAGCAGTGAAATGCGTAGATATCGAGAGGAACACTCGTGGCGAAGGCGGGTTCCTGGACATTAACTGACGCTGAGGCACGAAGGCCAGGGGAGCGAAAGGGATTAGATACCCTCGTAGTC",64
"CCTACGGGGGGCAGCAGTCGAGAATCATTCACAATGGGGGAAACCCTGATGGTGCGACGCCGCGTGGGGGAATGAAGGTCTTCGGATTGTAAACCCCTGTCATGTGGGAGCAAATTAAAAAGATAGTACCACAAGAGGAAGAGACGGCTAACTCTGTGCCAGCAGCCGCGGTAATACAGAGGTCTCAAGCGTTGTTCGGAATCACTGGGCGTAAAGCGTGCGTAGGCTGTTTCGTAAGTCGTGTGTGAAAGGCGCGGGCTCAACCCGCGGACGGCACATGATACTGCGAGACTAGAGTAATGGAGGGGGAACCGGAATTCTCGGTGTAGCAGTGAAATGCGTAGATATCGAGAGGAACACTCGTGGCGAAGGCGGGTTCCTGGACATTAACTGACGCTGAGGCACGAAGGCCAGGGGAGCGAAAGGGATTAGATACCCTAGTAGTC",60
"CCTACGGGGGGCAGCAGTGGGGAATATTGCACAATGGGCGCAAGCCTGATGCAGCGACGCCGCGTGAGGGATGGAGGCCTTCGGGTTGTAAACCTCTTTTATCGGGGAGCAAGCGAGAGTGAGTTTACCCGTTGAATAAGCACCGGCTAACTACGTGCCAGCAGCCGCGGTAATACGTAGGGTGCAAGCGTTATCCGGAATTATTGGGCGTAAAGGGCTCGTAGGCGGTTCGTCGCGTCCGGTGTGAAAGTCCATCGCTTAACGGTGGATCCGCGCCGGGTACGGGCGGGCTTGAGTGCGGTAGGGGAGACTGGAATTCCCGGTGTAACGGTGGAATGTGTAGATATCGGGAAGAACACCAATGGCGAAGGCAGGTCTCTGGGCCGTTACTGACGCTGAGGAGCGAAAGCGTGGGGAGCGAACAGGATTAGATACCCCCGTAGTC",138
"CCTACGGGGGGCAGCAGTGGGGGATATTGCACAATGGGGGAAACCCTGATGCAGCGACGCCGCGTGAGGGAAGACGGTTTTCGGATTGTAAACCTCTGTCTTTAGGGACGAAAAAATGACGGTACCTAAGGAGGAAGCCACGGCTAACTACGTGCCAGCAGCCGCGGTAATACGTAGGTGGCAAGCGTTGTCCGGAATTACTGGGTGTAAAGGGAGCGTAGGCGGGGAGACAAGTTGAATGTCTAAACTATCGGCTTAACTGATAGTCGCGTTCAAAACTATCACTCTTGAGTGCAGTAGAGGTAGGCGGAATTCCTAGTGTAGCGGTGAAATGCGTAGATATTAGGAGGAACACCAGTGGCGAAGGCGGCCTACTGGGCTGTAACTGACGCTGAGGCTCGAAAGCGTGGGTAGCAAACAGGATTAGATACCCCCGTAGTC",39
"CCTACGGGAGGCAGCAGTGGGGAATATTGCGCAATGGGGGAAACCCTGACGCAGCAACGCCGCGTGATTGAAGAAGGCCTTCGGGTTGTAAAGATCTTTAATCAGGGACGAAATAAATGACGGTACCTGAAGAATAAGCTCCGGCTAACTACGTGCCAGCAGCCGCGGTAATACGTAGGGAGCAAGCGTTATCCGGATTTACTGGGTGTAAAGGGCGCGCAGGCGGGCCGGTAAGTTGGAAGTGAAATCTATGGGCTTAACCCATAAACTGCTTTCAAAACTGCTGGTCTTGAGTGATGGAGAGGCAGGCGGAATTCCGTGTGTAGCGGTGAAATGCGTAGATATACGGAGGAACACCAGTGGCGAAGGCGGCCTGCTGGACATTAACTGACGCTGAGGCGCGAAAGCGTGGGGAGCAAACAGGATTAGATACCCCCGTAGTC",63
"CCTACGGGGGGCAGCAGTGGGGAATATTGCACAATGGGCGCAAGCCTGATGCAGCGACGCCGCGTGCGGGATGACGGCCTTCGGGTTGTAAACCGCTTTTGATCGGGAGCAAGCCTTCGGGTGAGTGTACCTTTCGAATAAGCACCGGCTAACTACGTGCCAGCAGCCGCGGTAATACGTAGGGTGCAAGCGTTATCCGGAATTATTGGGCGTAAAGGGCTCGTAGGCGGTTCGTCGCGTCCGGTGTGAAAGTCCATCGCTTAACGGTGGATCTGCGCCGGGTACGGGCGGGCTGGAGTGCGGTAGGGGAGACTGGAATTCCCGGTGTAACGGTGGAATGTGTAGATATCGGGAAGAACACCAATGGCGAAGGCAGGTCTCTGGGCCGTTACTGACGCTGAGGAGCGAAAGCGTGGGGAGCGAACAGGATTAGATACCCCCGTAGTC",108
"CCTACGGGGGGCAGCAGTGGGGAATATTGCACAATGGGCGAAAGCCTGATGCAGCAACGCCGCGTGAGCGATGAAGGCCTTCGGGTCGTAAAGCTCTGTCCTCAAGGAAGATAATGACGGTACTTGAGGAGGAAGCCCCGGCTAACTACGTGCCAGCAGCCGCGGTAATACGTAGGGGGCTAGCGTTATCCGGAATTACTGGGCGTAAAGGGTGCGTAGGTGGTTTCTTAAGTCAGAGGTGAAAGGCTACGGCTCAACCGTAGTAAGCCTTTGAAACTGGGAAACTTGAGTGCAGGAGAGGAGAGTGGAATTCCTAGTGTAGCGGTGAAATGCGTAGATATTAGGAGGAACACCAGTTGCGAAGGCGGCTCTCTGGACTGTAACTGACACTGAGGCACGAAAGCGTGGGGAGCAAACAGGATTAGATACCCCCGTAGTC",30
"CCTACGGGCGGCAGCAGTCGAGAATCATTCACAATGGGGGAAACCCTGATGGTGCGACGCCGCGTGGGGGAATGAAGGTCTTCGGATTGTAAACCCCTGTCATGTGGGAGCAAATTAAAAAGATAGTACCACAAGAGGAAGAGACGGCTAACTCTGTGCCAGCAGCCGCGGTAATACAGAGGTCTCAAGCGTTGTTCGGAATCACTGGGCGTAAAGCGTGCGTAGGCTGTTTCGTAAGTCGTGTGTGAAAGGCGCGGGCTCAACCCGCGGACGGCACATGATACTGCGAGACTAGAGTAATGGAGGGGGAACCGGAATTCTCGGTGTAGCAGTGAAATGCGTAGATATCGAGAGGAACACTCGTGGCGAAGGCGGGTTCCTGGACATTAACTGACGCTGAGGCACGAAGGCCAGGGGAGCGAAAGGGATTAGATACCCCCGTAGTC",24
"CCTACGGGAGGCAGCAGTGGGGGATATTGCACAATGGGGGAAACCCTGATGCAGCGACGCCGCGTGGAGGAAGAAGGTTTTCGGATTGTAAACTCCTGTCGTTAGGGACGATAATGACGGTACCTAACAAGAAAGCACCGGCTAACTACGTGCCAGCAGCCGCGGTAAAACGTAGGGTGCAAGCGTTGTCCGGAATTACTGGGTGTAAAGGGAGCGCAGGCGGGAAGACAAGTTGGAAGTGAAAACCATGGGCTCAACCCATGAATTGCTTTCAAAACTGTTTTTCTTGAGTAGTGCAGAGGTAGATGGAATTCCCGGTGTAGCGGTGGAATGCGTAGATATCGGGAGGAACACCAGTGGCGAAGGCGGTCTACTGGGCACCAACTGACGCTGAGGCTCGAAAGCATGGGTAGCAAACAGGATTAGATACCCCCGTAGTC",54
"CCTACGGGGCGCAGCAGTCGAGAATCATTCACAATGGGGGAAACCCTGATGGTGCGACGCCGCGTGGGGGAATGAAGGTCTTCGGATTGTAAACCCCTGTCATGTGGGAGCAAATTAAAAAGATAGTACCACAAGAGGAAGAGACGGCTAACTCTGTGCCAGCAGCCGCGGTAATACAGAGGTCTCAAGCGTTGTTCGGAATCACTGGGCGTAAAGCGTGCGTAGGCTGTTTCGTAAGTCGTGTGTGAAAGGCGCGGGCTCAACCCGCGGACGGCACATGATACTGCGAGACTAGAGTAATGGAGGGGGAACCGGAATTCTCGGTGTAGCAGTGAAATGCGTAGATATCGAGAGGAACACTCGTGGCGAAGGCGGGTTCCTGGACATTAACTGACGCTGAGGCACGAAGGCCAGGGGAGCGAAAGGGATTAGATACCCCCGTAGTC",29
"CCTACGGGGGGCAGCAGTGGGGAATATTGCACAATGGAGGAAACTCTGATGCAGCGACGCCGCGTGAAGGATGAAGTATTTCGGTATGTAAACTTCTATCAGCAGGGAAGAAAATGACGGTACCTGACTAAGAAGCCCCGGCTAACTACGTGCCAGCAGCCGCGGTAATACGTAGGGGGCAAGCGTTATCCGGATTTACTGGGTGTAAAGGGAGCGTAGACGGCACGGCAAGCCAGATGTGAAAGCCCGGGGCTCAACCCCGGGACTGCATTTGGAACTGCTGAGCTAGAGTGTCGGAGAGGCAAGTGGAATTCCTAGTGTAGCGGTGAAATGCGTAGATATTAGGAGGAACACCAGTGGCGAAGGCGGCTTGCTGGACGATGACTGACGTTGAGGCTCGAAAGCGTGGGGAGCAAACAGGATTAGATACCCGCGTAGTC",39
"CCTACGGGGGGCAGCAGTGGGGAATCTTGCGCAATGGGGGGAACCCTGACGCAGCGACGCCGCGTGCGGGACGGAGGCCTTCGGGTCGTAAACCGCTTTCAGCAGGGAAGAGTAGAGACTGTACCTGCAGAAGAAGCCCCGGCTAACTACGTGCCAGCAGCCGCGGTAATACGTAGGGGGCGAGCGTTATCCGGATTCATTGGGCGTAAAGCGCGCGTAGGCGGCCCGGCAGGCCGGGGGTCGAAGCGGGGGGCTCAACCCCCCGAAGCCCCCGGAACCTCCGCGGCTTGGGTCCGGTAGGGGAGGGTGGAACACCCGGTGTAGCGGTGGAATGCGCAGATATCGGGTGGAACACCGGTGGCGAAGGCGGCCCTCTGGGCCGAGACCGACGCTGAGGCGCGAAAGCTGGGGGAGCGAACAGGATTAGATACCCCGGTAGTC",37
"CCTACGGGGGGCAGCAGTCGGGAATATTGCGCAATGGAGGAAACTCTGACGCAGTGACGCCGCGTATAGGAAGAAGGTTTTCGGATTGTAAACTATTGTCGTTAGGGAAGATACAAGACAGTACCTAAGGAGGAAGCTCCGGCTAACTACGTGCCAGCAGCCGCGGTAATACGTAGGGAGCAAGCGTTATCCGGATTTATTGGGTGTAAAGGGTGCGTAGACGGGACAACAAGTTAGTTGTGAAATCCCTCGGCTTAACTGAGGAACTGCAACTAAAACTATTGTTCTTGAGTGTTGGAGAGGAAAGTGGAATTCCTAGTGTAGCGGTGAAATGCGTAGATATTAGGAGGAACACCGGTGGCGAAGGCGACTTTCTGGACAATAACTGACGTTGAGGCACGAAAGTGTGGGGAGCAAACAGGATTAGATACCCGGGTAGTC",32
"CCTACGGGGGGCAGCAGTGGGGAATTTTGCGCAATGGGGGCAACCCTGACGCAGCAACGCCGCGTGCGGGATGAAGGTCTTCGGATTGTAAACCGCTTTCAGTAGGGAATATTATGAAGGTACCTACAGAAGAAGCACCGGCTAAATACGTGCCAGCAGCCGCGGTAATACGTATGGTGCGAGCGTTATCCGGAATCATTGGGCGTAAAGCGCGCGTAGGCGGCTTGTTAAGCAGGAATTTAAATCTTAGGGCTCAACCTTAAGTCGGTTCCTGAACTGGCAGGCTCGAGTGCGGTAGAGGAAGGTGGAATTCCCAGTGTAGCGGTGAAATGCGCAGATATTGGGAAGAACACCGATGGCGAAGGCAGCCTTCTGGGCCGTCACTGACGCTGAGGCGCGAAAGCTAGGGGAGCGAACAGGATTAGATACCCCAGTAGTC",31
"CCTACGGGGGGCAGCAGTGGGGAATATTGGGCAATGGGCGCAAGCCTGACCCAGCAACGCCGCGTGAAGGAAGAAGGCTTTCGGGTTGTAAACTTCTTTTGTCGGGGACGAAACAAATGACGGTACCCGACGAATAAGCCACGGCTAACTACGTGCCAGCAGCCGCGGTAATACGTAGGTGGCAAGCGTTATCCGGATTTACTGGGTGTAAAGGGCGTGTAGGCGGGATTGCAAGTCAGATGTGAAAACTGGGGGCTCAACCTCCAGCCTGCATTTGAAACTGTAGTTCTTGAGTGCTGGAGAGGCAATCGGAATTCCGTGTGTAGCGGTGAAATGCGTAGATATACGGAGGAACACCAGTGGCGAAGGCGGATTGCTGGACAGTAACTGACGCTGAGGCGCGAAAGCGTGGGGAGCAAACAGGATTAGATACCCCAGTAGTC",30
"CCTACGGGAGGCAGCAGTGGGGAATATTGCACAATGGGCGAAAGCCTGATGCAGCGACGCCGCGTGAGTGAAGAAGTATTTCGGTATGTAAAGCTCTATCAGCAGGGAAGAAAATGACGGTACCTGACTAAGAAGCCCCGGCTAACTACGTGCCAGCAGCCGCGGTAATACGTAGGGGGCAAGCGTTATCCGGATTTACTGGGTGTAAAGGGAGCGTAGACGGCGAAGCAAGTCTGAAGTGAAAACCCAGGGCTCAACCCTGGGACTGCTTTGGAAACTGTTTTGCTAGAGTGTCGGAGAGGTAAGTGGAATTCCTAGTGTAGCGGTGAAATGCGTAGATATTAGGAGGAACACCAGTGGCGAAGGCGGCTTACTGGACGATAACTGACGTTGAGGCTCGAAAGCGTGGGGAGCAAACAGGATTAGATACCCCCGTAGTC",26
"CCTACGGGGTGCAGCAGTGGGGAATATTGCACAATGGGGGAAACCCTGATGCAGCGACGCCGCGTGAGCGAAGAAGTATTTCGGTATGTAAAGCTCTATCAGCAGGGAAGAAGAAATGACGGTACCTGACTAAGAAGCACCGGCTAAATACGTGCCAGCAGCCGCGGTAATACGTATGGTGCAAGCGTTATCCGGATTTACTGGGTGTAAAGGGAGCGCAGGCGGAAGGCTAAGTCTGATGTGAAAGCCCGGGGCTCAACCCCGGTACTGCATTGGAAACTGGTCATCTAGAGTGTCGGAGGGGTAAGTGGAATTCCTAGTGTAGCGGTGAAATGCGTAGATATTAGGAGGAACACCAGTGGCGAAGGCGGCTTACTGGACGATAACTGACGCTGAGGCTCGAAAGCGTGGGGAGCAAACAGGATTAGATACCCCAGTAGTC",25
"CCTACGGGGGGCAGCAGTGGGGAATATTGCACAATGGGGGAAACCCTGATGCAGCAACGCCGCGTGAGTGATGAAGGTTTTCGGATCGTAAAGCTCTGTCTTTGGGGAAGATAATGACGGTACCCAAGGAGGAAGCCACGGCTAACTACGTGCCAGCAGCCGCGGTAATACGTAGGTGGCGAGCGTTATCCGGATTTACTGGGCGTAAAGGGAGCGTAGGCGGATGATTAAGTGGGATGTGAAATACCCGGGCTCAACTTGGGTGCTGCATTCCAAACTGGTTATCTAGAGTGCAGGAGAGGAGAGTGGAATTCCTAGTGTAGCGGTGAAATGCGTAGAGATTAGGAAGAACACCAGTGGCGAAGGCGACTCTCTGGACTGTAACTGACGCTGAGGCTCGAAAGCGTGGGGAGCAAACAGGATTAGATACCCGCGTAGTC",24
"CCTACGGGTGGCAGCAGTGGGGAATATTGGGCAATGGGGGAAACCCTGACCCAGCAACGCCGCGTGAGGGAAGAAGGTCTTCGGATTGTAAACCTTTGTCCTATGGGACGAAGAAAGTGACGGTACCATAGGAGGAAGCTCCGGCTAACTACGTGCCAGCAGCCGCGGTAATACGTAGGGAGCGAGCGTTGTCCGGAATTACTGGGCGTAAAGGGTGCGTAGGTGGTCAAGTAAGTCAGATGTGAAAGACCGGGGCTTAACCCCGGGATTGCATTTGAAACTGTTTGACTTGAGTACAGGAGAGGGAAGTGGAATTCCTAGTGTAGCGGTGAAATGCGTAGATATTAGGAGGAACACCAGTGGCGAAGGCGACTTTCTGGACTGCAACTGACACTGAGGCACGAAAGCGTGGGGAGCAAACAGGATTAGATACCCCCGTAGTC",20
"CCTACGGGGGGCAGCAGTGGGGAATTTTGCGCAATGGGGGCAACCCTGACGCAGCGACGCCGCGTGCGGGACGAAGTCATTCGTGACGTAAACCGCTTTCAGCGAGGAAGAACCATGACGGTACTCGCAGAAGAAGCCCCGGCTAACTACGTGCCAGCAGCCGCGGTAATACGTAGGGGGCGAGCGTTATCCGGAATCATTGGGCGTAAAGCGCGCGCAGGCGGGCTTTCAAGCGGCGGCGTCGAAGCCGGGGGCTCAACCCCCGGAAGCGCCCCGAACTGGAAGCCTCGGATGCGGCAGGGGGAGGCGGAATTCCCGGTGTAGCGGTGAAATGCGCAGATATCGGGAAGAACACCGACGGCGAAGGCAGCCTCCTGGGCCGGCATCGACGCTGAGGCGCGAAAGCTGGGGGAGCGAACAGGATTAGATACCCCGGTAGTC",17
"CCTACGGGGGGCAGCAGTGGGGAATTTTGCGCAATGGGGGCAACCCTGACGCAGCAACGCCGCGTGCGGGACGAAGGCGTCCGCGTCGTAAACCGCTTTCAGCGGGGAACACTTTTCGAGGGTACCCGCAGAAGAAGCCCCGGCTAAATACGTGCCAGCAGCCGCGGTAATACGTATGGGGCGAGCGTTATCCGGATTCATTGGGCGTAAAGCGCGCGTAGGCGGAGCGCTAAGCGGGACCTCTAACCCGAGGGCTCAACCCCCGGCCGGGTCCCGAACTGGCGCTCTCGAGTGCGGTAGGGGAGAGCGGAATTCCCGGTGTAGCGGTGGAATGCGCAGATATCGGGAAGAACACCGACGGCGAAGGCAGCTCTCTGGGCCGAAACTGACGCTGAGGCGCGAAAGCTGGGGGAGCGAACAGGATTAGATACCCCAGTAGTC",14
"CCTACGGGTGGCAGCAGTGGGGAATATTGGGCAATGGGCGAAAGCCTGACCCAGCAACGCCGCGTGAGGGAAGAAGGGTTTCGGCTCGTAAACCTCTGTCCTATGGGACGAAGGAAGTGACGGTACCATAGGAGGAAGCCCCGGCTAACTACGTGCCAGCAGCCGCGGTAATACGTAGGGGGCGAGCGTTGTCCGGAATGATTGGGCGTAAAGGGCGCGTAGGCGGCCTGCTAAGTCTGGAGTGAAAGTCCTGCTTTCAAGGTGGGAATTGCTTTGGATACTGGTGGGCTGGAGTGCAGGAGAGGAAAGCGGAATTACCGGTGTAGCGGTGAAATGCGTAGAGATCGGTAGGAACACCAGTGGCGAAGGCGGCTTTCTGGACTGAAACTGACGCTGAGGCGCGAAAGCGTGGGGAGCAAACAGGATTAGATACCCCTGTAGTC",12
"CCTACGGGGGGCAGCAGTGGGGAATATTGCACAATGGGCGCAAGCCTGATGCAGCGACGCCGCGTGAGGGATGGAGGCCTTCGGGTTGTAAACCTCTTTTATCGGGGAGCAAGCGAGAGTGAGTTTACCCGTTGAATAAGCACCGGCTAACTACGTGCCAGCAGCCGCGGTAATACGTAGGGTGCAAGCGTTATCCGGAATTATTGGGCGTAAAGGGCTCGTAGGCGGTTCGTCGCGTCCGGTGTGAAAGTCCATCGCTTAACGGTGGATCCGCGCCGGGTACGGGCGGGCTTGAGTGCGGTAGGGGAGACTGGAATTCCCGGTGTAACGGTGGAATGTGTAGATATCGGGAAGAACACCAATGGCGAAGGCAGGTCTCTGGGCCGTCACTGACGCTGAGGAGCGAAAGCGTGGGGAGCGAACAGGATTAGATACCCGAGTAGTC",11
"CCTACGGGGGGCAGCAGTCGGGAATATTGCGCAATGGAGGAAACTCTGACGCAGTGACGCCGCGTGCAGGAAGAAGGTTTTCGGATTGTAAACTGCTTTAGACAGGGAAGAAATAAGACAGTACCTGTAGAATAAGCTCCGGCTAACTACGTGCCAGCAGCCGCGGTAATACGTAGGGAGCGAGCGTTATCCGGATTTATTGGGTGTAAAGGGTGCGTAGACGGGAAGATAAGTTAGTTGTGAAATCCCTCGGCTTAACTGAGGAACTGCAACTAAAACTATTGTTCTTGAGTGTTGGAGAGGAAAGTGGAATTCCTAGTGTAGCGGTGAAATGCGTAGATATTAGGAGGAACACCGGTGGCGAAGGCGACTTTCTGGACAATAACTGACGTTGAGGCACGAAAGTGTGGGGAGCAAACAGGATTAGATACCCGGGTAGTC",9
"CCTACGGGGGGACCAGGAAATGGGTTTCCAGTGACGGTAGTGAACGAGGAAGCCACGGCTAACTACGTGCCAGCAGCCGCGGTAATACGTAGGTGGCAAGCGTTGTCCGGAATTATTGGGCGTAAAGCGCATGTAGGCGGTTCCTTAAGTCGGTCGTGAAAATGCGGTGCTTAACGCCGTATGGCGATCGAAACTGGGGGACTTGAGTGCAGGAGAGGAAAGGGGAACTCCCAGTGTAGCGGTGAAATGCGTAGATATTGGGAAGAACACCGGTGGCGAAGGCGCCTTTCTGGACTGTGTCTGACGCTGAGATGCGAAAGCCAGGGTAGCGAACGGGATTAGATACCCGGGTAGTC",4
"CCTACGGGGGGACCAGGAAATGGGTTTCCAGTGACGGTAGTGAACGAGGAAGCCACGGCTAACTACGTGCCAGCAGCCGCGGTAATACGTAGGTGGCAAGCGTTGTCCGGAATTATTGGGCGTAAAGCGCATGTAGGCGGTTCCTTAAGTCGGTCGTGAAAATGCGGTGCTTAACGCCGTATGGCGATCGAAACTGGGGGACTTGAGTGCAGGAGAGGAAAGGGGAACTCCCAGTGTAGCGGTGAAATGCGTAGATATTGGGAAGAACACCGGTGGCGAAGGCGCCTTTCTGGACTGTGTCTGACGCTGAGATGCGAAAGCCAGGGTAGCGAACGGGATTAGATACCCCCGTAGTC",4
"CCTACGGGGTGCAGCAGTGGGGAATATTGGACAATGGGCGAAAGCCTGATCCAGCAATGCCGCGTGAGTGATGAAGGCCTTAGGGTTGTAAAGCTCTTTTACCCGGGATGATAATGACAGTACCGGGAGAATAAGCTCCGGCTAACTCCGTGCCAGCAGCCGCGATAATACGGAGGGAGCTAGCGTTATTCGGAATTACTGGGCGTAAAGCGCACGTAGGCGGCTTTGTAAGTTAGAGGTGAAAGCCTGGAGCTCAACTCCAGAATTGCCTTTAAGACTGCATCGCTTGAATCCAGGAGAGGTGAGTGGAATTCCGAGTGTAGAGGTGAAATTCGTAGATATTCGGAAGAACACCAGTGGCGAAGGCGGCTCACTGGACTGGTATTGACGCTGAGGTGCGAAAGCGTGGGGAGCAAACAGGATTAGATACCCCCGTAGTC",5
"CCTACGGGGGGACCAGGAAATGGGTTTCCAGTGACGGTAGTGAACGAGGAAGCCACGGCTAACTACGTGCCAGCAGCCGCGGTAATACGTAGGTGGCAAGCGTTGTCCGGAATTATTGGGCGTAAAGCGCATGTAGGCGGTTCCTTAAGTCGGTCGTGAAAATGCGGTGCTTAACGCCGTATGGCGATCGAAACTGGGGGACTTGAGTGCAGGAGAGGAAAGGGGAACTCCCAGTGTAGCGGTGAAATGCGTAGATATTGGGAAGAACACCGGTGGCGAAGGCGCCTTTCTGGACTGTGTCTGACGCTGAGATGCGAAAGCCAGGGTAGCGAACGGGATTAGATACCCGTGTAGTC",3
"CCTACGGGGTGCAGCAGTGGGGAATATTGCACAATGGGGGAAACCCTGATGCAGCGACGCCGCGTGGAGGAAGAAGGTCTTCGGATTGTAAACTCCTGTTGTTGAGGAAGATAATGACGGTACTCAACAAGGAAGTGACGGCTAACTACGTGCCAGCAGCCGCGGTAAAACGGAGGGTGCAAGCGTTAATCGGAATCACTGGGCGTAAAGCGCACGTAGGCGGCTTGGTAAGTCAGGGGTGAAATCCCACAGCCCAACTGTGGAACTGCCTTTGATACTGCCAGGCTTGAGTACCGGAGAGGGTGGCGGAATTCCAGGTGTAGGAGTGAAATCCGTAGATATCTGGAGGAACACCGGTGGCGAAGGCGGCCACCTGGACGGTAACTGACGCTGAGGTGCGAAAGCGTGGGTAGCAAACAGGATTAGATACCCGGGTAGTC",2
"CCTACGGGATGCAGCAGTGGGGAATATTGCACAATGGGGGAAACCCTGATGCAGCGACGCCGCGTGGAGGAAGAAGGTCTTCGGATTGTAAACTCCTGTTGTTGGGGAAGATAATGACGGTACCCAACAAGGAAGTGACGGCTAACTACGTGCCAGCAGCCGCGGTAAAACGTAGGTCTCAAGCGTTGTTCGGAATCACTGGGCGTAAAGCGTGCGTAGGCTGTTTCGTAAGTCGTGTGTGAAAGGCGCGGGCTCAACCCGCGGACGGCACATGATACTGCGAGACTAGAGTAATGGAGGGGGAACCGGAATTCTCGGTGTAGCAGTGAAATGCGTAGATATCGAGAGGAACACTCGTGGCGAAGGCGGGTTCCTGGACATTAACTGACGCTGAGGCACGAAGGCCAGGGGAGCGAAAGGGATTAGATACCCCCGTAGTC",2
"CCTACGGGGTGCAGCAGCCGCGGTAATACGTAGGTGGCAAGCGTTGTCCGGAATTATTGGGCGTAAAGGGCGCGCAGGCGGCGTCGTAAGTCGGTCTTAAAAGTGCGGGGCTTAACCCCGTGAGGGGACCGAAACTGCGATGCTAGAGTATCGGAGAGGAAAGCGGAATTCCTAGTGTAGCGGTGAAATGCGTAGATATTAGGAGGAACACCAGTGGCGAAAGCGGCTTTCTGGACGACAACTGACGCTGAGGCGCGAAAGCCAGGGGAGCAAACGGGATTAGATACCCGCGTAGTC",2
"CCTACGGGGGGCAGCAGTGGGGAATATTGCACAATGGGGGAAACCCTGATGCAGCAACGCCGCGTGAAGGAAGAAGGTTTTCGGATCGTAAACTTCTATCAACAGGGACGAAGAAAGTGACGGTACCTGAATAAGAAGCCCCGGCTAACTACGTGCCAGCAGCCGCGGTAATACGTAGGGGGCAAGCGTTATCCGGAATTACTGGGTGTAAAGGGAGCGTAGGCGGCACGCCAAGCCAGATGTGAAAGCCCGGGGCTCAACCCCGGGACTGCATTTGGAACTGCTGAGCTAGAGTGTCGGAGAGGCAAGTGGAATTCCTAGTGTAGCGGTGAAATGCGTAGATATTAGGAGGAACACCAGTGGCGAAGGCGGCTTGCTGGACGATGACTGACGTTGAGGCTCGAAAGCGTGGGGAGCAAACAGGATTAGATACCCGCGTAGTC",1
