,primary_id,study_title,sequence_accession_number,sampleID,bioreactor_model,donor,include_study,reason,fecalSampleSequence,ndonor_type,country_donor,continent,predigestion,stage,stages,working_volume_mL,pH_ac,pH_tc,pH_dc,stirring_speed_rpm,total_retention_time_h,treatment,external_microorganism,flushing_gas,CO2_.,N2_.,H2_.,region_16S,media_based_on,vitamins,peptone,yeast_extract,NaHCO3,CaCl2,pectin,xylan,arabinogalactan,starch,casein,inulin,NaCl,K2HPO4,NaH2PO4,KH2PO4,MgSO4,hemin,menadione,bile_salts_oxgall,L_cysteine,mucin,glucose,pancreatin,cellobiose,lactose,whey_proteins_lactalbumin,HEPES,guanine,inosine,thymidine,xanthine,choline_chloride,ascorbic_acid,lipoic_acid,histidine,resazurin,aminoacid_mix,trace_mineral_supplement,cellulose,bacto_tryptone,XOS,Tween_80,KCL,MgCl2,FeSO4,MnCl2,CoSO4,CuSO4,ZnSO4,NiCl2,Xylitol,Rice,popcorn,whey_protein,arabic_gum,guar_gum,polyoxyethylene,digested_milk_fragments,maltose,include_sample,sample_name_other,reason_sample_exclusion
1,ERP114897,"Lactate metabolism is strongly modulated by fecal inoculum, pH and retention time in PolyFermS continuous colonic fermentation models mimicking young infant proximal colon",ERX3351952,ERR3327236,PolyFermS_Pham_et_al_2019,FFInfant,yes,OK,"no(exclude TR2,T3-fermentation2, TR4)",2_individual,Switzerland,Europe,no,1,ac,200,6,NA,NA,180,5,pH_donor_lactate_LUB,E. limosum + P. avidum ,CO2,0,100,0,V3_V4,6-month-old infants,yes,0.5,2.5,1.5,0.075,0,0,0,0,0.5,0,4.5,0,0,0.5,0.61,0.01,0,0.05,0.8,4,0,0,0,6.4,0,0,0,0,0,0,0,0,0,0,0,0,0,0,0.5,0,1,4.5,0,0.0027,0,0,0,0,0,0,0,0,8.1,0,0,0,0,0,yes,NA,NA
2,ERP114897,"Lactate metabolism is strongly modulated by fecal inoculum, pH and retention time in PolyFermS continuous colonic fermentation models mimicking young infant proximal colon",ERX3351951,ERR3327235,PolyFermS_Pham_et_al_2019,FFInfant,yes,OK,"no(exclude TR2,T3-fermentation2, TR4)",2_individual,Switzerland,Europe,no,1,ac,200,6,NA,NA,180,5,pH_donor_lactate_LUB,E. limosum + P. avidum ,CO2,0,100,0,V3_V4,6-month-old infants,yes,0.5,2.5,1.5,0.075,0,0,0,0,0.5,0,4.5,0,0,0.5,0.61,0.01,0,0.05,0.8,4,0,0,0,6.4,0,0,0,0,0,0,0,0,0,0,0,0,0,0,0.5,0,1,4.5,0,0.0027,0,0,0,0,0,0,0,0,8.1,0,0,0,0,0,yes,NA,NA
3,ERP114897,"Lactate metabolism is strongly modulated by fecal inoculum, pH and retention time in PolyFermS continuous colonic fermentation models mimicking young infant proximal colon",ERX3351950,ERR3327234,PolyFermS_Pham_et_al_2019,FFInfant,yes,OK,"no(exclude TR2,T3-fermentation2, TR4)",2_individual,Switzerland,Europe,no,1,ac,200,6,NA,NA,180,5,pH_donor_lactate_LUB,E. limosum + P. avidum ,CO2,0,100,0,V3_V4,6-month-old infants,yes,0.5,2.5,1.5,0.075,0,0,0,0,0.5,0,4.5,0,0,0.5,0.61,0.01,0,0.05,0.8,4,0,0,0,6.4,0,0,0,0,0,0,0,0,0,0,0,0,0,0,0.5,0,1,4.5,0,0.0027,0,0,0,0,0,0,0,0,8.1,0,0,0,0,0,yes,NA,NA
4,ERP114897,"Lactate metabolism is strongly modulated by fecal inoculum, pH and retention time in PolyFermS continuous colonic fermentation models mimicking young infant proximal colon",ERX3351949,ERR3327233,PolyFermS_Pham_et_al_2019,FFInfant,yes,OK,"no(exclude TR2,T3-fermentation2, TR4)",2_individual,Switzerland,Europe,no,1,ac,200,6,NA,NA,180,5,pH_donor_lactate_LUB,E. limosum + P. avidum ,CO2,0,100,0,V3_V4,6-month-old infants,yes,0.5,2.5,1.5,0.075,0,0,0,0,0.5,0,4.5,0,0,0.5,0.61,0.01,0,0.05,0.8,4,0,0,0,6.4,0,0,0,0,0,0,0,0,0,0,0,0,0,0,0.5,0,1,4.5,0,0.0027,0,0,0,0,0,0,0,0,8.1,0,0,0,0,0,yes,NA,NA
5,ERP114897,"Lactate metabolism is strongly modulated by fecal inoculum, pH and retention time in PolyFermS continuous colonic fermentation models mimicking young infant proximal colon",ERX3351948,ERR3327232,PolyFermS_Pham_et_al_2019,FFInfant,yes,OK,"no(exclude TR2,T3-fermentation2, TR4)",2_individual,Switzerland,Europe,no,1,ac,200,6,NA,NA,180,5,pH_donor_lactate_LUB,E. limosum + P. avidum ,CO2,0,100,0,V3_V4,6-month-old infants,yes,0.5,2.5,1.5,0.075,0,0,0,0,0.5,0,4.5,0,0,0.5,0.61,0.01,0,0.05,0.8,4,0,0,0,6.4,0,0,0,0,0,0,0,0,0,0,0,0,0,0,0.5,0,1,4.5,0,0.0027,0,0,0,0,0,0,0,0,8.1,0,0,0,0,0,yes,NA,NA
6,ERP114897,"Lactate metabolism is strongly modulated by fecal inoculum, pH and retention time in PolyFermS continuous colonic fermentation models mimicking young infant proximal colon",ERX3351947,ERR3327231,PolyFermS_Pham_et_al_2019,FFInfant,yes,OK,"no(exclude TR2,T3-fermentation2, TR4)",2_individual,Switzerland,Europe,no,1,ac,200,6,NA,NA,180,5,pH_donor_lactate_LUB,E. limosum + P. avidum ,CO2,0,100,0,V3_V4,6-month-old infants,yes,0.5,2.5,1.5,0.075,0,0,0,0,0.5,0,4.5,0,0,0.5,0.61,0.01,0,0.05,0.8,4,0,0,0,6.4,0,0,0,0,0,0,0,0,0,0,0,0,0,0,0.5,0,1,4.5,0,0.0027,0,0,0,0,0,0,0,0,8.1,0,0,0,0,0,yes,NA,NA
7,ERP114897,"Lactate metabolism is strongly modulated by fecal inoculum, pH and retention time in PolyFermS continuous colonic fermentation models mimicking young infant proximal colon",ERX3351946,ERR3327230,PolyFermS_Pham_et_al_2019,FFInfant,yes,OK,"no(exclude TR2,T3-fermentation2, TR4)",2_individual,Switzerland,Europe,no,1,ac,200,6,NA,NA,180,5,pH_donor_lactate_LUB,E. limosum + P. avidum ,CO2,0,100,0,V3_V4,6-month-old infants,yes,0.5,2.5,1.5,0.075,0,0,0,0,0.5,0,4.5,0,0,0.5,0.61,0.01,0,0.05,0.8,4,0,0,0,6.4,0,0,0,0,0,0,0,0,0,0,0,0,0,0,0.5,0,1,4.5,0,0.0027,0,0,0,0,0,0,0,0,8.1,0,0,0,0,0,yes,NA,NA
8,ERP114897,"Lactate metabolism is strongly modulated by fecal inoculum, pH and retention time in PolyFermS continuous colonic fermentation models mimicking young infant proximal colon",ERX3351945,ERR3327229,PolyFermS_Pham_et_al_2019,FFInfant,yes,OK,"no(exclude TR2,T3-fermentation2, TR4)",2_individual,Switzerland,Europe,no,1,ac,200,6,NA,NA,180,5,pH_donor_lactate_LUB,E. limosum + P. avidum ,CO2,0,100,0,V3_V4,6-month-old infants,yes,0.5,2.5,1.5,0.075,0,0,0,0,0.5,0,4.5,0,0,0.5,0.61,0.01,0,0.05,0.8,4,0,0,0,6.4,0,0,0,0,0,0,0,0,0,0,0,0,0,0,0.5,0,1,4.5,0,0.0027,0,0,0,0,0,0,0,0,8.1,0,0,0,0,0,no,TR4,external bacteria
9,ERP114897,"Lactate metabolism is strongly modulated by fecal inoculum, pH and retention time in PolyFermS continuous colonic fermentation models mimicking young infant proximal colon",ERX3351944,ERR3327228,PolyFermS_Pham_et_al_2019,FFInfant,yes,OK,"no(exclude TR2,T3-fermentation2, TR4)",2_individual,Switzerland,Europe,no,1,ac,200,6,NA,NA,180,5,pH_donor_lactate_LUB,E. limosum + P. avidum ,CO2,0,100,0,V3_V4,6-month-old infants,yes,0.5,2.5,1.5,0.075,0,0,0,0,0.5,0,4.5,0,0,0.5,0.61,0.01,0,0.05,0.8,4,0,0,0,6.4,0,0,0,0,0,0,0,0,0,0,0,0,0,0,0.5,0,1,4.5,0,0.0027,0,0,0,0,0,0,0,0,8.1,0,0,0,0,0,yes,NA,NA
10,ERP114897,"Lactate metabolism is strongly modulated by fecal inoculum, pH and retention time in PolyFermS continuous colonic fermentation models mimicking young infant proximal colon",ERX3351943,ERR3327227,PolyFermS_Pham_et_al_2019,FFInfant,yes,OK,"no(exclude TR2,T3-fermentation2, TR4)",2_individual,Switzerland,Europe,no,1,ac,200,6,NA,NA,180,5,pH_donor_lactate_LUB,E. limosum + P. avidum ,CO2,0,100,0,V3_V4,6-month-old infants,yes,0.5,2.5,1.5,0.075,0,0,0,0,0.5,0,4.5,0,0,0.5,0.61,0.01,0,0.05,0.8,4,0,0,0,6.4,0,0,0,0,0,0,0,0,0,0,0,0,0,0,0.5,0,1,4.5,0,0.0027,0,0,0,0,0,0,0,0,8.1,0,0,0,0,0,yes,NA,NA
11,ERP114897,"Lactate metabolism is strongly modulated by fecal inoculum, pH and retention time in PolyFermS continuous colonic fermentation models mimicking young infant proximal colon",ERX3351942,ERR3327226,PolyFermS_Pham_et_al_2019,FFInfant,yes,OK,"no(exclude TR2,T3-fermentation2, TR4)",2_individual,Switzerland,Europe,no,1,ac,200,6,NA,NA,180,5,pH_donor_lactate_LUB,E. limosum + P. avidum ,CO2,0,100,0,V3_V4,6-month-old infants,yes,0.5,2.5,1.5,0.075,0,0,0,0,0.5,0,4.5,0,0,0.5,0.61,0.01,0,0.05,0.8,4,0,0,0,6.4,0,0,0,0,0,0,0,0,0,0,0,0,0,0,0.5,0,1,4.5,0,0.0027,0,0,0,0,0,0,0,0,8.1,0,0,0,0,0,no,TR4,external bacteria
12,ERP114897,"Lactate metabolism is strongly modulated by fecal inoculum, pH and retention time in PolyFermS continuous colonic fermentation models mimicking young infant proximal colon",ERX3351941,ERR3327225,PolyFermS_Pham_et_al_2019,FFInfant,yes,OK,"no(exclude TR2,T3-fermentation2, TR4)",2_individual,Switzerland,Europe,no,1,ac,200,6,NA,NA,180,5,pH_donor_lactate_LUB,E. limosum + P. avidum ,CO2,0,100,0,V3_V4,6-month-old infants,yes,0.5,2.5,1.5,0.075,0,0,0,0,0.5,0,4.5,0,0,0.5,0.61,0.01,0,0.05,0.8,4,0,0,0,6.4,0,0,0,0,0,0,0,0,0,0,0,0,0,0,0.5,0,1,4.5,0,0.0027,0,0,0,0,0,0,0,0,8.1,0,0,0,0,0,yes,NA,NA
13,ERP114897,"Lactate metabolism is strongly modulated by fecal inoculum, pH and retention time in PolyFermS continuous colonic fermentation models mimicking young infant proximal colon",ERX3351940,ERR3327224,PolyFermS_Pham_et_al_2019,FFInfant,yes,OK,"no(exclude TR2,T3-fermentation2, TR4)",2_individual,Switzerland,Europe,no,1,ac,200,6,NA,NA,180,5,pH_donor_lactate_LUB,E. limosum + P. avidum ,CO2,0,100,0,V3_V4,6-month-old infants,yes,0.5,2.5,1.5,0.075,0,0,0,0,0.5,0,4.5,0,0,0.5,0.61,0.01,0,0.05,0.8,4,0,0,0,6.4,0,0,0,0,0,0,0,0,0,0,0,0,0,0,0.5,0,1,4.5,0,0.0027,0,0,0,0,0,0,0,0,8.1,0,0,0,0,0,yes,NA,NA
14,ERP114897,"Lactate metabolism is strongly modulated by fecal inoculum, pH and retention time in PolyFermS continuous colonic fermentation models mimicking young infant proximal colon",ERX3351939,ERR3327223,PolyFermS_Pham_et_al_2019,FFInfant,yes,OK,"no(exclude TR2,T3-fermentation2, TR4)",2_individual,Switzerland,Europe,no,1,ac,200,6,NA,NA,180,5,pH_donor_lactate_LUB,E. limosum + P. avidum ,CO2,0,100,0,V3_V4,6-month-old infants,yes,0.5,2.5,1.5,0.075,0,0,0,0,0.5,0,4.5,0,0,0.5,0.61,0.01,0,0.05,0.8,4,0,0,0,6.4,0,0,0,0,0,0,0,0,0,0,0,0,0,0,0.5,0,1,4.5,0,0.0027,0,0,0,0,0,0,0,0,8.1,0,0,0,0,0,yes,NA,NA
15,ERP114897,"Lactate metabolism is strongly modulated by fecal inoculum, pH and retention time in PolyFermS continuous colonic fermentation models mimicking young infant proximal colon",ERX3351938,ERR3327222,PolyFermS_Pham_et_al_2019,FFInfant,yes,OK,"no(exclude TR2,T3-fermentation2, TR4)",2_individual,Switzerland,Europe,no,1,ac,200,6,NA,NA,180,5,pH_donor_lactate_LUB,E. limosum + P. avidum ,CO2,0,100,0,V3_V4,6-month-old infants,yes,0.5,2.5,1.5,0.075,0,0,0,0,0.5,0,4.5,0,0,0.5,0.61,0.01,0,0.05,0.8,4,0,0,0,6.4,0,0,0,0,0,0,0,0,0,0,0,0,0,0,0.5,0,1,4.5,0,0.0027,0,0,0,0,0,0,0,0,8.1,0,0,0,0,0,no,TR4,external bacteria
16,ERP114897,"Lactate metabolism is strongly modulated by fecal inoculum, pH and retention time in PolyFermS continuous colonic fermentation models mimicking young infant proximal colon",ERX3351937,ERR3327221,PolyFermS_Pham_et_al_2019,FFInfant,yes,OK,"no(exclude TR2,T3-fermentation2, TR4)",2_individual,Switzerland,Europe,no,1,ac,200,6,NA,NA,180,5,pH_donor_lactate_LUB,E. limosum + P. avidum ,CO2,0,100,0,V3_V4,6-month-old infants,yes,0.5,2.5,1.5,0.075,0,0,0,0,0.5,0,4.5,0,0,0.5,0.61,0.01,0,0.05,0.8,4,0,0,0,6.4,0,0,0,0,0,0,0,0,0,0,0,0,0,0,0.5,0,1,4.5,0,0.0027,0,0,0,0,0,0,0,0,8.1,0,0,0,0,0,no,TR2,external bacteria
17,ERP114897,"Lactate metabolism is strongly modulated by fecal inoculum, pH and retention time in PolyFermS continuous colonic fermentation models mimicking young infant proximal colon",ERX3351936,ERR3327220,PolyFermS_Pham_et_al_2019,FFInfant,yes,OK,"no(exclude TR2,T3-fermentation2, TR4)",2_individual,Switzerland,Europe,no,1,ac,200,6,NA,NA,180,5,pH_donor_lactate_LUB,E. limosum + P. avidum ,CO2,0,100,0,V3_V4,6-month-old infants,yes,0.5,2.5,1.5,0.075,0,0,0,0,0.5,0,4.5,0,0,0.5,0.61,0.01,0,0.05,0.8,4,0,0,0,6.4,0,0,0,0,0,0,0,0,0,0,0,0,0,0,0.5,0,1,4.5,0,0.0027,0,0,0,0,0,0,0,0,8.1,0,0,0,0,0,yes,NA,NA
18,ERP114897,"Lactate metabolism is strongly modulated by fecal inoculum, pH and retention time in PolyFermS continuous colonic fermentation models mimicking young infant proximal colon",ERX3351935,ERR3327219,PolyFermS_Pham_et_al_2019,FFInfant,yes,OK,"no(exclude TR2,T3-fermentation2, TR4)",2_individual,Switzerland,Europe,no,1,ac,200,6,NA,NA,180,5,pH_donor_lactate_LUB,E. limosum + P. avidum ,CO2,0,100,0,V3_V4,6-month-old infants,yes,0.5,2.5,1.5,0.075,0,0,0,0,0.5,0,4.5,0,0,0.5,0.61,0.01,0,0.05,0.8,4,0,0,0,6.4,0,0,0,0,0,0,0,0,0,0,0,0,0,0,0.5,0,1,4.5,0,0.0027,0,0,0,0,0,0,0,0,8.1,0,0,0,0,0,no,TR4,external bacteria
19,ERP114897,"Lactate metabolism is strongly modulated by fecal inoculum, pH and retention time in PolyFermS continuous colonic fermentation models mimicking young infant proximal colon",ERX3351934,ERR3327218,PolyFermS_Pham_et_al_2019,FFInfant,yes,OK,"no(exclude TR2,T3-fermentation2, TR4)",2_individual,Switzerland,Europe,no,1,ac,200,6,NA,NA,180,5,pH_donor_lactate_LUB,E. limosum + P. avidum ,CO2,0,100,0,V3_V4,6-month-old infants,yes,0.5,2.5,1.5,0.075,0,0,0,0,0.5,0,4.5,0,0,0.5,0.61,0.01,0,0.05,0.8,4,0,0,0,6.4,0,0,0,0,0,0,0,0,0,0,0,0,0,0,0.5,0,1,4.5,0,0.0027,0,0,0,0,0,0,0,0,8.1,0,0,0,0,0,no,TR2,external bacteria
20,ERP114897,"Lactate metabolism is strongly modulated by fecal inoculum, pH and retention time in PolyFermS continuous colonic fermentation models mimicking young infant proximal colon",ERX3351933,ERR3327217,PolyFermS_Pham_et_al_2019,FFInfant,yes,OK,"no(exclude TR2,T3-fermentation2, TR4)",2_individual,Switzerland,Europe,no,1,ac,200,6,NA,NA,180,5,pH_donor_lactate_LUB,E. limosum + P. avidum ,CO2,0,100,0,V3_V4,6-month-old infants,yes,0.5,2.5,1.5,0.075,0,0,0,0,0.5,0,4.5,0,0,0.5,0.61,0.01,0,0.05,0.8,4,0,0,0,6.4,0,0,0,0,0,0,0,0,0,0,0,0,0,0,0.5,0,1,4.5,0,0.0027,0,0,0,0,0,0,0,0,8.1,0,0,0,0,0,yes,NA,NA
21,ERP114897,"Lactate metabolism is strongly modulated by fecal inoculum, pH and retention time in PolyFermS continuous colonic fermentation models mimicking young infant proximal colon",ERX3351932,ERR3327216,PolyFermS_Pham_et_al_2019,FFInfant,yes,OK,"no(exclude TR2,T3-fermentation2, TR4)",2_individual,Switzerland,Europe,no,1,ac,200,6,NA,NA,180,5,pH_donor_lactate_LUB,E. limosum + P. avidum ,CO2,0,100,0,V3_V4,6-month-old infants,yes,0.5,2.5,1.5,0.075,0,0,0,0,0.5,0,4.5,0,0,0.5,0.61,0.01,0,0.05,0.8,4,0,0,0,6.4,0,0,0,0,0,0,0,0,0,0,0,0,0,0,0.5,0,1,4.5,0,0.0027,0,0,0,0,0,0,0,0,8.1,0,0,0,0,0,no,TR4,external bacteria
22,ERP114897,"Lactate metabolism is strongly modulated by fecal inoculum, pH and retention time in PolyFermS continuous colonic fermentation models mimicking young infant proximal colon",ERX3351931,ERR3327215,PolyFermS_Pham_et_al_2019,FFInfant,yes,OK,"no(exclude TR2,T3-fermentation2, TR4)",2_individual,Switzerland,Europe,no,1,ac,200,6,NA,NA,180,5,pH_donor_lactate_LUB,E. limosum + P. avidum ,CO2,0,100,0,V3_V4,6-month-old infants,yes,0.5,2.5,1.5,0.075,0,0,0,0,0.5,0,4.5,0,0,0.5,0.61,0.01,0,0.05,0.8,4,0,0,0,6.4,0,0,0,0,0,0,0,0,0,0,0,0,0,0,0.5,0,1,4.5,0,0.0027,0,0,0,0,0,0,0,0,8.1,0,0,0,0,0,no,TR2,external bacteria
23,ERP114897,"Lactate metabolism is strongly modulated by fecal inoculum, pH and retention time in PolyFermS continuous colonic fermentation models mimicking young infant proximal colon",ERX3351930,ERR3327214,PolyFermS_Pham_et_al_2019,FFInfant,yes,OK,"no(exclude TR2,T3-fermentation2, TR4)",2_individual,Switzerland,Europe,no,1,ac,200,6,NA,NA,180,5,pH_donor_lactate_LUB,E. limosum + P. avidum ,CO2,0,100,0,V3_V4,6-month-old infants,yes,0.5,2.5,1.5,0.075,0,0,0,0,0.5,0,4.5,0,0,0.5,0.61,0.01,0,0.05,0.8,4,0,0,0,6.4,0,0,0,0,0,0,0,0,0,0,0,0,0,0,0.5,0,1,4.5,0,0.0027,0,0,0,0,0,0,0,0,8.1,0,0,0,0,0,yes,NA,NA
24,ERP114897,"Lactate metabolism is strongly modulated by fecal inoculum, pH and retention time in PolyFermS continuous colonic fermentation models mimicking young infant proximal colon",ERX3351929,ERR3327213,PolyFermS_Pham_et_al_2019,FFInfant,yes,OK,"no(exclude TR2,T3-fermentation2, TR4)",2_individual,Switzerland,Europe,no,1,ac,200,6,NA,NA,180,5,pH_donor_lactate_LUB,E. limosum + P. avidum ,CO2,0,100,0,V3_V4,6-month-old infants,yes,0.5,2.5,1.5,0.075,0,0,0,0,0.5,0,4.5,0,0,0.5,0.61,0.01,0,0.05,0.8,4,0,0,0,6.4,0,0,0,0,0,0,0,0,0,0,0,0,0,0,0.5,0,1,4.5,0,0.0027,0,0,0,0,0,0,0,0,8.1,0,0,0,0,0,yes,NA,NA
25,ERP114897,"Lactate metabolism is strongly modulated by fecal inoculum, pH and retention time in PolyFermS continuous colonic fermentation models mimicking young infant proximal colon",ERX3351928,ERR3327212,PolyFermS_Pham_et_al_2019,FFInfant,yes,OK,"no(exclude TR2,T3-fermentation2, TR4)",2_individual,Switzerland,Europe,no,1,ac,200,6,NA,NA,180,5,pH_donor_lactate_LUB,E. limosum + P. avidum ,CO2,0,100,0,V3_V4,6-month-old infants,yes,0.5,2.5,1.5,0.075,0,0,0,0,0.5,0,4.5,0,0,0.5,0.61,0.01,0,0.05,0.8,4,0,0,0,6.4,0,0,0,0,0,0,0,0,0,0,0,0,0,0,0.5,0,1,4.5,0,0.0027,0,0,0,0,0,0,0,0,8.1,0,0,0,0,0,no,TR4,external bacteria
26,ERP114897,"Lactate metabolism is strongly modulated by fecal inoculum, pH and retention time in PolyFermS continuous colonic fermentation models mimicking young infant proximal colon",ERX3351927,ERR3327211,PolyFermS_Pham_et_al_2019,FFInfant,yes,OK,"no(exclude TR2,T3-fermentation2, TR4)",2_individual,Switzerland,Europe,no,1,ac,200,6,NA,NA,180,5,pH_donor_lactate_LUB,E. limosum + P. avidum ,CO2,0,100,0,V3_V4,6-month-old infants,yes,0.5,2.5,1.5,0.075,0,0,0,0,0.5,0,4.5,0,0,0.5,0.61,0.01,0,0.05,0.8,4,0,0,0,6.4,0,0,0,0,0,0,0,0,0,0,0,0,0,0,0.5,0,1,4.5,0,0.0027,0,0,0,0,0,0,0,0,8.1,0,0,0,0,0,no,TR2,external bacteria
27,ERP114897,"Lactate metabolism is strongly modulated by fecal inoculum, pH and retention time in PolyFermS continuous colonic fermentation models mimicking young infant proximal colon",ERX3351926,ERR3327210,PolyFermS_Pham_et_al_2019,FFInfant,yes,OK,"no(exclude TR2,T3-fermentation2, TR4)",2_individual,Switzerland,Europe,no,1,ac,200,6,NA,NA,180,5,pH_donor_lactate_LUB,E. limosum + P. avidum ,CO2,0,100,0,V3_V4,6-month-old infants,yes,0.5,2.5,1.5,0.075,0,0,0,0,0.5,0,4.5,0,0,0.5,0.61,0.01,0,0.05,0.8,4,0,0,0,6.4,0,0,0,0,0,0,0,0,0,0,0,0,0,0,0.5,0,1,4.5,0,0.0027,0,0,0,0,0,0,0,0,8.1,0,0,0,0,0,yes,NA,NA
28,ERP114897,"Lactate metabolism is strongly modulated by fecal inoculum, pH and retention time in PolyFermS continuous colonic fermentation models mimicking young infant proximal colon",ERX3351925,ERR3327209,PolyFermS_Pham_et_al_2019,FFInfant,yes,OK,"no(exclude TR2,T3-fermentation2, TR4)",2_individual,Switzerland,Europe,no,1,ac,200,6,NA,NA,180,5,pH_donor_lactate_LUB,E. limosum + P. avidum ,CO2,0,100,0,V3_V4,6-month-old infants,yes,0.5,2.5,1.5,0.075,0,0,0,0,0.5,0,4.5,0,0,0.5,0.61,0.01,0,0.05,0.8,4,0,0,0,6.4,0,0,0,0,0,0,0,0,0,0,0,0,0,0,0.5,0,1,4.5,0,0.0027,0,0,0,0,0,0,0,0,8.1,0,0,0,0,0,yes,NA,NA
29,ERP114897,"Lactate metabolism is strongly modulated by fecal inoculum, pH and retention time in PolyFermS continuous colonic fermentation models mimicking young infant proximal colon",ERX3351924,ERR3327208,PolyFermS_Pham_et_al_2019,FFInfant,yes,OK,"no(exclude TR2,T3-fermentation2, TR4)",2_individual,Switzerland,Europe,no,1,ac,200,6,NA,NA,180,5,pH_donor_lactate_LUB,E. limosum + P. avidum ,CO2,0,100,0,V3_V4,6-month-old infants,yes,0.5,2.5,1.5,0.075,0,0,0,0,0.5,0,4.5,0,0,0.5,0.61,0.01,0,0.05,0.8,4,0,0,0,6.4,0,0,0,0,0,0,0,0,0,0,0,0,0,0,0.5,0,1,4.5,0,0.0027,0,0,0,0,0,0,0,0,8.1,0,0,0,0,0,yes,NA,NA
30,ERP114897,"Lactate metabolism is strongly modulated by fecal inoculum, pH and retention time in PolyFermS continuous colonic fermentation models mimicking young infant proximal colon",ERX3351923,ERR3327207,PolyFermS_Pham_et_al_2019,FFInfant,yes,OK,"no(exclude TR2,T3-fermentation2, TR4)",2_individual,Switzerland,Europe,no,1,ac,200,6,NA,NA,180,5,pH_donor_lactate_LUB,E. limosum + P. avidum ,CO2,0,100,0,V3_V4,6-month-old infants,yes,0.5,2.5,1.5,0.075,0,0,0,0,0.5,0,4.5,0,0,0.5,0.61,0.01,0,0.05,0.8,4,0,0,0,6.4,0,0,0,0,0,0,0,0,0,0,0,0,0,0,0.5,0,1,4.5,0,0.0027,0,0,0,0,0,0,0,0,8.1,0,0,0,0,0,yes,NA,NA
31,ERP114897,"Lactate metabolism is strongly modulated by fecal inoculum, pH and retention time in PolyFermS continuous colonic fermentation models mimicking young infant proximal colon",ERX3351922,ERR3327206,PolyFermS_Pham_et_al_2019,FFInfant,yes,OK,"no(exclude TR2,T3-fermentation2, TR4)",2_individual,Switzerland,Europe,no,1,ac,200,6,NA,NA,180,5,pH_donor_lactate_LUB,E. limosum + P. avidum ,CO2,0,100,0,V3_V4,6-month-old infants,yes,0.5,2.5,1.5,0.075,0,0,0,0,0.5,0,4.5,0,0,0.5,0.61,0.01,0,0.05,0.8,4,0,0,0,6.4,0,0,0,0,0,0,0,0,0,0,0,0,0,0,0.5,0,1,4.5,0,0.0027,0,0,0,0,0,0,0,0,8.1,0,0,0,0,0,yes,NA,NA
32,ERP114897,"Lactate metabolism is strongly modulated by fecal inoculum, pH and retention time in PolyFermS continuous colonic fermentation models mimicking young infant proximal colon",ERX3351921,ERR3327205,PolyFermS_Pham_et_al_2019,FFInfant,yes,OK,"no(exclude TR2,T3-fermentation2, TR4)",2_individual,Switzerland,Europe,no,1,ac,200,6,NA,NA,180,5,pH_donor_lactate_LUB,E. limosum + P. avidum ,CO2,0,100,0,V3_V4,6-month-old infants,yes,0.5,2.5,1.5,0.075,0,0,0,0,0.5,0,4.5,0,0,0.5,0.61,0.01,0,0.05,0.8,4,0,0,0,6.4,0,0,0,0,0,0,0,0,0,0,0,0,0,0,0.5,0,1,4.5,0,0.0027,0,0,0,0,0,0,0,0,8.1,0,0,0,0,0,yes,NA,NA
33,ERP114897,"Lactate metabolism is strongly modulated by fecal inoculum, pH and retention time in PolyFermS continuous colonic fermentation models mimicking young infant proximal colon",ERX3351920,ERR3327204,PolyFermS_Pham_et_al_2019,FFInfant,yes,OK,"no(exclude TR2,T3-fermentation2, TR4)",2_individual,Switzerland,Europe,no,1,ac,200,6,NA,NA,180,5,pH_donor_lactate_LUB,E. limosum + P. avidum ,CO2,0,100,0,V3_V4,6-month-old infants,yes,0.5,2.5,1.5,0.075,0,0,0,0,0.5,0,4.5,0,0,0.5,0.61,0.01,0,0.05,0.8,4,0,0,0,6.4,0,0,0,0,0,0,0,0,0,0,0,0,0,0,0.5,0,1,4.5,0,0.0027,0,0,0,0,0,0,0,0,8.1,0,0,0,0,0,yes,NA,NA
34,ERP114897,"Lactate metabolism is strongly modulated by fecal inoculum, pH and retention time in PolyFermS continuous colonic fermentation models mimicking young infant proximal colon",ERX3351919,ERR3327203,PolyFermS_Pham_et_al_2019,FFInfant,yes,OK,"no(exclude TR2,T3-fermentation2, TR4)",2_individual,Switzerland,Europe,no,1,ac,200,6,NA,NA,180,5,pH_donor_lactate_LUB,E. limosum + P. avidum ,CO2,0,100,0,V3_V4,6-month-old infants,yes,0.5,2.5,1.5,0.075,0,0,0,0,0.5,0,4.5,0,0,0.5,0.61,0.01,0,0.05,0.8,4,0,0,0,6.4,0,0,0,0,0,0,0,0,0,0,0,0,0,0,0.5,0,1,4.5,0,0.0027,0,0,0,0,0,0,0,0,8.1,0,0,0,0,0,yes,NA,NA
35,ERP114897,"Lactate metabolism is strongly modulated by fecal inoculum, pH and retention time in PolyFermS continuous colonic fermentation models mimicking young infant proximal colon",ERX3351918,ERR3327202,PolyFermS_Pham_et_al_2019,FFInfant,yes,OK,"no(exclude TR2,T3-fermentation2, TR4)",2_individual,Switzerland,Europe,no,1,ac,200,6,NA,NA,180,5,pH_donor_lactate_LUB,E. limosum + P. avidum ,CO2,0,100,0,V3_V4,6-month-old infants,yes,0.5,2.5,1.5,0.075,0,0,0,0,0.5,0,4.5,0,0,0.5,0.61,0.01,0,0.05,0.8,4,0,0,0,6.4,0,0,0,0,0,0,0,0,0,0,0,0,0,0,0.5,0,1,4.5,0,0.0027,0,0,0,0,0,0,0,0,8.1,0,0,0,0,0,yes,NA,NA
36,ERP114897,"Lactate metabolism is strongly modulated by fecal inoculum, pH and retention time in PolyFermS continuous colonic fermentation models mimicking young infant proximal colon",ERX3351917,ERR3327201,PolyFermS_Pham_et_al_2019,FFInfant,yes,OK,"no(exclude TR2,T3-fermentation2, TR4)",2_individual,Switzerland,Europe,no,1,ac,200,6,NA,NA,180,5,pH_donor_lactate_LUB,E. limosum + P. avidum ,CO2,0,100,0,V3_V4,6-month-old infants,yes,0.5,2.5,1.5,0.075,0,0,0,0,0.5,0,4.5,0,0,0.5,0.61,0.01,0,0.05,0.8,4,0,0,0,6.4,0,0,0,0,0,0,0,0,0,0,0,0,0,0,0.5,0,1,4.5,0,0.0027,0,0,0,0,0,0,0,0,8.1,0,0,0,0,0,yes,NA,NA
37,ERP114897,"Lactate metabolism is strongly modulated by fecal inoculum, pH and retention time in PolyFermS continuous colonic fermentation models mimicking young infant proximal colon",ERX3351916,ERR3327200,PolyFermS_Pham_et_al_2019,FFInfant,yes,OK,"no(exclude TR2,T3-fermentation2, TR4)",2_individual,Switzerland,Europe,no,1,ac,200,6,NA,NA,180,5,pH_donor_lactate_LUB,E. limosum + P. avidum ,CO2,0,100,0,V3_V4,6-month-old infants,yes,0.5,2.5,1.5,0.075,0,0,0,0,0.5,0,4.5,0,0,0.5,0.61,0.01,0,0.05,0.8,4,0,0,0,6.4,0,0,0,0,0,0,0,0,0,0,0,0,0,0,0.5,0,1,4.5,0,0.0027,0,0,0,0,0,0,0,0,8.1,0,0,0,0,0,yes,NA,NA
38,ERP114897,"Lactate metabolism is strongly modulated by fecal inoculum, pH and retention time in PolyFermS continuous colonic fermentation models mimicking young infant proximal colon",ERX3351915,ERR3327199,PolyFermS_Pham_et_al_2019,FFInfant,yes,OK,"no(exclude TR2,T3-fermentation2, TR4)",2_individual,Switzerland,Europe,no,1,ac,200,6,NA,NA,180,5,pH_donor_lactate_LUB,E. limosum + P. avidum ,CO2,0,100,0,V3_V4,6-month-old infants,yes,0.5,2.5,1.5,0.075,0,0,0,0,0.5,0,4.5,0,0,0.5,0.61,0.01,0,0.05,0.8,4,0,0,0,6.4,0,0,0,0,0,0,0,0,0,0,0,0,0,0,0.5,0,1,4.5,0,0.0027,0,0,0,0,0,0,0,0,8.1,0,0,0,0,0,yes,NA,NA
39,ERP114897,"Lactate metabolism is strongly modulated by fecal inoculum, pH and retention time in PolyFermS continuous colonic fermentation models mimicking young infant proximal colon",ERX3351914,ERR3327198,PolyFermS_Pham_et_al_2019,FFInfant,yes,OK,"no(exclude TR2,T3-fermentation2, TR4)",2_individual,Switzerland,Europe,no,1,ac,200,6,NA,NA,180,5,pH_donor_lactate_LUB,E. limosum + P. avidum ,CO2,0,100,0,V3_V4,6-month-old infants,yes,0.5,2.5,1.5,0.075,0,0,0,0,0.5,0,4.5,0,0,0.5,0.61,0.01,0,0.05,0.8,4,0,0,0,6.4,0,0,0,0,0,0,0,0,0,0,0,0,0,0,0.5,0,1,4.5,0,0.0027,0,0,0,0,0,0,0,0,8.1,0,0,0,0,0,yes,NA,NA
40,ERP114897,"Lactate metabolism is strongly modulated by fecal inoculum, pH and retention time in PolyFermS continuous colonic fermentation models mimicking young infant proximal colon",ERX3351913,ERR3327197,PolyFermS_Pham_et_al_2019,FFInfant,yes,OK,"no(exclude TR2,T3-fermentation2, TR4)",2_individual,Switzerland,Europe,no,1,ac,200,6,NA,NA,180,5,pH_donor_lactate_LUB,E. limosum + P. avidum ,CO2,0,100,0,V3_V4,6-month-old infants,yes,0.5,2.5,1.5,0.075,0,0,0,0,0.5,0,4.5,0,0,0.5,0.61,0.01,0,0.05,0.8,4,0,0,0,6.4,0,0,0,0,0,0,0,0,0,0,0,0,0,0,0.5,0,1,4.5,0,0.0027,0,0,0,0,0,0,0,0,8.1,0,0,0,0,0,yes,NA,NA
41,ERP114897,"Lactate metabolism is strongly modulated by fecal inoculum, pH and retention time in PolyFermS continuous colonic fermentation models mimicking young infant proximal colon",ERX3351912,ERR3327196,PolyFermS_Pham_et_al_2019,FFInfant,yes,OK,"no(exclude TR2,T3-fermentation2, TR4)",2_individual,Switzerland,Europe,no,1,ac,200,6,NA,NA,180,5,pH_donor_lactate_LUB,E. limosum + P. avidum ,CO2,0,100,0,V3_V4,6-month-old infants,yes,0.5,2.5,1.5,0.075,0,0,0,0,0.5,0,4.5,0,0,0.5,0.61,0.01,0,0.05,0.8,4,0,0,0,6.4,0,0,0,0,0,0,0,0,0,0,0,0,0,0,0.5,0,1,4.5,0,0.0027,0,0,0,0,0,0,0,0,8.1,0,0,0,0,0,yes,NA,NA
42,ERP114897,"Lactate metabolism is strongly modulated by fecal inoculum, pH and retention time in PolyFermS continuous colonic fermentation models mimicking young infant proximal colon",ERX3351911,ERR3327195,PolyFermS_Pham_et_al_2019,FFInfant,yes,OK,"no(exclude TR2,T3-fermentation2, TR4)",2_individual,Switzerland,Europe,no,1,ac,200,6,NA,NA,180,5,pH_donor_lactate_LUB,E. limosum + P. avidum ,CO2,0,100,0,V3_V4,6-month-old infants,yes,0.5,2.5,1.5,0.075,0,0,0,0,0.5,0,4.5,0,0,0.5,0.61,0.01,0,0.05,0.8,4,0,0,0,6.4,0,0,0,0,0,0,0,0,0,0,0,0,0,0,0.5,0,1,4.5,0,0.0027,0,0,0,0,0,0,0,0,8.1,0,0,0,0,0,no,TR4,external bacteria
43,ERP114897,"Lactate metabolism is strongly modulated by fecal inoculum, pH and retention time in PolyFermS continuous colonic fermentation models mimicking young infant proximal colon",ERX3351910,ERR3327194,PolyFermS_Pham_et_al_2019,FFInfant,yes,OK,"no(exclude TR2,T3-fermentation2, TR4)",2_individual,Switzerland,Europe,no,1,ac,200,6,NA,NA,180,5,pH_donor_lactate_LUB,E. limosum + P. avidum ,CO2,0,100,0,V3_V4,6-month-old infants,yes,0.5,2.5,1.5,0.075,0,0,0,0,0.5,0,4.5,0,0,0.5,0.61,0.01,0,0.05,0.8,4,0,0,0,6.4,0,0,0,0,0,0,0,0,0,0,0,0,0,0,0.5,0,1,4.5,0,0.0027,0,0,0,0,0,0,0,0,8.1,0,0,0,0,0,no,TR4,external bacteria
44,ERP114897,"Lactate metabolism is strongly modulated by fecal inoculum, pH and retention time in PolyFermS continuous colonic fermentation models mimicking young infant proximal colon",ERX3351909,ERR3327193,PolyFermS_Pham_et_al_2019,FFInfant,yes,OK,"no(exclude TR2,T3-fermentation2, TR4)",2_individual,Switzerland,Europe,no,1,ac,200,6,NA,NA,180,5,pH_donor_lactate_LUB,E. limosum + P. avidum ,CO2,0,100,0,V3_V4,6-month-old infants,yes,0.5,2.5,1.5,0.075,0,0,0,0,0.5,0,4.5,0,0,0.5,0.61,0.01,0,0.05,0.8,4,0,0,0,6.4,0,0,0,0,0,0,0,0,0,0,0,0,0,0,0.5,0,1,4.5,0,0.0027,0,0,0,0,0,0,0,0,8.1,0,0,0,0,0,no,TR4,external bacteria
45,ERP114897,"Lactate metabolism is strongly modulated by fecal inoculum, pH and retention time in PolyFermS continuous colonic fermentation models mimicking young infant proximal colon",ERX3351908,ERR3327192,PolyFermS_Pham_et_al_2019,FFInfant,yes,OK,"no(exclude TR2,T3-fermentation2, TR4)",2_individual,Switzerland,Europe,no,1,ac,200,6,NA,NA,180,5,pH_donor_lactate_LUB,E. limosum + P. avidum ,CO2,0,100,0,V3_V4,6-month-old infants,yes,0.5,2.5,1.5,0.075,0,0,0,0,0.5,0,4.5,0,0,0.5,0.61,0.01,0,0.05,0.8,4,0,0,0,6.4,0,0,0,0,0,0,0,0,0,0,0,0,0,0,0.5,0,1,4.5,0,0.0027,0,0,0,0,0,0,0,0,8.1,0,0,0,0,0,yes,NA,NA
46,ERP114897,"Lactate metabolism is strongly modulated by fecal inoculum, pH and retention time in PolyFermS continuous colonic fermentation models mimicking young infant proximal colon",ERX3351907,ERR3327191,PolyFermS_Pham_et_al_2019,FFInfant,yes,OK,"no(exclude TR2,T3-fermentation2, TR4)",2_individual,Switzerland,Europe,no,1,ac,200,6,NA,NA,180,5,pH_donor_lactate_LUB,E. limosum + P. avidum ,CO2,0,100,0,V3_V4,6-month-old infants,yes,0.5,2.5,1.5,0.075,0,0,0,0,0.5,0,4.5,0,0,0.5,0.61,0.01,0,0.05,0.8,4,0,0,0,6.4,0,0,0,0,0,0,0,0,0,0,0,0,0,0,0.5,0,1,4.5,0,0.0027,0,0,0,0,0,0,0,0,8.1,0,0,0,0,0,no,TR4,external bacteria
47,ERP114897,"Lactate metabolism is strongly modulated by fecal inoculum, pH and retention time in PolyFermS continuous colonic fermentation models mimicking young infant proximal colon",ERX3351906,ERR3327190,PolyFermS_Pham_et_al_2019,FFInfant,yes,OK,"no(exclude TR2,T3-fermentation2, TR4)",2_individual,Switzerland,Europe,no,1,ac,200,6,NA,NA,180,5,pH_donor_lactate_LUB,E. limosum + P. avidum ,CO2,0,100,0,V3_V4,6-month-old infants,yes,0.5,2.5,1.5,0.075,0,0,0,0,0.5,0,4.5,0,0,0.5,0.61,0.01,0,0.05,0.8,4,0,0,0,6.4,0,0,0,0,0,0,0,0,0,0,0,0,0,0,0.5,0,1,4.5,0,0.0027,0,0,0,0,0,0,0,0,8.1,0,0,0,0,0,yes,NA,NA
48,ERP114897,"Lactate metabolism is strongly modulated by fecal inoculum, pH and retention time in PolyFermS continuous colonic fermentation models mimicking young infant proximal colon",ERX3351905,ERR3327189,PolyFermS_Pham_et_al_2019,FFInfant,yes,OK,"no(exclude TR2,T3-fermentation2, TR4)",2_individual,Switzerland,Europe,no,1,ac,200,6,NA,NA,180,5,pH_donor_lactate_LUB,E. limosum + P. avidum ,CO2,0,100,0,V3_V4,6-month-old infants,yes,0.5,2.5,1.5,0.075,0,0,0,0,0.5,0,4.5,0,0,0.5,0.61,0.01,0,0.05,0.8,4,0,0,0,6.4,0,0,0,0,0,0,0,0,0,0,0,0,0,0,0.5,0,1,4.5,0,0.0027,0,0,0,0,0,0,0,0,8.1,0,0,0,0,0,yes,NA,NA
49,ERP114897,"Lactate metabolism is strongly modulated by fecal inoculum, pH and retention time in PolyFermS continuous colonic fermentation models mimicking young infant proximal colon",ERX3351904,ERR3327188,PolyFermS_Pham_et_al_2019,FFInfant,yes,OK,"no(exclude TR2,T3-fermentation2, TR4)",2_individual,Switzerland,Europe,no,1,ac,200,6,NA,NA,180,5,pH_donor_lactate_LUB,E. limosum + P. avidum ,CO2,0,100,0,V3_V4,6-month-old infants,yes,0.5,2.5,1.5,0.075,0,0,0,0,0.5,0,4.5,0,0,0.5,0.61,0.01,0,0.05,0.8,4,0,0,0,6.4,0,0,0,0,0,0,0,0,0,0,0,0,0,0,0.5,0,1,4.5,0,0.0027,0,0,0,0,0,0,0,0,8.1,0,0,0,0,0,yes,NA,NA
50,ERP114897,"Lactate metabolism is strongly modulated by fecal inoculum, pH and retention time in PolyFermS continuous colonic fermentation models mimicking young infant proximal colon",ERX3351903,ERR3327187,PolyFermS_Pham_et_al_2019,FFInfant,yes,OK,"no(exclude TR2,T3-fermentation2, TR4)",2_individual,Switzerland,Europe,no,1,ac,200,6,NA,NA,180,5,pH_donor_lactate_LUB,E. limosum + P. avidum ,CO2,0,100,0,V3_V4,6-month-old infants,yes,0.5,2.5,1.5,0.075,0,0,0,0,0.5,0,4.5,0,0,0.5,0.61,0.01,0,0.05,0.8,4,0,0,0,6.4,0,0,0,0,0,0,0,0,0,0,0,0,0,0,0.5,0,1,4.5,0,0.0027,0,0,0,0,0,0,0,0,8.1,0,0,0,0,0,yes,NA,NA
51,ERP114897,"Lactate metabolism is strongly modulated by fecal inoculum, pH and retention time in PolyFermS continuous colonic fermentation models mimicking young infant proximal colon",ERX3351902,ERR3327186,PolyFermS_Pham_et_al_2019,FFInfant,yes,OK,"no(exclude TR2,T3-fermentation2, TR4)",2_individual,Switzerland,Europe,no,1,ac,200,6,NA,NA,180,5,pH_donor_lactate_LUB,E. limosum + P. avidum ,CO2,0,100,0,V3_V4,6-month-old infants,yes,0.5,2.5,1.5,0.075,0,0,0,0,0.5,0,4.5,0,0,0.5,0.61,0.01,0,0.05,0.8,4,0,0,0,6.4,0,0,0,0,0,0,0,0,0,0,0,0,0,0,0.5,0,1,4.5,0,0.0027,0,0,0,0,0,0,0,0,8.1,0,0,0,0,0,no,TR2,external bacteria
52,ERP114897,"Lactate metabolism is strongly modulated by fecal inoculum, pH and retention time in PolyFermS continuous colonic fermentation models mimicking young infant proximal colon",ERX3351901,ERR3327185,PolyFermS_Pham_et_al_2019,FFInfant,yes,OK,"no(exclude TR2,T3-fermentation2, TR4)",2_individual,Switzerland,Europe,no,1,ac,200,6,NA,NA,180,5,pH_donor_lactate_LUB,E. limosum + P. avidum ,CO2,0,100,0,V3_V4,6-month-old infants,yes,0.5,2.5,1.5,0.075,0,0,0,0,0.5,0,4.5,0,0,0.5,0.61,0.01,0,0.05,0.8,4,0,0,0,6.4,0,0,0,0,0,0,0,0,0,0,0,0,0,0,0.5,0,1,4.5,0,0.0027,0,0,0,0,0,0,0,0,8.1,0,0,0,0,0,no,TR2,external bacteria
53,ERP114897,"Lactate metabolism is strongly modulated by fecal inoculum, pH and retention time in PolyFermS continuous colonic fermentation models mimicking young infant proximal colon",ERX3351900,ERR3327184,PolyFermS_Pham_et_al_2019,FFInfant,yes,OK,"no(exclude TR2,T3-fermentation2, TR4)",2_individual,Switzerland,Europe,no,1,ac,200,6,NA,NA,180,5,pH_donor_lactate_LUB,E. limosum + P. avidum ,CO2,0,100,0,V3_V4,6-month-old infants,yes,0.5,2.5,1.5,0.075,0,0,0,0,0.5,0,4.5,0,0,0.5,0.61,0.01,0,0.05,0.8,4,0,0,0,6.4,0,0,0,0,0,0,0,0,0,0,0,0,0,0,0.5,0,1,4.5,0,0.0027,0,0,0,0,0,0,0,0,8.1,0,0,0,0,0,no,TR2,external bacteria
54,ERP114897,"Lactate metabolism is strongly modulated by fecal inoculum, pH and retention time in PolyFermS continuous colonic fermentation models mimicking young infant proximal colon",ERX3351899,ERR3327183,PolyFermS_Pham_et_al_2019,FFInfant,yes,OK,"no(exclude TR2,T3-fermentation2, TR4)",2_individual,Switzerland,Europe,no,1,ac,200,6,NA,NA,180,5,pH_donor_lactate_LUB,E. limosum + P. avidum ,CO2,0,100,0,V3_V4,6-month-old infants,yes,0.5,2.5,1.5,0.075,0,0,0,0,0.5,0,4.5,0,0,0.5,0.61,0.01,0,0.05,0.8,4,0,0,0,6.4,0,0,0,0,0,0,0,0,0,0,0,0,0,0,0.5,0,1,4.5,0,0.0027,0,0,0,0,0,0,0,0,8.1,0,0,0,0,0,no,TR2,external bacteria
55,ERP114897,"Lactate metabolism is strongly modulated by fecal inoculum, pH and retention time in PolyFermS continuous colonic fermentation models mimicking young infant proximal colon",ERX3351898,ERR3327182,PolyFermS_Pham_et_al_2019,FFInfant,yes,OK,"no(exclude TR2,T3-fermentation2, TR4)",2_individual,Switzerland,Europe,no,1,ac,200,6,NA,NA,180,5,pH_donor_lactate_LUB,E. limosum + P. avidum ,CO2,0,100,0,V3_V4,6-month-old infants,yes,0.5,2.5,1.5,0.075,0,0,0,0,0.5,0,4.5,0,0,0.5,0.61,0.01,0,0.05,0.8,4,0,0,0,6.4,0,0,0,0,0,0,0,0,0,0,0,0,0,0,0.5,0,1,4.5,0,0.0027,0,0,0,0,0,0,0,0,8.1,0,0,0,0,0,yes,NA,NA
56,ERP114897,"Lactate metabolism is strongly modulated by fecal inoculum, pH and retention time in PolyFermS continuous colonic fermentation models mimicking young infant proximal colon",ERX3351897,ERR3327181,PolyFermS_Pham_et_al_2019,FFInfant,yes,OK,"no(exclude TR2,T3-fermentation2, TR4)",2_individual,Switzerland,Europe,no,1,ac,200,6,NA,NA,180,5,pH_donor_lactate_LUB,E. limosum + P. avidum ,CO2,0,100,0,V3_V4,6-month-old infants,yes,0.5,2.5,1.5,0.075,0,0,0,0,0.5,0,4.5,0,0,0.5,0.61,0.01,0,0.05,0.8,4,0,0,0,6.4,0,0,0,0,0,0,0,0,0,0,0,0,0,0,0.5,0,1,4.5,0,0.0027,0,0,0,0,0,0,0,0,8.1,0,0,0,0,0,yes,NA,NA
57,ERP114897,"Lactate metabolism is strongly modulated by fecal inoculum, pH and retention time in PolyFermS continuous colonic fermentation models mimicking young infant proximal colon",ERX3351896,ERR3327180,PolyFermS_Pham_et_al_2019,FFInfant,yes,OK,"no(exclude TR2,T3-fermentation2, TR4)",2_individual,Switzerland,Europe,no,1,ac,200,6,NA,NA,180,5,pH_donor_lactate_LUB,E. limosum + P. avidum ,CO2,0,100,0,V3_V4,6-month-old infants,yes,0.5,2.5,1.5,0.075,0,0,0,0,0.5,0,4.5,0,0,0.5,0.61,0.01,0,0.05,0.8,4,0,0,0,6.4,0,0,0,0,0,0,0,0,0,0,0,0,0,0,0.5,0,1,4.5,0,0.0027,0,0,0,0,0,0,0,0,8.1,0,0,0,0,0,no,Positivecontrol,external bacteria
58,ERP114897,"Lactate metabolism is strongly modulated by fecal inoculum, pH and retention time in PolyFermS continuous colonic fermentation models mimicking young infant proximal colon",ERX3351895,ERR3327179,PolyFermS_Pham_et_al_2019,FFInfant,yes,OK,"no(exclude TR2,T3-fermentation2, TR4)",2_individual,Switzerland,Europe,no,1,ac,200,6,NA,NA,180,5,pH_donor_lactate_LUB,E. limosum + P. avidum ,CO2,0,100,0,V3_V4,6-month-old infants,yes,0.5,2.5,1.5,0.075,0,0,0,0,0.5,0,4.5,0,0,0.5,0.61,0.01,0,0.05,0.8,4,0,0,0,6.4,0,0,0,0,0,0,0,0,0,0,0,0,0,0,0.5,0,1,4.5,0,0.0027,0,0,0,0,0,0,0,0,8.1,0,0,0,0,0,no,MOCKcommunity,external bacteria
59,ERP114897,"Lactate metabolism is strongly modulated by fecal inoculum, pH and retention time in PolyFermS continuous colonic fermentation models mimicking young infant proximal colon",ERX3351894,ERR3327178,PolyFermS_Pham_et_al_2019,FFInfant,yes,OK,"no(exclude TR2,T3-fermentation2, TR4)",2_individual,Switzerland,Europe,no,1,ac,200,6,NA,NA,180,5,pH_donor_lactate_LUB,E. limosum + P. avidum ,CO2,0,100,0,V3_V4,6-month-old infants,yes,0.5,2.5,1.5,0.075,0,0,0,0,0.5,0,4.5,0,0,0.5,0.61,0.01,0,0.05,0.8,4,0,0,0,6.4,0,0,0,0,0,0,0,0,0,0,0,0,0,0,0.5,0,1,4.5,0,0.0027,0,0,0,0,0,0,0,0,8.1,0,0,0,0,0,no,TR4,external bacteria
60,ERP114897,"Lactate metabolism is strongly modulated by fecal inoculum, pH and retention time in PolyFermS continuous colonic fermentation models mimicking young infant proximal colon",ERX3351893,ERR3327177,PolyFermS_Pham_et_al_2019,FFInfant,yes,OK,"no(exclude TR2,T3-fermentation2, TR4)",2_individual,Switzerland,Europe,no,1,ac,200,6,NA,NA,180,5,pH_donor_lactate_LUB,E. limosum + P. avidum ,CO2,0,100,0,V3_V4,6-month-old infants,yes,0.5,2.5,1.5,0.075,0,0,0,0,0.5,0,4.5,0,0,0.5,0.61,0.01,0,0.05,0.8,4,0,0,0,6.4,0,0,0,0,0,0,0,0,0,0,0,0,0,0,0.5,0,1,4.5,0,0.0027,0,0,0,0,0,0,0,0,8.1,0,0,0,0,0,no,TR4,external bacteria
61,ERP114897,"Lactate metabolism is strongly modulated by fecal inoculum, pH and retention time in PolyFermS continuous colonic fermentation models mimicking young infant proximal colon",ERX3351892,ERR3327176,PolyFermS_Pham_et_al_2019,FFInfant,yes,OK,"no(exclude TR2,T3-fermentation2, TR4)",2_individual,Switzerland,Europe,no,1,ac,200,6,NA,NA,180,5,pH_donor_lactate_LUB,E. limosum + P. avidum ,CO2,0,100,0,V3_V4,6-month-old infants,yes,0.5,2.5,1.5,0.075,0,0,0,0,0.5,0,4.5,0,0,0.5,0.61,0.01,0,0.05,0.8,4,0,0,0,6.4,0,0,0,0,0,0,0,0,0,0,0,0,0,0,0.5,0,1,4.5,0,0.0027,0,0,0,0,0,0,0,0,8.1,0,0,0,0,0,no,TR4,external bacteria
62,ERP114897,"Lactate metabolism is strongly modulated by fecal inoculum, pH and retention time in PolyFermS continuous colonic fermentation models mimicking young infant proximal colon",ERX3351891,ERR3327175,PolyFermS_Pham_et_al_2019,FFInfant,yes,OK,"no(exclude TR2,T3-fermentation2, TR4)",2_individual,Switzerland,Europe,no,1,ac,200,6,NA,NA,180,5,pH_donor_lactate_LUB,E. limosum + P. avidum ,CO2,0,100,0,V3_V4,6-month-old infants,yes,0.5,2.5,1.5,0.075,0,0,0,0,0.5,0,4.5,0,0,0.5,0.61,0.01,0,0.05,0.8,4,0,0,0,6.4,0,0,0,0,0,0,0,0,0,0,0,0,0,0,0.5,0,1,4.5,0,0.0027,0,0,0,0,0,0,0,0,8.1,0,0,0,0,0,no,TR4,external bacteria
63,ERP114897,"Lactate metabolism is strongly modulated by fecal inoculum, pH and retention time in PolyFermS continuous colonic fermentation models mimicking young infant proximal colon",ERX3351890,ERR3327174,PolyFermS_Pham_et_al_2019,FFInfant,yes,OK,"no(exclude TR2,T3-fermentation2, TR4)",2_individual,Switzerland,Europe,no,1,ac,200,6,NA,NA,180,5,pH_donor_lactate_LUB,E. limosum + P. avidum ,CO2,0,100,0,V3_V4,6-month-old infants,yes,0.5,2.5,1.5,0.075,0,0,0,0,0.5,0,4.5,0,0,0.5,0.61,0.01,0,0.05,0.8,4,0,0,0,6.4,0,0,0,0,0,0,0,0,0,0,0,0,0,0,0.5,0,1,4.5,0,0.0027,0,0,0,0,0,0,0,0,8.1,0,0,0,0,0,no,TR3,external bacteria
64,ERP114897,"Lactate metabolism is strongly modulated by fecal inoculum, pH and retention time in PolyFermS continuous colonic fermentation models mimicking young infant proximal colon",ERX3351889,ERR3327173,PolyFermS_Pham_et_al_2019,FFInfant,yes,OK,"no(exclude TR2,T3-fermentation2, TR4)",2_individual,Switzerland,Europe,no,1,ac,200,6,NA,NA,180,5,pH_donor_lactate_LUB,E. limosum + P. avidum ,CO2,0,100,0,V3_V4,6-month-old infants,yes,0.5,2.5,1.5,0.075,0,0,0,0,0.5,0,4.5,0,0,0.5,0.61,0.01,0,0.05,0.8,4,0,0,0,6.4,0,0,0,0,0,0,0,0,0,0,0,0,0,0,0.5,0,1,4.5,0,0.0027,0,0,0,0,0,0,0,0,8.1,0,0,0,0,0,no,TR3,external bacteria
65,ERP114897,"Lactate metabolism is strongly modulated by fecal inoculum, pH and retention time in PolyFermS continuous colonic fermentation models mimicking young infant proximal colon",ERX3351888,ERR3327172,PolyFermS_Pham_et_al_2019,FFInfant,yes,OK,"no(exclude TR2,T3-fermentation2, TR4)",2_individual,Switzerland,Europe,no,1,ac,200,6,NA,NA,180,5,pH_donor_lactate_LUB,E. limosum + P. avidum ,CO2,0,100,0,V3_V4,6-month-old infants,yes,0.5,2.5,1.5,0.075,0,0,0,0,0.5,0,4.5,0,0,0.5,0.61,0.01,0,0.05,0.8,4,0,0,0,6.4,0,0,0,0,0,0,0,0,0,0,0,0,0,0,0.5,0,1,4.5,0,0.0027,0,0,0,0,0,0,0,0,8.1,0,0,0,0,0,no,TR3,external bacteria
66,ERP114897,"Lactate metabolism is strongly modulated by fecal inoculum, pH and retention time in PolyFermS continuous colonic fermentation models mimicking young infant proximal colon",ERX3351887,ERR3327171,PolyFermS_Pham_et_al_2019,FFInfant,yes,OK,"no(exclude TR2,T3-fermentation2, TR4)",2_individual,Switzerland,Europe,no,1,ac,200,6,NA,NA,180,5,pH_donor_lactate_LUB,E. limosum + P. avidum ,CO2,0,100,0,V3_V4,6-month-old infants,yes,0.5,2.5,1.5,0.075,0,0,0,0,0.5,0,4.5,0,0,0.5,0.61,0.01,0,0.05,0.8,4,0,0,0,6.4,0,0,0,0,0,0,0,0,0,0,0,0,0,0,0.5,0,1,4.5,0,0.0027,0,0,0,0,0,0,0,0,8.1,0,0,0,0,0,no,TR3,external bacteria
67,ERP114897,"Lactate metabolism is strongly modulated by fecal inoculum, pH and retention time in PolyFermS continuous colonic fermentation models mimicking young infant proximal colon",ERX3351886,ERR3327170,PolyFermS_Pham_et_al_2019,FFInfant,yes,OK,"no(exclude TR2,T3-fermentation2, TR4)",2_individual,Switzerland,Europe,no,1,ac,200,6,NA,NA,180,5,pH_donor_lactate_LUB,E. limosum + P. avidum ,CO2,0,100,0,V3_V4,6-month-old infants,yes,0.5,2.5,1.5,0.075,0,0,0,0,0.5,0,4.5,0,0,0.5,0.61,0.01,0,0.05,0.8,4,0,0,0,6.4,0,0,0,0,0,0,0,0,0,0,0,0,0,0,0.5,0,1,4.5,0,0.0027,0,0,0,0,0,0,0,0,8.1,0,0,0,0,0,no,TR2,external bacteria
68,ERP114897,"Lactate metabolism is strongly modulated by fecal inoculum, pH and retention time in PolyFermS continuous colonic fermentation models mimicking young infant proximal colon",ERX3351885,ERR3327169,PolyFermS_Pham_et_al_2019,FFInfant,yes,OK,"no(exclude TR2,T3-fermentation2, TR4)",2_individual,Switzerland,Europe,no,1,ac,200,6,NA,NA,180,5,pH_donor_lactate_LUB,E. limosum + P. avidum ,CO2,0,100,0,V3_V4,6-month-old infants,yes,0.5,2.5,1.5,0.075,0,0,0,0,0.5,0,4.5,0,0,0.5,0.61,0.01,0,0.05,0.8,4,0,0,0,6.4,0,0,0,0,0,0,0,0,0,0,0,0,0,0,0.5,0,1,4.5,0,0.0027,0,0,0,0,0,0,0,0,8.1,0,0,0,0,0,no,TR2,external bacteria
69,ERP114897,"Lactate metabolism is strongly modulated by fecal inoculum, pH and retention time in PolyFermS continuous colonic fermentation models mimicking young infant proximal colon",ERX3351884,ERR3327168,PolyFermS_Pham_et_al_2019,FFInfant,yes,OK,"no(exclude TR2,T3-fermentation2, TR4)",2_individual,Switzerland,Europe,no,1,ac,200,6,NA,NA,180,5,pH_donor_lactate_LUB,E. limosum + P. avidum ,CO2,0,100,0,V3_V4,6-month-old infants,yes,0.5,2.5,1.5,0.075,0,0,0,0,0.5,0,4.5,0,0,0.5,0.61,0.01,0,0.05,0.8,4,0,0,0,6.4,0,0,0,0,0,0,0,0,0,0,0,0,0,0,0.5,0,1,4.5,0,0.0027,0,0,0,0,0,0,0,0,8.1,0,0,0,0,0,no,TR2,external bacteria
70,ERP114897,"Lactate metabolism is strongly modulated by fecal inoculum, pH and retention time in PolyFermS continuous colonic fermentation models mimicking young infant proximal colon",ERX3351883,ERR3327167,PolyFermS_Pham_et_al_2019,FFInfant,yes,OK,"no(exclude TR2,T3-fermentation2, TR4)",2_individual,Switzerland,Europe,no,1,ac,200,6,NA,NA,180,5,pH_donor_lactate_LUB,E. limosum + P. avidum ,CO2,0,100,0,V3_V4,6-month-old infants,yes,0.5,2.5,1.5,0.075,0,0,0,0,0.5,0,4.5,0,0,0.5,0.61,0.01,0,0.05,0.8,4,0,0,0,6.4,0,0,0,0,0,0,0,0,0,0,0,0,0,0,0.5,0,1,4.5,0,0.0027,0,0,0,0,0,0,0,0,8.1,0,0,0,0,0,yes,NA,NA
71,ERP114897,"Lactate metabolism is strongly modulated by fecal inoculum, pH and retention time in PolyFermS continuous colonic fermentation models mimicking young infant proximal colon",ERX3351882,ERR3327166,PolyFermS_Pham_et_al_2019,FFInfant,yes,OK,"no(exclude TR2,T3-fermentation2, TR4)",2_individual,Switzerland,Europe,no,1,ac,200,6,NA,NA,180,5,pH_donor_lactate_LUB,E. limosum + P. avidum ,CO2,0,100,0,V3_V4,6-month-old infants,yes,0.5,2.5,1.5,0.075,0,0,0,0,0.5,0,4.5,0,0,0.5,0.61,0.01,0,0.05,0.8,4,0,0,0,6.4,0,0,0,0,0,0,0,0,0,0,0,0,0,0,0.5,0,1,4.5,0,0.0027,0,0,0,0,0,0,0,0,8.1,0,0,0,0,0,yes,NA,NA
72,ERP114897,"Lactate metabolism is strongly modulated by fecal inoculum, pH and retention time in PolyFermS continuous colonic fermentation models mimicking young infant proximal colon",ERX3351881,ERR3327165,PolyFermS_Pham_et_al_2019,FFInfant,yes,OK,"no(exclude TR2,T3-fermentation2, TR4)",2_individual,Switzerland,Europe,no,1,ac,200,6,NA,NA,180,5,pH_donor_lactate_LUB,E. limosum + P. avidum ,CO2,0,100,0,V3_V4,6-month-old infants,yes,0.5,2.5,1.5,0.075,0,0,0,0,0.5,0,4.5,0,0,0.5,0.61,0.01,0,0.05,0.8,4,0,0,0,6.4,0,0,0,0,0,0,0,0,0,0,0,0,0,0,0.5,0,1,4.5,0,0.0027,0,0,0,0,0,0,0,0,8.1,0,0,0,0,0,yes,NA,NA
73,ERP114897,"Lactate metabolism is strongly modulated by fecal inoculum, pH and retention time in PolyFermS continuous colonic fermentation models mimicking young infant proximal colon",ERX3351880,ERR3327164,PolyFermS_Pham_et_al_2019,FFInfant,yes,OK,"no(exclude TR2,T3-fermentation2, TR4)",2_individual,Switzerland,Europe,no,1,ac,200,6,NA,NA,180,5,pH_donor_lactate_LUB,E. limosum + P. avidum ,CO2,0,100,0,V3_V4,6-month-old infants,yes,0.5,2.5,1.5,0.075,0,0,0,0,0.5,0,4.5,0,0,0.5,0.61,0.01,0,0.05,0.8,4,0,0,0,6.4,0,0,0,0,0,0,0,0,0,0,0,0,0,0,0.5,0,1,4.5,0,0.0027,0,0,0,0,0,0,0,0,8.1,0,0,0,0,0,yes,NA,NA
74,ERP114897,"Lactate metabolism is strongly modulated by fecal inoculum, pH and retention time in PolyFermS continuous colonic fermentation models mimicking young infant proximal colon",ERX3351879,ERR3327163,PolyFermS_Pham_et_al_2019,FFInfant,yes,OK,"no(exclude TR2,T3-fermentation2, TR4)",2_individual,Switzerland,Europe,no,1,ac,200,6,NA,NA,180,5,pH_donor_lactate_LUB,E. limosum + P. avidum ,CO2,0,100,0,V3_V4,6-month-old infants,yes,0.5,2.5,1.5,0.075,0,0,0,0,0.5,0,4.5,0,0,0.5,0.61,0.01,0,0.05,0.8,4,0,0,0,6.4,0,0,0,0,0,0,0,0,0,0,0,0,0,0,0.5,0,1,4.5,0,0.0027,0,0,0,0,0,0,0,0,8.1,0,0,0,0,0,yes,NA,NA
75,ERP114897,"Lactate metabolism is strongly modulated by fecal inoculum, pH and retention time in PolyFermS continuous colonic fermentation models mimicking young infant proximal colon",ERX3351878,ERR3327162,PolyFermS_Pham_et_al_2019,FFInfant,yes,OK,"no(exclude TR2,T3-fermentation2, TR4)",2_individual,Switzerland,Europe,no,1,ac,200,6,NA,NA,180,5,pH_donor_lactate_LUB,E. limosum + P. avidum ,CO2,0,100,0,V3_V4,6-month-old infants,yes,0.5,2.5,1.5,0.075,0,0,0,0,0.5,0,4.5,0,0,0.5,0.61,0.01,0,0.05,0.8,4,0,0,0,6.4,0,0,0,0,0,0,0,0,0,0,0,0,0,0,0.5,0,1,4.5,0,0.0027,0,0,0,0,0,0,0,0,8.1,0,0,0,0,0,yes,NA,NA
76,ERP114897,"Lactate metabolism is strongly modulated by fecal inoculum, pH and retention time in PolyFermS continuous colonic fermentation models mimicking young infant proximal colon",ERX3351877,ERR3327161,PolyFermS_Pham_et_al_2019,FFInfant,yes,OK,"no(exclude TR2,T3-fermentation2, TR4)",2_individual,Switzerland,Europe,no,1,ac,200,6,NA,NA,180,5,pH_donor_lactate_LUB,E. limosum + P. avidum ,CO2,0,100,0,V3_V4,6-month-old infants,yes,0.5,2.5,1.5,0.075,0,0,0,0,0.5,0,4.5,0,0,0.5,0.61,0.01,0,0.05,0.8,4,0,0,0,6.4,0,0,0,0,0,0,0,0,0,0,0,0,0,0,0.5,0,1,4.5,0,0.0027,0,0,0,0,0,0,0,0,8.1,0,0,0,0,0,yes,NA,NA
77,ERP114897,"Lactate metabolism is strongly modulated by fecal inoculum, pH and retention time in PolyFermS continuous colonic fermentation models mimicking young infant proximal colon",ERX3351876,ERR3327160,PolyFermS_Pham_et_al_2019,FFInfant,yes,OK,"no(exclude TR2,T3-fermentation2, TR4)",2_individual,Switzerland,Europe,no,1,ac,200,6,NA,NA,180,5,pH_donor_lactate_LUB,E. limosum + P. avidum ,CO2,0,100,0,V3_V4,6-month-old infants,yes,0.5,2.5,1.5,0.075,0,0,0,0,0.5,0,4.5,0,0,0.5,0.61,0.01,0,0.05,0.8,4,0,0,0,6.4,0,0,0,0,0,0,0,0,0,0,0,0,0,0,0.5,0,1,4.5,0,0.0027,0,0,0,0,0,0,0,0,8.1,0,0,0,0,0,yes,NA,NA
78,ERP114897,"Lactate metabolism is strongly modulated by fecal inoculum, pH and retention time in PolyFermS continuous colonic fermentation models mimicking young infant proximal colon",ERX3351875,ERR3327159,PolyFermS_Pham_et_al_2019,FFInfant,yes,OK,"no(exclude TR2,T3-fermentation2, TR4)",2_individual,Switzerland,Europe,no,1,ac,200,6,NA,NA,180,5,pH_donor_lactate_LUB,E. limosum + P. avidum ,CO2,0,100,0,V3_V4,6-month-old infants,yes,0.5,2.5,1.5,0.075,0,0,0,0,0.5,0,4.5,0,0,0.5,0.61,0.01,0,0.05,0.8,4,0,0,0,6.4,0,0,0,0,0,0,0,0,0,0,0,0,0,0,0.5,0,1,4.5,0,0.0027,0,0,0,0,0,0,0,0,8.1,0,0,0,0,0,yes,NA,NA
79,ERP114897,"Lactate metabolism is strongly modulated by fecal inoculum, pH and retention time in PolyFermS continuous colonic fermentation models mimicking young infant proximal colon",ERX3351874,ERR3327158,PolyFermS_Pham_et_al_2019,FFInfant,yes,OK,"no(exclude TR2,T3-fermentation2, TR4)",2_individual,Switzerland,Europe,no,1,ac,200,6,NA,NA,180,5,pH_donor_lactate_LUB,E. limosum + P. avidum ,CO2,0,100,0,V3_V4,6-month-old infants,yes,0.5,2.5,1.5,0.075,0,0,0,0,0.5,0,4.5,0,0,0.5,0.61,0.01,0,0.05,0.8,4,0,0,0,6.4,0,0,0,0,0,0,0,0,0,0,0,0,0,0,0.5,0,1,4.5,0,0.0027,0,0,0,0,0,0,0,0,8.1,0,0,0,0,0,yes,NA,NA
80,ERP114897,"Lactate metabolism is strongly modulated by fecal inoculum, pH and retention time in PolyFermS continuous colonic fermentation models mimicking young infant proximal colon",ERX3351873,ERR3327157,PolyFermS_Pham_et_al_2019,FFInfant,yes,OK,"no(exclude TR2,T3-fermentation2, TR4)",2_individual,Switzerland,Europe,no,1,ac,200,6,NA,NA,180,5,pH_donor_lactate_LUB,E. limosum + P. avidum ,CO2,0,100,0,V3_V4,6-month-old infants,yes,0.5,2.5,1.5,0.075,0,0,0,0,0.5,0,4.5,0,0,0.5,0.61,0.01,0,0.05,0.8,4,0,0,0,6.4,0,0,0,0,0,0,0,0,0,0,0,0,0,0,0.5,0,1,4.5,0,0.0027,0,0,0,0,0,0,0,0,8.1,0,0,0,0,0,yes,NA,NA
81,ERP114897,"Lactate metabolism is strongly modulated by fecal inoculum, pH and retention time in PolyFermS continuous colonic fermentation models mimicking young infant proximal colon",ERX3351872,ERR3327156,PolyFermS_Pham_et_al_2019,FFInfant,yes,OK,"no(exclude TR2,T3-fermentation2, TR4)",2_individual,Switzerland,Europe,no,1,ac,200,6,NA,NA,180,5,pH_donor_lactate_LUB,E. limosum + P. avidum ,CO2,0,100,0,V3_V4,6-month-old infants,yes,0.5,2.5,1.5,0.075,0,0,0,0,0.5,0,4.5,0,0,0.5,0.61,0.01,0,0.05,0.8,4,0,0,0,6.4,0,0,0,0,0,0,0,0,0,0,0,0,0,0,0.5,0,1,4.5,0,0.0027,0,0,0,0,0,0,0,0,8.1,0,0,0,0,0,yes,NA,NA
82,ERP114897,"Lactate metabolism is strongly modulated by fecal inoculum, pH and retention time in PolyFermS continuous colonic fermentation models mimicking young infant proximal colon",ERX3351871,ERR3327155,PolyFermS_Pham_et_al_2019,FFInfant,yes,OK,"no(exclude TR2,T3-fermentation2, TR4)",2_individual,Switzerland,Europe,no,1,ac,200,6,NA,NA,180,5,pH_donor_lactate_LUB,E. limosum + P. avidum ,CO2,0,100,0,V3_V4,6-month-old infants,yes,0.5,2.5,1.5,0.075,0,0,0,0,0.5,0,4.5,0,0,0.5,0.61,0.01,0,0.05,0.8,4,0,0,0,6.4,0,0,0,0,0,0,0,0,0,0,0,0,0,0,0.5,0,1,4.5,0,0.0027,0,0,0,0,0,0,0,0,8.1,0,0,0,0,0,no,TR4,external bacteria
83,ERP114897,"Lactate metabolism is strongly modulated by fecal inoculum, pH and retention time in PolyFermS continuous colonic fermentation models mimicking young infant proximal colon",ERX3351870,ERR3327154,PolyFermS_Pham_et_al_2019,FFInfant,yes,OK,"no(exclude TR2,T3-fermentation2, TR4)",2_individual,Switzerland,Europe,no,1,ac,200,6,NA,NA,180,5,pH_donor_lactate_LUB,E. limosum + P. avidum ,CO2,0,100,0,V3_V4,6-month-old infants,yes,0.5,2.5,1.5,0.075,0,0,0,0,0.5,0,4.5,0,0,0.5,0.61,0.01,0,0.05,0.8,4,0,0,0,6.4,0,0,0,0,0,0,0,0,0,0,0,0,0,0,0.5,0,1,4.5,0,0.0027,0,0,0,0,0,0,0,0,8.1,0,0,0,0,0,no,TR4,external bacteria
84,ERP114897,"Lactate metabolism is strongly modulated by fecal inoculum, pH and retention time in PolyFermS continuous colonic fermentation models mimicking young infant proximal colon",ERX3351869,ERR3327153,PolyFermS_Pham_et_al_2019,FFInfant,yes,OK,"no(exclude TR2,T3-fermentation2, TR4)",2_individual,Switzerland,Europe,no,1,ac,200,6,NA,NA,180,5,pH_donor_lactate_LUB,E. limosum + P. avidum ,CO2,0,100,0,V3_V4,6-month-old infants,yes,0.5,2.5,1.5,0.075,0,0,0,0,0.5,0,4.5,0,0,0.5,0.61,0.01,0,0.05,0.8,4,0,0,0,6.4,0,0,0,0,0,0,0,0,0,0,0,0,0,0,0.5,0,1,4.5,0,0.0027,0,0,0,0,0,0,0,0,8.1,0,0,0,0,0,no,TR4,external bacteria
85,ERP114897,"Lactate metabolism is strongly modulated by fecal inoculum, pH and retention time in PolyFermS continuous colonic fermentation models mimicking young infant proximal colon",ERX3351868,ERR3327152,PolyFermS_Pham_et_al_2019,FFInfant,yes,OK,"no(exclude TR2,T3-fermentation2, TR4)",2_individual,Switzerland,Europe,no,1,ac,200,6,NA,NA,180,5,pH_donor_lactate_LUB,E. limosum + P. avidum ,CO2,0,100,0,V3_V4,6-month-old infants,yes,0.5,2.5,1.5,0.075,0,0,0,0,0.5,0,4.5,0,0,0.5,0.61,0.01,0,0.05,0.8,4,0,0,0,6.4,0,0,0,0,0,0,0,0,0,0,0,0,0,0,0.5,0,1,4.5,0,0.0027,0,0,0,0,0,0,0,0,8.1,0,0,0,0,0,no,TR4,external bacteria
86,ERP114897,"Lactate metabolism is strongly modulated by fecal inoculum, pH and retention time in PolyFermS continuous colonic fermentation models mimicking young infant proximal colon",ERX3351867,ERR3327151,PolyFermS_Pham_et_al_2019,FFInfant,yes,OK,"no(exclude TR2,T3-fermentation2, TR4)",2_individual,Switzerland,Europe,no,1,ac,200,6,NA,NA,180,5,pH_donor_lactate_LUB,E. limosum + P. avidum ,CO2,0,100,0,V3_V4,6-month-old infants,yes,0.5,2.5,1.5,0.075,0,0,0,0,0.5,0,4.5,0,0,0.5,0.61,0.01,0,0.05,0.8,4,0,0,0,6.4,0,0,0,0,0,0,0,0,0,0,0,0,0,0,0.5,0,1,4.5,0,0.0027,0,0,0,0,0,0,0,0,8.1,0,0,0,0,0,no,TR3,external bacteria
87,ERP114897,"Lactate metabolism is strongly modulated by fecal inoculum, pH and retention time in PolyFermS continuous colonic fermentation models mimicking young infant proximal colon",ERX3351866,ERR3327150,PolyFermS_Pham_et_al_2019,FFInfant,yes,OK,"no(exclude TR2,T3-fermentation2, TR4)",2_individual,Switzerland,Europe,no,1,ac,200,6,NA,NA,180,5,pH_donor_lactate_LUB,E. limosum + P. avidum ,CO2,0,100,0,V3_V4,6-month-old infants,yes,0.5,2.5,1.5,0.075,0,0,0,0,0.5,0,4.5,0,0,0.5,0.61,0.01,0,0.05,0.8,4,0,0,0,6.4,0,0,0,0,0,0,0,0,0,0,0,0,0,0,0.5,0,1,4.5,0,0.0027,0,0,0,0,0,0,0,0,8.1,0,0,0,0,0,no,TR3,external bacteria
88,ERP114897,"Lactate metabolism is strongly modulated by fecal inoculum, pH and retention time in PolyFermS continuous colonic fermentation models mimicking young infant proximal colon",ERX3351865,ERR3327149,PolyFermS_Pham_et_al_2019,FFInfant,yes,OK,"no(exclude TR2,T3-fermentation2, TR4)",2_individual,Switzerland,Europe,no,1,ac,200,6,NA,NA,180,5,pH_donor_lactate_LUB,E. limosum + P. avidum ,CO2,0,100,0,V3_V4,6-month-old infants,yes,0.5,2.5,1.5,0.075,0,0,0,0,0.5,0,4.5,0,0,0.5,0.61,0.01,0,0.05,0.8,4,0,0,0,6.4,0,0,0,0,0,0,0,0,0,0,0,0,0,0,0.5,0,1,4.5,0,0.0027,0,0,0,0,0,0,0,0,8.1,0,0,0,0,0,no,TR3,external bacteria
89,ERP114897,"Lactate metabolism is strongly modulated by fecal inoculum, pH and retention time in PolyFermS continuous colonic fermentation models mimicking young infant proximal colon",ERX3351864,ERR3327148,PolyFermS_Pham_et_al_2019,FFInfant,yes,OK,"no(exclude TR2,T3-fermentation2, TR4)",2_individual,Switzerland,Europe,no,1,ac,200,6,NA,NA,180,5,pH_donor_lactate_LUB,E. limosum + P. avidum ,CO2,0,100,0,V3_V4,6-month-old infants,yes,0.5,2.5,1.5,0.075,0,0,0,0,0.5,0,4.5,0,0,0.5,0.61,0.01,0,0.05,0.8,4,0,0,0,6.4,0,0,0,0,0,0,0,0,0,0,0,0,0,0,0.5,0,1,4.5,0,0.0027,0,0,0,0,0,0,0,0,8.1,0,0,0,0,0,no,TR3,external bacteria
90,ERP114897,"Lactate metabolism is strongly modulated by fecal inoculum, pH and retention time in PolyFermS continuous colonic fermentation models mimicking young infant proximal colon",ERX3351863,ERR3327147,PolyFermS_Pham_et_al_2019,FFInfant,yes,OK,"no(exclude TR2,T3-fermentation2, TR4)",2_individual,Switzerland,Europe,no,1,ac,200,6,NA,NA,180,5,pH_donor_lactate_LUB,E. limosum + P. avidum ,CO2,0,100,0,V3_V4,6-month-old infants,yes,0.5,2.5,1.5,0.075,0,0,0,0,0.5,0,4.5,0,0,0.5,0.61,0.01,0,0.05,0.8,4,0,0,0,6.4,0,0,0,0,0,0,0,0,0,0,0,0,0,0,0.5,0,1,4.5,0,0.0027,0,0,0,0,0,0,0,0,8.1,0,0,0,0,0,no,TR2,external bacteria
91,ERP114897,"Lactate metabolism is strongly modulated by fecal inoculum, pH and retention time in PolyFermS continuous colonic fermentation models mimicking young infant proximal colon",ERX3351862,ERR3327146,PolyFermS_Pham_et_al_2019,FFInfant,yes,OK,"no(exclude TR2,T3-fermentation2, TR4)",2_individual,Switzerland,Europe,no,1,ac,200,6,NA,NA,180,5,pH_donor_lactate_LUB,E. limosum + P. avidum ,CO2,0,100,0,V3_V4,6-month-old infants,yes,0.5,2.5,1.5,0.075,0,0,0,0,0.5,0,4.5,0,0,0.5,0.61,0.01,0,0.05,0.8,4,0,0,0,6.4,0,0,0,0,0,0,0,0,0,0,0,0,0,0,0.5,0,1,4.5,0,0.0027,0,0,0,0,0,0,0,0,8.1,0,0,0,0,0,no,TR2,external bacteria
92,ERP114897,"Lactate metabolism is strongly modulated by fecal inoculum, pH and retention time in PolyFermS continuous colonic fermentation models mimicking young infant proximal colon",ERX3351861,ERR3327145,PolyFermS_Pham_et_al_2019,FFInfant,yes,OK,"no(exclude TR2,T3-fermentation2, TR4)",2_individual,Switzerland,Europe,no,1,ac,200,6,NA,NA,180,5,pH_donor_lactate_LUB,E. limosum + P. avidum ,CO2,0,100,0,V3_V4,6-month-old infants,yes,0.5,2.5,1.5,0.075,0,0,0,0,0.5,0,4.5,0,0,0.5,0.61,0.01,0,0.05,0.8,4,0,0,0,6.4,0,0,0,0,0,0,0,0,0,0,0,0,0,0,0.5,0,1,4.5,0,0.0027,0,0,0,0,0,0,0,0,8.1,0,0,0,0,0,no,TR2,external bacteria
93,ERP114897,"Lactate metabolism is strongly modulated by fecal inoculum, pH and retention time in PolyFermS continuous colonic fermentation models mimicking young infant proximal colon",ERX3351860,ERR3327144,PolyFermS_Pham_et_al_2019,FFInfant,yes,OK,"no(exclude TR2,T3-fermentation2, TR4)",2_individual,Switzerland,Europe,no,1,ac,200,6,NA,NA,180,5,pH_donor_lactate_LUB,E. limosum + P. avidum ,CO2,0,100,0,V3_V4,6-month-old infants,yes,0.5,2.5,1.5,0.075,0,0,0,0,0.5,0,4.5,0,0,0.5,0.61,0.01,0,0.05,0.8,4,0,0,0,6.4,0,0,0,0,0,0,0,0,0,0,0,0,0,0,0.5,0,1,4.5,0,0.0027,0,0,0,0,0,0,0,0,8.1,0,0,0,0,0,no,TR2,external bacteria
94,ERP114897,"Lactate metabolism is strongly modulated by fecal inoculum, pH and retention time in PolyFermS continuous colonic fermentation models mimicking young infant proximal colon",ERX3351859,ERR3327143,PolyFermS_Pham_et_al_2019,FFInfant,yes,OK,"no(exclude TR2,T3-fermentation2, TR4)",2_individual,Switzerland,Europe,no,1,ac,200,6,NA,NA,180,5,pH_donor_lactate_LUB,E. limosum + P. avidum ,CO2,0,100,0,V3_V4,6-month-old infants,yes,0.5,2.5,1.5,0.075,0,0,0,0,0.5,0,4.5,0,0,0.5,0.61,0.01,0,0.05,0.8,4,0,0,0,6.4,0,0,0,0,0,0,0,0,0,0,0,0,0,0,0.5,0,1,4.5,0,0.0027,0,0,0,0,0,0,0,0,8.1,0,0,0,0,0,yes,NA,NA
95,ERP114897,"Lactate metabolism is strongly modulated by fecal inoculum, pH and retention time in PolyFermS continuous colonic fermentation models mimicking young infant proximal colon",ERX3351858,ERR3327142,PolyFermS_Pham_et_al_2019,FFInfant,yes,OK,"no(exclude TR2,T3-fermentation2, TR4)",2_individual,Switzerland,Europe,no,1,ac,200,6,NA,NA,180,5,pH_donor_lactate_LUB,E. limosum + P. avidum ,CO2,0,100,0,V3_V4,6-month-old infants,yes,0.5,2.5,1.5,0.075,0,0,0,0,0.5,0,4.5,0,0,0.5,0.61,0.01,0,0.05,0.8,4,0,0,0,6.4,0,0,0,0,0,0,0,0,0,0,0,0,0,0,0.5,0,1,4.5,0,0.0027,0,0,0,0,0,0,0,0,8.1,0,0,0,0,0,yes,NA,NA
96,ERP114897,"Lactate metabolism is strongly modulated by fecal inoculum, pH and retention time in PolyFermS continuous colonic fermentation models mimicking young infant proximal colon",ERX3351857,ERR3327141,PolyFermS_Pham_et_al_2019,FFInfant,yes,OK,"no(exclude TR2,T3-fermentation2, TR4)",2_individual,Switzerland,Europe,no,1,ac,200,6,NA,NA,180,5,pH_donor_lactate_LUB,E. limosum + P. avidum ,CO2,0,100,0,V3_V4,6-month-old infants,yes,0.5,2.5,1.5,0.075,0,0,0,0,0.5,0,4.5,0,0,0.5,0.61,0.01,0,0.05,0.8,4,0,0,0,6.4,0,0,0,0,0,0,0,0,0,0,0,0,0,0,0.5,0,1,4.5,0,0.0027,0,0,0,0,0,0,0,0,8.1,0,0,0,0,0,yes,NA,NA
97,ERP114897,"Lactate metabolism is strongly modulated by fecal inoculum, pH and retention time in PolyFermS continuous colonic fermentation models mimicking young infant proximal colon",ERX3351856,ERR3327140,PolyFermS_Pham_et_al_2019,FFInfant,yes,OK,"no(exclude TR2,T3-fermentation2, TR4)",2_individual,Switzerland,Europe,no,1,ac,200,6,NA,NA,180,5,pH_donor_lactate_LUB,E. limosum + P. avidum ,CO2,0,100,0,V3_V4,6-month-old infants,yes,0.5,2.5,1.5,0.075,0,0,0,0,0.5,0,4.5,0,0,0.5,0.61,0.01,0,0.05,0.8,4,0,0,0,6.4,0,0,0,0,0,0,0,0,0,0,0,0,0,0,0.5,0,1,4.5,0,0.0027,0,0,0,0,0,0,0,0,8.1,0,0,0,0,0,yes,NA,NA
98,ERP114897,"Lactate metabolism is strongly modulated by fecal inoculum, pH and retention time in PolyFermS continuous colonic fermentation models mimicking young infant proximal colon",ERX3351855,ERR3327139,PolyFermS_Pham_et_al_2019,FFInfant,yes,OK,"no(exclude TR2,T3-fermentation2, TR4)",2_individual,Switzerland,Europe,no,1,ac,200,6,NA,NA,180,5,pH_donor_lactate_LUB,E. limosum + P. avidum ,CO2,0,100,0,V3_V4,6-month-old infants,yes,0.5,2.5,1.5,0.075,0,0,0,0,0.5,0,4.5,0,0,0.5,0.61,0.01,0,0.05,0.8,4,0,0,0,6.4,0,0,0,0,0,0,0,0,0,0,0,0,0,0,0.5,0,1,4.5,0,0.0027,0,0,0,0,0,0,0,0,8.1,0,0,0,0,0,yes,NA,NA
99,ERP114897,"Lactate metabolism is strongly modulated by fecal inoculum, pH and retention time in PolyFermS continuous colonic fermentation models mimicking young infant proximal colon",ERX3351854,ERR3327138,PolyFermS_Pham_et_al_2019,FFInfant,yes,OK,"no(exclude TR2,T3-fermentation2, TR4)",2_individual,Switzerland,Europe,no,1,ac,200,6,NA,NA,180,5,pH_donor_lactate_LUB,E. limosum + P. avidum ,CO2,0,100,0,V3_V4,6-month-old infants,yes,0.5,2.5,1.5,0.075,0,0,0,0,0.5,0,4.5,0,0,0.5,0.61,0.01,0,0.05,0.8,4,0,0,0,6.4,0,0,0,0,0,0,0,0,0,0,0,0,0,0,0.5,0,1,4.5,0,0.0027,0,0,0,0,0,0,0,0,8.1,0,0,0,0,0,yes,NA,NA
100,ERP114897,"Lactate metabolism is strongly modulated by fecal inoculum, pH and retention time in PolyFermS continuous colonic fermentation models mimicking young infant proximal colon",ERX3351853,ERR3327137,PolyFermS_Pham_et_al_2019,FFInfant,yes,OK,"no(exclude TR2,T3-fermentation2, TR4)",2_individual,Switzerland,Europe,no,1,ac,200,6,NA,NA,180,5,pH_donor_lactate_LUB,E. limosum + P. avidum ,CO2,0,100,0,V3_V4,6-month-old infants,yes,0.5,2.5,1.5,0.075,0,0,0,0,0.5,0,4.5,0,0,0.5,0.61,0.01,0,0.05,0.8,4,0,0,0,6.4,0,0,0,0,0,0,0,0,0,0,0,0,0,0,0.5,0,1,4.5,0,0.0027,0,0,0,0,0,0,0,0,8.1,0,0,0,0,0,yes,NA,NA
101,ERP114897,"Lactate metabolism is strongly modulated by fecal inoculum, pH and retention time in PolyFermS continuous colonic fermentation models mimicking young infant proximal colon",ERX3351852,ERR3327136,PolyFermS_Pham_et_al_2019,FFInfant,yes,OK,"no(exclude TR2,T3-fermentation2, TR4)",2_individual,Switzerland,Europe,no,1,ac,200,6,NA,NA,180,5,pH_donor_lactate_LUB,E. limosum + P. avidum ,CO2,0,100,0,V3_V4,6-month-old infants,yes,0.5,2.5,1.5,0.075,0,0,0,0,0.5,0,4.5,0,0,0.5,0.61,0.01,0,0.05,0.8,4,0,0,0,6.4,0,0,0,0,0,0,0,0,0,0,0,0,0,0,0.5,0,1,4.5,0,0.0027,0,0,0,0,0,0,0,0,8.1,0,0,0,0,0,yes,NA,NA
102,ERP114897,"Lactate metabolism is strongly modulated by fecal inoculum, pH and retention time in PolyFermS continuous colonic fermentation models mimicking young infant proximal colon",ERX3351851,ERR3327135,PolyFermS_Pham_et_al_2019,FFInfant,yes,OK,"no(exclude TR2,T3-fermentation2, TR4)",2_individual,Switzerland,Europe,no,1,ac,200,6,NA,NA,180,5,pH_donor_lactate_LUB,E. limosum + P. avidum ,CO2,0,100,0,V3_V4,6-month-old infants,yes,0.5,2.5,1.5,0.075,0,0,0,0,0.5,0,4.5,0,0,0.5,0.61,0.01,0,0.05,0.8,4,0,0,0,6.4,0,0,0,0,0,0,0,0,0,0,0,0,0,0,0.5,0,1,4.5,0,0.0027,0,0,0,0,0,0,0,0,8.1,0,0,0,0,0,yes,NA,NA
103,ERP114897,"Lactate metabolism is strongly modulated by fecal inoculum, pH and retention time in PolyFermS continuous colonic fermentation models mimicking young infant proximal colon",ERX3351850,ERR3327134,PolyFermS_Pham_et_al_2019,FFInfant,yes,OK,"no(exclude TR2,T3-fermentation2, TR4)",2_individual,Switzerland,Europe,no,1,ac,200,6,NA,NA,180,5,pH_donor_lactate_LUB,E. limosum + P. avidum ,CO2,0,100,0,V3_V4,6-month-old infants,yes,0.5,2.5,1.5,0.075,0,0,0,0,0.5,0,4.5,0,0,0.5,0.61,0.01,0,0.05,0.8,4,0,0,0,6.4,0,0,0,0,0,0,0,0,0,0,0,0,0,0,0.5,0,1,4.5,0,0.0027,0,0,0,0,0,0,0,0,8.1,0,0,0,0,0,yes,NA,NA
104,ERP114897,"Lactate metabolism is strongly modulated by fecal inoculum, pH and retention time in PolyFermS continuous colonic fermentation models mimicking young infant proximal colon",ERX3351849,ERR3327133,PolyFermS_Pham_et_al_2019,FFInfant,yes,OK,"no(exclude TR2,T3-fermentation2, TR4)",2_individual,Switzerland,Europe,no,1,ac,200,6,NA,NA,180,5,pH_donor_lactate_LUB,E. limosum + P. avidum ,CO2,0,100,0,V3_V4,6-month-old infants,yes,0.5,2.5,1.5,0.075,0,0,0,0,0.5,0,4.5,0,0,0.5,0.61,0.01,0,0.05,0.8,4,0,0,0,6.4,0,0,0,0,0,0,0,0,0,0,0,0,0,0,0.5,0,1,4.5,0,0.0027,0,0,0,0,0,0,0,0,8.1,0,0,0,0,0,yes,NA,NA
105,ERP114897,"Lactate metabolism is strongly modulated by fecal inoculum, pH and retention time in PolyFermS continuous colonic fermentation models mimicking young infant proximal colon",ERX3351848,ERR3327132,PolyFermS_Pham_et_al_2019,FFInfant,yes,OK,"no(exclude TR2,T3-fermentation2, TR4)",2_individual,Switzerland,Europe,no,1,ac,200,6,NA,NA,180,5,pH_donor_lactate_LUB,E. limosum + P. avidum ,CO2,0,100,0,V3_V4,6-month-old infants,yes,0.5,2.5,1.5,0.075,0,0,0,0,0.5,0,4.5,0,0,0.5,0.61,0.01,0,0.05,0.8,4,0,0,0,6.4,0,0,0,0,0,0,0,0,0,0,0,0,0,0,0.5,0,1,4.5,0,0.0027,0,0,0,0,0,0,0,0,8.1,0,0,0,0,0,yes,NA,NA
106,ERP114897,"Lactate metabolism is strongly modulated by fecal inoculum, pH and retention time in PolyFermS continuous colonic fermentation models mimicking young infant proximal colon",ERX3351847,ERR3327131,PolyFermS_Pham_et_al_2019,FFInfant,yes,OK,"no(exclude TR2,T3-fermentation2, TR4)",2_individual,Switzerland,Europe,no,1,ac,200,6,NA,NA,180,5,pH_donor_lactate_LUB,E. limosum + P. avidum ,CO2,0,100,0,V3_V4,6-month-old infants,yes,0.5,2.5,1.5,0.075,0,0,0,0,0.5,0,4.5,0,0,0.5,0.61,0.01,0,0.05,0.8,4,0,0,0,6.4,0,0,0,0,0,0,0,0,0,0,0,0,0,0,0.5,0,1,4.5,0,0.0027,0,0,0,0,0,0,0,0,8.1,0,0,0,0,0,yes,NA,NA
107,ERP114897,"Lactate metabolism is strongly modulated by fecal inoculum, pH and retention time in PolyFermS continuous colonic fermentation models mimicking young infant proximal colon",ERX3351846,ERR3327130,PolyFermS_Pham_et_al_2019,FFInfant,yes,OK,"no(exclude TR2,T3-fermentation2, TR4)",2_individual,Switzerland,Europe,no,1,ac,200,6,NA,NA,180,5,pH_donor_lactate_LUB,E. limosum + P. avidum ,CO2,0,100,0,V3_V4,6-month-old infants,yes,0.5,2.5,1.5,0.075,0,0,0,0,0.5,0,4.5,0,0,0.5,0.61,0.01,0,0.05,0.8,4,0,0,0,6.4,0,0,0,0,0,0,0,0,0,0,0,0,0,0,0.5,0,1,4.5,0,0.0027,0,0,0,0,0,0,0,0,8.1,0,0,0,0,0,no,TR4,external bacteria
108,ERP114897,"Lactate metabolism is strongly modulated by fecal inoculum, pH and retention time in PolyFermS continuous colonic fermentation models mimicking young infant proximal colon",ERX3351845,ERR3327129,PolyFermS_Pham_et_al_2019,FFInfant,yes,OK,"no(exclude TR2,T3-fermentation2, TR4)",2_individual,Switzerland,Europe,no,1,ac,200,6,NA,NA,180,5,pH_donor_lactate_LUB,E. limosum + P. avidum ,CO2,0,100,0,V3_V4,6-month-old infants,yes,0.5,2.5,1.5,0.075,0,0,0,0,0.5,0,4.5,0,0,0.5,0.61,0.01,0,0.05,0.8,4,0,0,0,6.4,0,0,0,0,0,0,0,0,0,0,0,0,0,0,0.5,0,1,4.5,0,0.0027,0,0,0,0,0,0,0,0,8.1,0,0,0,0,0,no,TR4,external bacteria
109,ERP114897,"Lactate metabolism is strongly modulated by fecal inoculum, pH and retention time in PolyFermS continuous colonic fermentation models mimicking young infant proximal colon",ERX3351844,ERR3327128,PolyFermS_Pham_et_al_2019,FFInfant,yes,OK,"no(exclude TR2,T3-fermentation2, TR4)",2_individual,Switzerland,Europe,no,1,ac,200,6,NA,NA,180,5,pH_donor_lactate_LUB,E. limosum + P. avidum ,CO2,0,100,0,V3_V4,6-month-old infants,yes,0.5,2.5,1.5,0.075,0,0,0,0,0.5,0,4.5,0,0,0.5,0.61,0.01,0,0.05,0.8,4,0,0,0,6.4,0,0,0,0,0,0,0,0,0,0,0,0,0,0,0.5,0,1,4.5,0,0.0027,0,0,0,0,0,0,0,0,8.1,0,0,0,0,0,no,TR2,external bacteria
110,ERP114897,"Lactate metabolism is strongly modulated by fecal inoculum, pH and retention time in PolyFermS continuous colonic fermentation models mimicking young infant proximal colon",ERX3351843,ERR3327127,PolyFermS_Pham_et_al_2019,FFInfant,yes,OK,"no(exclude TR2,T3-fermentation2, TR4)",2_individual,Switzerland,Europe,no,1,ac,200,6,NA,NA,180,5,pH_donor_lactate_LUB,E. limosum + P. avidum ,CO2,0,100,0,V3_V4,6-month-old infants,yes,0.5,2.5,1.5,0.075,0,0,0,0,0.5,0,4.5,0,0,0.5,0.61,0.01,0,0.05,0.8,4,0,0,0,6.4,0,0,0,0,0,0,0,0,0,0,0,0,0,0,0.5,0,1,4.5,0,0.0027,0,0,0,0,0,0,0,0,8.1,0,0,0,0,0,no,TR2,external bacteria
111,ERP114897,"Lactate metabolism is strongly modulated by fecal inoculum, pH and retention time in PolyFermS continuous colonic fermentation models mimicking young infant proximal colon",ERX3351842,ERR3327126,PolyFermS_Pham_et_al_2019,FFInfant,yes,OK,"no(exclude TR2,T3-fermentation2, TR4)",2_individual,Switzerland,Europe,no,1,ac,200,6,NA,NA,180,5,pH_donor_lactate_LUB,E. limosum + P. avidum ,CO2,0,100,0,V3_V4,6-month-old infants,yes,0.5,2.5,1.5,0.075,0,0,0,0,0.5,0,4.5,0,0,0.5,0.61,0.01,0,0.05,0.8,4,0,0,0,6.4,0,0,0,0,0,0,0,0,0,0,0,0,0,0,0.5,0,1,4.5,0,0.0027,0,0,0,0,0,0,0,0,8.1,0,0,0,0,0,no,TR2,external bacteria
112,ERP114897,"Lactate metabolism is strongly modulated by fecal inoculum, pH and retention time in PolyFermS continuous colonic fermentation models mimicking young infant proximal colon",ERX3351841,ERR3327125,PolyFermS_Pham_et_al_2019,FFInfant,yes,OK,"no(exclude TR2,T3-fermentation2, TR4)",2_individual,Switzerland,Europe,no,1,ac,200,6,NA,NA,180,5,pH_donor_lactate_LUB,E. limosum + P. avidum ,CO2,0,100,0,V3_V4,6-month-old infants,yes,0.5,2.5,1.5,0.075,0,0,0,0,0.5,0,4.5,0,0,0.5,0.61,0.01,0,0.05,0.8,4,0,0,0,6.4,0,0,0,0,0,0,0,0,0,0,0,0,0,0,0.5,0,1,4.5,0,0.0027,0,0,0,0,0,0,0,0,8.1,0,0,0,0,0,no,TR2,external bacteria
113,ERP114897,"Lactate metabolism is strongly modulated by fecal inoculum, pH and retention time in PolyFermS continuous colonic fermentation models mimicking young infant proximal colon",ERX3351840,ERR3327124,PolyFermS_Pham_et_al_2019,FFInfant,yes,OK,"no(exclude TR2,T3-fermentation2, TR4)",2_individual,Switzerland,Europe,no,1,ac,200,6,NA,NA,180,5,pH_donor_lactate_LUB,E. limosum + P. avidum ,CO2,0,100,0,V3_V4,6-month-old infants,yes,0.5,2.5,1.5,0.075,0,0,0,0,0.5,0,4.5,0,0,0.5,0.61,0.01,0,0.05,0.8,4,0,0,0,6.4,0,0,0,0,0,0,0,0,0,0,0,0,0,0,0.5,0,1,4.5,0,0.0027,0,0,0,0,0,0,0,0,8.1,0,0,0,0,0,yes,NA,NA
114,ERP114897,"Lactate metabolism is strongly modulated by fecal inoculum, pH and retention time in PolyFermS continuous colonic fermentation models mimicking young infant proximal colon",ERX3351839,ERR3327123,PolyFermS_Pham_et_al_2019,FFInfant,yes,OK,"no(exclude TR2,T3-fermentation2, TR4)",2_individual,Switzerland,Europe,no,1,ac,200,6,NA,NA,180,5,pH_donor_lactate_LUB,E. limosum + P. avidum ,CO2,0,100,0,V3_V4,6-month-old infants,yes,0.5,2.5,1.5,0.075,0,0,0,0,0.5,0,4.5,0,0,0.5,0.61,0.01,0,0.05,0.8,4,0,0,0,6.4,0,0,0,0,0,0,0,0,0,0,0,0,0,0,0.5,0,1,4.5,0,0.0027,0,0,0,0,0,0,0,0,8.1,0,0,0,0,0,yes,NA,NA
115,ERP114897,"Lactate metabolism is strongly modulated by fecal inoculum, pH and retention time in PolyFermS continuous colonic fermentation models mimicking young infant proximal colon",ERX3351838,ERR3327122,PolyFermS_Pham_et_al_2019,FFInfant,yes,OK,"no(exclude TR2,T3-fermentation2, TR4)",2_individual,Switzerland,Europe,no,1,ac,200,6,NA,NA,180,5,pH_donor_lactate_LUB,E. limosum + P. avidum ,CO2,0,100,0,V3_V4,6-month-old infants,yes,0.5,2.5,1.5,0.075,0,0,0,0,0.5,0,4.5,0,0,0.5,0.61,0.01,0,0.05,0.8,4,0,0,0,6.4,0,0,0,0,0,0,0,0,0,0,0,0,0,0,0.5,0,1,4.5,0,0.0027,0,0,0,0,0,0,0,0,8.1,0,0,0,0,0,yes,NA,NA
116,ERP114897,"Lactate metabolism is strongly modulated by fecal inoculum, pH and retention time in PolyFermS continuous colonic fermentation models mimicking young infant proximal colon",ERX3351837,ERR3327121,PolyFermS_Pham_et_al_2019,FFInfant,yes,OK,"no(exclude TR2,T3-fermentation2, TR4)",2_individual,Switzerland,Europe,no,1,ac,200,6,NA,NA,180,5,pH_donor_lactate_LUB,E. limosum + P. avidum ,CO2,0,100,0,V3_V4,6-month-old infants,yes,0.5,2.5,1.5,0.075,0,0,0,0,0.5,0,4.5,0,0,0.5,0.61,0.01,0,0.05,0.8,4,0,0,0,6.4,0,0,0,0,0,0,0,0,0,0,0,0,0,0,0.5,0,1,4.5,0,0.0027,0,0,0,0,0,0,0,0,8.1,0,0,0,0,0,yes,NA,NA
117,ERP114897,"Lactate metabolism is strongly modulated by fecal inoculum, pH and retention time in PolyFermS continuous colonic fermentation models mimicking young infant proximal colon",ERX3351836,ERR3327120,PolyFermS_Pham_et_al_2019,FFInfant,yes,OK,"no(exclude TR2,T3-fermentation2, TR4)",2_individual,Switzerland,Europe,no,1,ac,200,6,NA,NA,180,5,pH_donor_lactate_LUB,E. limosum + P. avidum ,CO2,0,100,0,V3_V4,6-month-old infants,yes,0.5,2.5,1.5,0.075,0,0,0,0,0.5,0,4.5,0,0,0.5,0.61,0.01,0,0.05,0.8,4,0,0,0,6.4,0,0,0,0,0,0,0,0,0,0,0,0,0,0,0.5,0,1,4.5,0,0.0027,0,0,0,0,0,0,0,0,8.1,0,0,0,0,0,yes,NA,NA
