"","primary_id","study_title","sequence_accession_number","sampleID","bioreactor_model","donor","include_study","reason","fecalSampleSequence","ndonor_type","country_donor","continent","predigestion","stage","stages","working_volume_mL","pH_ac","pH_tc","pH_dc","stirring_speed_rpm","total_retention_time_h","treatment","external_microorganism","flushing_gas","CO2_.","N2_.","H2_.","region_16S","media_based_on","vitamins","peptone","yeast_extract","NaHCO3","CaCl2","pectin","xylan","arabinogalactan","starch","casein","inulin","NaCl","K2HPO4","NaH2PO4","KH2PO4","MgSO4","hemin","menadione","bile_salts_oxgall","L_cysteine","mucin","glucose","pancreatin","cellobiose","lactose","whey_proteins_lactalbumin","HEPES","guanine","inosine","thymidine","xanthine","choline_chloride","ascorbic_acid","lipoic_acid","histidine","resazurin","aminoacid_mix","trace_mineral_supplement","cellulose","bacto_tryptone","XOS","Tween_80","KCL","MgCl2","FeSO4","MnCl2","CoSO4","CuSO4","ZnSO4","NiCl2","Xylitol","Rice","popcorn","whey_protein","arabic_gum","guar_gum","polyoxyethylene","digested_milk_fragments","maltose","include_sample","sample_name_other","reason_sample_exclusion"
"1","SRP247849","Effect of xylitol on intestinal microorganism in vitro colon simulation Raw sequence reads","SRX7700068","SRR11049996","single_stage_Xu_et_al_ 2019","healthy","yes","OK","no","6_pooled","China","Asia","no","1","ac",600,"6.8",NA,NA,NA,16,"xylitol","no","N2",0,100,0,"V3_V4","Yin et al. 2013","no",3,4.5,0,0.18,0,0,0,8,0,0,4.5,0,0,0.4,1.47,0.05,0,0.4,0.8,0.5,0,0,0,0,0,0,0,0,0,0,0,0,0,0,0,0,0,0,3,0,1,2.5,4.5,0.05,0.2,0.1,0.008,0.1,0.082,1.7,0,0,0,0,0,0,0,0,"yes",NA,NA
"2","SRP247849","Effect of xylitol on intestinal microorganism in vitro colon simulation Raw sequence reads","SRX7700067","SRR11049997","single_stage_Xu_et_al_ 2019","healthy","yes","OK","no","6_pooled","China","Asia","no","1","ac",600,"6.8",NA,NA,NA,16,"xylitol","no","N2",0,100,0,"V3_V4","Yin et al. 2013","no",3,4.5,0,0.18,0,0,0,8,0,0,4.5,0,0,0.4,1.47,0.05,0,0.4,0.8,0.5,0,0,0,0,0,0,0,0,0,0,0,0,0,0,0,0,0,0,3,0,1,2.5,4.5,0.05,0.2,0.1,0.008,0.1,0.082,1.7,0,0,0,0,0,0,0,0,"yes",NA,NA
"3","SRP247849","Effect of xylitol on intestinal microorganism in vitro colon simulation Raw sequence reads","SRX7700066","SRR11049998","single_stage_Xu_et_al_ 2019","healthy","yes","OK","no","6_pooled","China","Asia","no","1","ac",600,"6.8",NA,NA,NA,16,"xylitol","no","N2",0,100,0,"V3_V4","Yin et al. 2013","no",3,4.5,0,0.18,0,0,0,8,0,0,4.5,0,0,0.4,1.47,0.05,0,0.4,0.8,0.5,0,0,0,0,0,0,0,0,0,0,0,0,0,0,0,0,0,0,3,0,1,2.5,4.5,0.05,0.2,0.1,0.008,0.1,0.082,1.7,0,0,0,0,0,0,0,0,"yes",NA,NA
"4","SRP247849","Effect of xylitol on intestinal microorganism in vitro colon simulation Raw sequence reads","SRX7700065","SRR11049999","single_stage_Xu_et_al_ 2019","healthy","yes","OK","no","6_pooled","China","Asia","no","1","ac",600,"6.8",NA,NA,NA,16,"xylitol","no","N2",0,100,0,"V3_V4","Yin et al. 2013","no",3,4.5,0,0.18,0,0,0,8,0,0,4.5,0,0,0.4,1.47,0.05,0,0.4,0.8,0.5,0,0,0,0,0,0,0,0,0,0,0,0,0,0,0,0,0,0,3,0,1,2.5,4.5,0.05,0.2,0.1,0.008,0.1,0.082,1.7,0,0,0,0,0,0,0,0,"yes",NA,NA
"5","SRP247849","Effect of xylitol on intestinal microorganism in vitro colon simulation Raw sequence reads","SRX7700064","SRR11050000","single_stage_Xu_et_al_ 2019","healthy","yes","OK","no","6_pooled","China","Asia","no","1","ac",600,"6.8",NA,NA,NA,16,"xylitol","no","N2",0,100,0,"V3_V4","Yin et al. 2013","no",3,4.5,0,0.18,0,0,0,8,0,0,4.5,0,0,0.4,1.47,0.05,0,0.4,0.8,0.5,0,0,0,0,0,0,0,0,0,0,0,0,0,0,0,0,0,0,3,0,1,2.5,4.5,0.05,0.2,0.1,0.008,0.1,0.082,1.7,0,0,0,0,0,0,0,0,"yes",NA,NA
"6","SRP247849","Effect of xylitol on intestinal microorganism in vitro colon simulation Raw sequence reads","SRX7700063","SRR11050001","single_stage_Xu_et_al_ 2019","healthy","yes","OK","no","6_pooled","China","Asia","no","1","ac",600,"6.8",NA,NA,NA,16,"xylitol","no","N2",0,100,0,"V3_V4","Yin et al. 2013","no",3,4.5,0,0.18,0,0,0,8,0,0,4.5,0,0,0.4,1.47,0.05,0,0.4,0.8,0.5,0,0,0,0,0,0,0,0,0,0,0,0,0,0,0,0,0,0,3,0,1,2.5,4.5,0.05,0.2,0.1,0.008,0.1,0.082,1.7,0,0,0,0,0,0,0,0,"yes",NA,NA
"7","SRP247849","Effect of xylitol on intestinal microorganism in vitro colon simulation Raw sequence reads","SRX7700062","SRR11050002","single_stage_Xu_et_al_ 2019","healthy","yes","OK","no","6_pooled","China","Asia","no","1","ac",600,"6.8",NA,NA,NA,16,"xylitol","no","N2",0,100,0,"V3_V4","Yin et al. 2013","no",3,4.5,0,0.18,0,0,0,8,0,0,4.5,0,0,0.4,1.47,0.05,0,0.4,0.8,0.5,0,0,0,0,0,0,0,0,0,0,0,0,0,0,0,0,0,0,3,0,1,2.5,4.5,0.05,0.2,0.1,0.008,0.1,0.082,1.7,0,0,0,0,0,0,0,0,"yes",NA,NA
"8","SRP247849","Effect of xylitol on intestinal microorganism in vitro colon simulation Raw sequence reads","SRX7700061","SRR11050003","single_stage_Xu_et_al_ 2019","healthy","yes","OK","no","6_pooled","China","Asia","no","1","ac",600,"6.8",NA,NA,NA,16,"xylitol","no","N2",0,100,0,"V3_V4","Yin et al. 2013","no",3,4.5,0,0.18,0,0,0,8,0,0,4.5,0,0,0.4,1.47,0.05,0,0.4,0.8,0.5,0,0,0,0,0,0,0,0,0,0,0,0,0,0,0,0,0,0,3,0,1,2.5,4.5,0.05,0.2,0.1,0.008,0.1,0.082,1.7,0,0,0,0,0,0,0,0,"yes",NA,NA
"9","SRP247849","Effect of xylitol on intestinal microorganism in vitro colon simulation Raw sequence reads","SRX7700060","SRR11050004","single_stage_Xu_et_al_ 2019","healthy","yes","OK","no","6_pooled","China","Asia","no","1","ac",600,"6.8",NA,NA,NA,16,"xylitol","no","N2",0,100,0,"V3_V4","Yin et al. 2013","no",3,4.5,0,0.18,0,0,0,8,0,0,4.5,0,0,0.4,1.47,0.05,0,0.4,0.8,0.5,0,0,0,0,0,0,0,0,0,0,0,0,0,0,0,0,0,0,3,0,1,2.5,4.5,0.05,0.2,0.1,0.008,0.1,0.082,1.7,0,0,0,0,0,0,0,0,"yes",NA,NA
"10","SRP247849","Effect of xylitol on intestinal microorganism in vitro colon simulation Raw sequence reads","SRX7700059","SRR11050005","single_stage_Xu_et_al_ 2019","healthy","yes","OK","no","6_pooled","China","Asia","no","1","ac",600,"6.8",NA,NA,NA,16,"xylitol","no","N2",0,100,0,"V3_V4","Yin et al. 2013","no",3,4.5,0,0.18,0,0,0,8,0,0,4.5,0,0,0.4,1.47,0.05,0,0.4,0.8,0.5,0,0,0,0,0,0,0,0,0,0,0,0,0,0,0,0,0,0,3,0,1,2.5,4.5,0.05,0.2,0.1,0.008,0.1,0.082,1.7,0,0,0,0,0,0,0,0,"yes",NA,NA
"11","SRP247849","Effect of xylitol on intestinal microorganism in vitro colon simulation Raw sequence reads","SRX7700058","SRR11050006","single_stage_Xu_et_al_ 2019","healthy","yes","OK","no","6_pooled","China","Asia","no","1","ac",600,"6.8",NA,NA,NA,16,"xylitol","no","N2",0,100,0,"V3_V4","Yin et al. 2013","no",3,4.5,0,0.18,0,0,0,8,0,0,4.5,0,0,0.4,1.47,0.05,0,0.4,0.8,0.5,0,0,0,0,0,0,0,0,0,0,0,0,0,0,0,0,0,0,3,0,1,2.5,4.5,0.05,0.2,0.1,0.008,0.1,0.082,1.7,0,0,0,0,0,0,0,0,"yes",NA,NA
"12","SRP247849","Effect of xylitol on intestinal microorganism in vitro colon simulation Raw sequence reads","SRX7700057","SRR11050007","single_stage_Xu_et_al_ 2019","healthy","yes","OK","no","6_pooled","China","Asia","no","1","ac",600,"6.8",NA,NA,NA,16,"xylitol","no","N2",0,100,0,"V3_V4","Yin et al. 2013","no",3,4.5,0,0.18,0,0,0,8,0,0,4.5,0,0,0.4,1.47,0.05,0,0.4,0.8,0.5,0,0,0,0,0,0,0,0,0,0,0,0,0,0,0,0,0,0,3,0,1,2.5,4.5,0.05,0.2,0.1,0.008,0.1,0.082,1.7,0,0,0,0,0,0,0,0,"yes",NA,NA
"13","SRP247849","Effect of xylitol on intestinal microorganism in vitro colon simulation Raw sequence reads","SRX7700056","SRR11050008","single_stage_Xu_et_al_ 2019","healthy","yes","OK","no","6_pooled","China","Asia","no","1","ac",600,"6.8",NA,NA,NA,16,"xylitol","no","N2",0,100,0,"V3_V4","Yin et al. 2013","no",3,4.5,0,0.18,0,0,0,8,0,0,4.5,0,0,0.4,1.47,0.05,0,0.4,0.8,0.5,0,0,0,0,0,0,0,0,0,0,0,0,0,0,0,0,0,0,3,0,1,2.5,4.5,0.05,0.2,0.1,0.008,0.1,0.082,1.7,0,0,0,0,0,0,0,0,"yes",NA,NA
"14","SRP247849","Effect of xylitol on intestinal microorganism in vitro colon simulation Raw sequence reads","SRX7700055","SRR11050009","single_stage_Xu_et_al_ 2019","healthy","yes","OK","no","6_pooled","China","Asia","no","1","ac",600,"6.8",NA,NA,NA,16,"xylitol","no","N2",0,100,0,"V3_V4","Yin et al. 2013","no",3,4.5,0,0.18,0,0,0,8,0,0,4.5,0,0,0.4,1.47,0.05,0,0.4,0.8,0.5,0,0,0,0,0,0,0,0,0,0,0,0,0,0,0,0,0,0,3,0,1,2.5,4.5,0.05,0.2,0.1,0.008,0.1,0.082,1.7,0,0,0,0,0,0,0,0,"yes",NA,NA
"15","SRP247849","Effect of xylitol on intestinal microorganism in vitro colon simulation Raw sequence reads","SRX7700054","SRR11050010","single_stage_Xu_et_al_ 2019","healthy","yes","OK","no","6_pooled","China","Asia","no","1","ac",600,"6.8",NA,NA,NA,16,"xylitol","no","N2",0,100,0,"V3_V4","Yin et al. 2013","no",3,4.5,0,0.18,0,0,0,8,0,0,4.5,0,0,0.4,1.47,0.05,0,0.4,0.8,0.5,0,0,0,0,0,0,0,0,0,0,0,0,0,0,0,0,0,0,3,0,1,2.5,4.5,0.05,0.2,0.1,0.008,0.1,0.082,1.7,0,0,0,0,0,0,0,0,"yes",NA,NA
"16","SRP247849","Effect of xylitol on intestinal microorganism in vitro colon simulation Raw sequence reads","SRX7700053","SRR11050011","single_stage_Xu_et_al_ 2019","healthy","yes","OK","no","6_pooled","China","Asia","no","1","ac",600,"6.8",NA,NA,NA,16,"xylitol","no","N2",0,100,0,"V3_V4","Yin et al. 2013","no",3,4.5,0,0.18,0,0,0,8,0,0,4.5,0,0,0.4,1.47,0.05,0,0.4,0.8,0.5,0,0,0,0,0,0,0,0,0,0,0,0,0,0,0,0,0,0,3,0,1,2.5,4.5,0.05,0.2,0.1,0.008,0.1,0.082,1.7,0,0,0,0,0,0,0,0,"yes",NA,NA
"17","SRP247849","Effect of xylitol on intestinal microorganism in vitro colon simulation Raw sequence reads","SRX7700052","SRR11050012","single_stage_Xu_et_al_ 2019","healthy","yes","OK","no","6_pooled","China","Asia","no","1","ac",600,"6.8",NA,NA,NA,16,"xylitol","no","N2",0,100,0,"V3_V4","Yin et al. 2013","no",3,4.5,0,0.18,0,0,0,8,0,0,4.5,0,0,0.4,1.47,0.05,0,0.4,0.8,0.5,0,0,0,0,0,0,0,0,0,0,0,0,0,0,0,0,0,0,3,0,1,2.5,4.5,0.05,0.2,0.1,0.008,0.1,0.082,1.7,0,0,0,0,0,0,0,0,"yes",NA,NA
"18","SRP247849","Effect of xylitol on intestinal microorganism in vitro colon simulation Raw sequence reads","SRX7700051","SRR11050013","single_stage_Xu_et_al_ 2019","healthy","yes","OK","no","6_pooled","China","Asia","no","1","ac",600,"6.8",NA,NA,NA,16,"xylitol","no","N2",0,100,0,"V3_V4","Yin et al. 2013","no",3,4.5,0,0.18,0,0,0,8,0,0,4.5,0,0,0.4,1.47,0.05,0,0.4,0.8,0.5,0,0,0,0,0,0,0,0,0,0,0,0,0,0,0,0,0,0,3,0,1,2.5,4.5,0.05,0.2,0.1,0.008,0.1,0.082,1.7,0,0,0,0,0,0,0,0,"yes",NA,NA
"19","SRP247849","Effect of xylitol on intestinal microorganism in vitro colon simulation Raw sequence reads","SRX7700050","SRR11050014","single_stage_Xu_et_al_ 2019","healthy","yes","OK","no","6_pooled","China","Asia","no","1","ac",600,"6.8",NA,NA,NA,16,"xylitol","no","N2",0,100,0,"V3_V4","Yin et al. 2013","no",3,4.5,0,0.18,0,0,0,8,0,0,4.5,0,0,0.4,1.47,0.05,0,0.4,0.8,0.5,0,0,0,0,0,0,0,0,0,0,0,0,0,0,0,0,0,0,3,0,1,2.5,4.5,0.05,0.2,0.1,0.008,0.1,0.082,1.7,0,0,0,0,0,0,0,0,"yes",NA,NA
"20","SRP247849","Effect of xylitol on intestinal microorganism in vitro colon simulation Raw sequence reads","SRX7700049","SRR11050015","single_stage_Xu_et_al_ 2019","healthy","yes","OK","no","6_pooled","China","Asia","no","1","ac",600,"6.8",NA,NA,NA,16,"xylitol","no","N2",0,100,0,"V3_V4","Yin et al. 2013","no",3,4.5,0,0.18,0,0,0,8,0,0,4.5,0,0,0.4,1.47,0.05,0,0.4,0.8,0.5,0,0,0,0,0,0,0,0,0,0,0,0,0,0,0,0,0,0,3,0,1,2.5,4.5,0.05,0.2,0.1,0.008,0.1,0.082,1.7,0,0,0,0,0,0,0,0,"yes",NA,NA
"21","SRP247849","Effect of xylitol on intestinal microorganism in vitro colon simulation Raw sequence reads","SRX7700048","SRR11050016","single_stage_Xu_et_al_ 2019","healthy","yes","OK","no","6_pooled","China","Asia","no","1","ac",600,"6.8",NA,NA,NA,16,"xylitol","no","N2",0,100,0,"V3_V4","Yin et al. 2013","no",3,4.5,0,0.18,0,0,0,8,0,0,4.5,0,0,0.4,1.47,0.05,0,0.4,0.8,0.5,0,0,0,0,0,0,0,0,0,0,0,0,0,0,0,0,0,0,3,0,1,2.5,4.5,0.05,0.2,0.1,0.008,0.1,0.082,1.7,0,0,0,0,0,0,0,0,"yes",NA,NA
"22","SRP247849","Effect of xylitol on intestinal microorganism in vitro colon simulation Raw sequence reads","SRX7700047","SRR11050017","single_stage_Xu_et_al_ 2019","healthy","yes","OK","no","6_pooled","China","Asia","no","1","ac",600,"6.8",NA,NA,NA,16,"xylitol","no","N2",0,100,0,"V3_V4","Yin et al. 2013","no",3,4.5,0,0.18,0,0,0,8,0,0,4.5,0,0,0.4,1.47,0.05,0,0.4,0.8,0.5,0,0,0,0,0,0,0,0,0,0,0,0,0,0,0,0,0,0,3,0,1,2.5,4.5,0.05,0.2,0.1,0.008,0.1,0.082,1.7,0,0,0,0,0,0,0,0,"yes",NA,NA
"23","SRP247849","Effect of xylitol on intestinal microorganism in vitro colon simulation Raw sequence reads","SRX7700046","SRR11050018","single_stage_Xu_et_al_ 2019","healthy","yes","OK","no","6_pooled","China","Asia","no","1","ac",600,"6.8",NA,NA,NA,16,"xylitol","no","N2",0,100,0,"V3_V4","Yin et al. 2013","no",3,4.5,0,0.18,0,0,0,8,0,0,4.5,0,0,0.4,1.47,0.05,0,0.4,0.8,0.5,0,0,0,0,0,0,0,0,0,0,0,0,0,0,0,0,0,0,3,0,1,2.5,4.5,0.05,0.2,0.1,0.008,0.1,0.082,1.7,0,0,0,0,0,0,0,0,"yes",NA,NA
"24","SRP247849","Effect of xylitol on intestinal microorganism in vitro colon simulation Raw sequence reads","SRX7700045","SRR11050019","single_stage_Xu_et_al_ 2019","healthy","yes","OK","no","6_pooled","China","Asia","no","1","ac",600,"6.8",NA,NA,NA,16,"xylitol","no","N2",0,100,0,"V3_V4","Yin et al. 2013","no",3,4.5,0,0.18,0,0,0,8,0,0,4.5,0,0,0.4,1.47,0.05,0,0.4,0.8,0.5,0,0,0,0,0,0,0,0,0,0,0,0,0,0,0,0,0,0,3,0,1,2.5,4.5,0.05,0.2,0.1,0.008,0.1,0.082,1.7,0,0,0,0,0,0,0,0,"yes",NA,NA
"25","SRP247849","Effect of xylitol on intestinal microorganism in vitro colon simulation Raw sequence reads","SRX7700044","SRR11050020","single_stage_Xu_et_al_ 2019","healthy","yes","OK","no","6_pooled","China","Asia","no","1","ac",600,"6.8",NA,NA,NA,16,"xylitol","no","N2",0,100,0,"V3_V4","Yin et al. 2013","no",3,4.5,0,0.18,0,0,0,8,0,0,4.5,0,0,0.4,1.47,0.05,0,0.4,0.8,0.5,0,0,0,0,0,0,0,0,0,0,0,0,0,0,0,0,0,0,3,0,1,2.5,4.5,0.05,0.2,0.1,0.008,0.1,0.082,1.7,0,0,0,0,0,0,0,0,"yes",NA,NA
"26","SRP247849","Effect of xylitol on intestinal microorganism in vitro colon simulation Raw sequence reads","SRX7700043","SRR11050021","single_stage_Xu_et_al_ 2019","healthy","yes","OK","no","6_pooled","China","Asia","no","1","ac",600,"6.8",NA,NA,NA,16,"xylitol","no","N2",0,100,0,"V3_V4","Yin et al. 2013","no",3,4.5,0,0.18,0,0,0,8,0,0,4.5,0,0,0.4,1.47,0.05,0,0.4,0.8,0.5,0,0,0,0,0,0,0,0,0,0,0,0,0,0,0,0,0,0,3,0,1,2.5,4.5,0.05,0.2,0.1,0.008,0.1,0.082,1.7,0,0,0,0,0,0,0,0,"yes",NA,NA
"27","SRP247849","Effect of xylitol on intestinal microorganism in vitro colon simulation Raw sequence reads","SRX7700042","SRR11050022","single_stage_Xu_et_al_ 2019","healthy","yes","OK","no","6_pooled","China","Asia","no","1","ac",600,"6.8",NA,NA,NA,16,"xylitol","no","N2",0,100,0,"V3_V4","Yin et al. 2013","no",3,4.5,0,0.18,0,0,0,8,0,0,4.5,0,0,0.4,1.47,0.05,0,0.4,0.8,0.5,0,0,0,0,0,0,0,0,0,0,0,0,0,0,0,0,0,0,3,0,1,2.5,4.5,0.05,0.2,0.1,0.008,0.1,0.082,1.7,0,0,0,0,0,0,0,0,"yes",NA,NA
"28","SRP247849","Effect of xylitol on intestinal microorganism in vitro colon simulation Raw sequence reads","SRX7700041","SRR11050023","single_stage_Xu_et_al_ 2019","healthy","yes","OK","no","6_pooled","China","Asia","no","1","ac",600,"6.8",NA,NA,NA,16,"xylitol","no","N2",0,100,0,"V3_V4","Yin et al. 2013","no",3,4.5,0,0.18,0,0,0,8,0,0,4.5,0,0,0.4,1.47,0.05,0,0.4,0.8,0.5,0,0,0,0,0,0,0,0,0,0,0,0,0,0,0,0,0,0,3,0,1,2.5,4.5,0.05,0.2,0.1,0.008,0.1,0.082,1.7,0,0,0,0,0,0,0,0,"yes",NA,NA
"29","SRP247849","Effect of xylitol on intestinal microorganism in vitro colon simulation Raw sequence reads","SRX7700040","SRR11050024","single_stage_Xu_et_al_ 2019","healthy","yes","OK","no","6_pooled","China","Asia","no","1","ac",600,"6.8",NA,NA,NA,16,"xylitol","no","N2",0,100,0,"V3_V4","Yin et al. 2013","no",3,4.5,0,0.18,0,0,0,8,0,0,4.5,0,0,0.4,1.47,0.05,0,0.4,0.8,0.5,0,0,0,0,0,0,0,0,0,0,0,0,0,0,0,0,0,0,3,0,1,2.5,4.5,0.05,0.2,0.1,0.008,0.1,0.082,1.7,0,0,0,0,0,0,0,0,"yes",NA,NA
"30","SRP247849","Effect of xylitol on intestinal microorganism in vitro colon simulation Raw sequence reads","SRX7700039","SRR11050025","single_stage_Xu_et_al_ 2019","healthy","yes","OK","no","6_pooled","China","Asia","no","1","ac",600,"6.8",NA,NA,NA,16,"xylitol","no","N2",0,100,0,"V3_V4","Yin et al. 2013","no",3,4.5,0,0.18,0,0,0,8,0,0,4.5,0,0,0.4,1.47,0.05,0,0.4,0.8,0.5,0,0,0,0,0,0,0,0,0,0,0,0,0,0,0,0,0,0,3,0,1,2.5,4.5,0.05,0.2,0.1,0.008,0.1,0.082,1.7,0,0,0,0,0,0,0,0,"yes",NA,NA
"31","SRP247849","Effect of xylitol on intestinal microorganism in vitro colon simulation Raw sequence reads","SRX7700038","SRR11050026","single_stage_Xu_et_al_ 2019","healthy","yes","OK","no","6_pooled","China","Asia","no","1","ac",600,"6.8",NA,NA,NA,16,"xylitol","no","N2",0,100,0,"V3_V4","Yin et al. 2013","no",3,4.5,0,0.18,0,0,0,8,0,0,4.5,0,0,0.4,1.47,0.05,0,0.4,0.8,0.5,0,0,0,0,0,0,0,0,0,0,0,0,0,0,0,0,0,0,3,0,1,2.5,4.5,0.05,0.2,0.1,0.008,0.1,0.082,1.7,0,0,0,0,0,0,0,0,"yes",NA,NA
"32","SRP247849","Effect of xylitol on intestinal microorganism in vitro colon simulation Raw sequence reads","SRX7700037","SRR11050027","single_stage_Xu_et_al_ 2019","healthy","yes","OK","no","6_pooled","China","Asia","no","1","ac",600,"6.8",NA,NA,NA,16,"xylitol","no","N2",0,100,0,"V3_V4","Yin et al. 2013","no",3,4.5,0,0.18,0,0,0,8,0,0,4.5,0,0,0.4,1.47,0.05,0,0.4,0.8,0.5,0,0,0,0,0,0,0,0,0,0,0,0,0,0,0,0,0,0,3,0,1,2.5,4.5,0.05,0.2,0.1,0.008,0.1,0.082,1.7,0,0,0,0,0,0,0,0,"yes",NA,NA
"33","SRP247849","Effect of xylitol on intestinal microorganism in vitro colon simulation Raw sequence reads","SRX7700036","SRR11050028","single_stage_Xu_et_al_ 2019","healthy","yes","OK","no","6_pooled","China","Asia","no","1","ac",600,"6.8",NA,NA,NA,16,"xylitol","no","N2",0,100,0,"V3_V4","Yin et al. 2013","no",3,4.5,0,0.18,0,0,0,8,0,0,4.5,0,0,0.4,1.47,0.05,0,0.4,0.8,0.5,0,0,0,0,0,0,0,0,0,0,0,0,0,0,0,0,0,0,3,0,1,2.5,4.5,0.05,0.2,0.1,0.008,0.1,0.082,1.7,0,0,0,0,0,0,0,0,"yes",NA,NA
"34","SRP247849","Effect of xylitol on intestinal microorganism in vitro colon simulation Raw sequence reads","SRX7700035","SRR11050029","single_stage_Xu_et_al_ 2019","healthy","yes","OK","no","6_pooled","China","Asia","no","1","ac",600,"6.8",NA,NA,NA,16,"xylitol","no","N2",0,100,0,"V3_V4","Yin et al. 2013","no",3,4.5,0,0.18,0,0,0,8,0,0,4.5,0,0,0.4,1.47,0.05,0,0.4,0.8,0.5,0,0,0,0,0,0,0,0,0,0,0,0,0,0,0,0,0,0,3,0,1,2.5,4.5,0.05,0.2,0.1,0.008,0.1,0.082,1.7,0,0,0,0,0,0,0,0,"yes",NA,NA
"35","SRP247849","Effect of xylitol on intestinal microorganism in vitro colon simulation Raw sequence reads","SRX7700034","SRR11050030","single_stage_Xu_et_al_ 2019","healthy","yes","OK","no","6_pooled","China","Asia","no","1","ac",600,"6.8",NA,NA,NA,16,"xylitol","no","N2",0,100,0,"V3_V4","Yin et al. 2013","no",3,4.5,0,0.18,0,0,0,8,0,0,4.5,0,0,0.4,1.47,0.05,0,0.4,0.8,0.5,0,0,0,0,0,0,0,0,0,0,0,0,0,0,0,0,0,0,3,0,1,2.5,4.5,0.05,0.2,0.1,0.008,0.1,0.082,1.7,0,0,0,0,0,0,0,0,"yes",NA,NA
"36","SRP247849","Effect of xylitol on intestinal microorganism in vitro colon simulation Raw sequence reads","SRX7700033","SRR11050031","single_stage_Xu_et_al_ 2019","healthy","yes","OK","no","6_pooled","China","Asia","no","1","ac",600,"6.8",NA,NA,NA,16,"xylitol","no","N2",0,100,0,"V3_V4","Yin et al. 2013","no",3,4.5,0,0.18,0,0,0,8,0,0,4.5,0,0,0.4,1.47,0.05,0,0.4,0.8,0.5,0,0,0,0,0,0,0,0,0,0,0,0,0,0,0,0,0,0,3,0,1,2.5,4.5,0.05,0.2,0.1,0.008,0.1,0.082,1.7,0,0,0,0,0,0,0,0,"yes",NA,NA
"37","SRP247849","Effect of xylitol on intestinal microorganism in vitro colon simulation Raw sequence reads","SRX7700032","SRR11050032","single_stage_Xu_et_al_ 2019","healthy","yes","OK","no","6_pooled","China","Asia","no","1","ac",600,"6.8",NA,NA,NA,16,"xylitol","no","N2",0,100,0,"V3_V4","Yin et al. 2013","no",3,4.5,0,0.18,0,0,0,8,0,0,4.5,0,0,0.4,1.47,0.05,0,0.4,0.8,0.5,0,0,0,0,0,0,0,0,0,0,0,0,0,0,0,0,0,0,3,0,1,2.5,4.5,0.05,0.2,0.1,0.008,0.1,0.082,1.7,0,0,0,0,0,0,0,0,"yes",NA,NA
"38","SRP247849","Effect of xylitol on intestinal microorganism in vitro colon simulation Raw sequence reads","SRX7700031","SRR11050033","single_stage_Xu_et_al_ 2019","healthy","yes","OK","no","6_pooled","China","Asia","no","1","ac",600,"6.8",NA,NA,NA,16,"xylitol","no","N2",0,100,0,"V3_V4","Yin et al. 2013","no",3,4.5,0,0.18,0,0,0,8,0,0,4.5,0,0,0.4,1.47,0.05,0,0.4,0.8,0.5,0,0,0,0,0,0,0,0,0,0,0,0,0,0,0,0,0,0,3,0,1,2.5,4.5,0.05,0.2,0.1,0.008,0.1,0.082,1.7,0,0,0,0,0,0,0,0,"yes",NA,NA
"39","SRP247849","Effect of xylitol on intestinal microorganism in vitro colon simulation Raw sequence reads","SRX7700030","SRR11050034","single_stage_Xu_et_al_ 2019","healthy","yes","OK","no","6_pooled","China","Asia","no","1","ac",600,"6.8",NA,NA,NA,16,"xylitol","no","N2",0,100,0,"V3_V4","Yin et al. 2013","no",3,4.5,0,0.18,0,0,0,8,0,0,4.5,0,0,0.4,1.47,0.05,0,0.4,0.8,0.5,0,0,0,0,0,0,0,0,0,0,0,0,0,0,0,0,0,0,3,0,1,2.5,4.5,0.05,0.2,0.1,0.008,0.1,0.082,1.7,0,0,0,0,0,0,0,0,"yes",NA,NA
"40","SRP247849","Effect of xylitol on intestinal microorganism in vitro colon simulation Raw sequence reads","SRX7700029","SRR11050035","single_stage_Xu_et_al_ 2019","healthy","yes","OK","no","6_pooled","China","Asia","no","1","ac",600,"6.8",NA,NA,NA,16,"xylitol","no","N2",0,100,0,"V3_V4","Yin et al. 2013","no",3,4.5,0,0.18,0,0,0,8,0,0,4.5,0,0,0.4,1.47,0.05,0,0.4,0.8,0.5,0,0,0,0,0,0,0,0,0,0,0,0,0,0,0,0,0,0,3,0,1,2.5,4.5,0.05,0.2,0.1,0.008,0.1,0.082,1.7,0,0,0,0,0,0,0,0,"yes",NA,NA
"41","SRP247849","Effect of xylitol on intestinal microorganism in vitro colon simulation Raw sequence reads","SRX7700028","SRR11050036","single_stage_Xu_et_al_ 2019","healthy","yes","OK","no","6_pooled","China","Asia","no","1","ac",600,"6.8",NA,NA,NA,16,"xylitol","no","N2",0,100,0,"V3_V4","Yin et al. 2013","no",3,4.5,0,0.18,0,0,0,8,0,0,4.5,0,0,0.4,1.47,0.05,0,0.4,0.8,0.5,0,0,0,0,0,0,0,0,0,0,0,0,0,0,0,0,0,0,3,0,1,2.5,4.5,0.05,0.2,0.1,0.008,0.1,0.082,1.7,0,0,0,0,0,0,0,0,"yes",NA,NA
"42","SRP247849","Effect of xylitol on intestinal microorganism in vitro colon simulation Raw sequence reads","SRX7700027","SRR11050037","single_stage_Xu_et_al_ 2019","healthy","yes","OK","no","6_pooled","China","Asia","no","1","ac",600,"6.8",NA,NA,NA,16,"xylitol","no","N2",0,100,0,"V3_V4","Yin et al. 2013","no",3,4.5,0,0.18,0,0,0,8,0,0,4.5,0,0,0.4,1.47,0.05,0,0.4,0.8,0.5,0,0,0,0,0,0,0,0,0,0,0,0,0,0,0,0,0,0,3,0,1,2.5,4.5,0.05,0.2,0.1,0.008,0.1,0.082,1.7,0,0,0,0,0,0,0,0,"yes",NA,NA
"43","SRP247849","Effect of xylitol on intestinal microorganism in vitro colon simulation Raw sequence reads","SRX7700026","SRR11050038","single_stage_Xu_et_al_ 2019","healthy","yes","OK","no","6_pooled","China","Asia","no","1","ac",600,"6.8",NA,NA,NA,16,"xylitol","no","N2",0,100,0,"V3_V4","Yin et al. 2013","no",3,4.5,0,0.18,0,0,0,8,0,0,4.5,0,0,0.4,1.47,0.05,0,0.4,0.8,0.5,0,0,0,0,0,0,0,0,0,0,0,0,0,0,0,0,0,0,3,0,1,2.5,4.5,0.05,0.2,0.1,0.008,0.1,0.082,1.7,0,0,0,0,0,0,0,0,"yes",NA,NA
"44","SRP247849","Effect of xylitol on intestinal microorganism in vitro colon simulation Raw sequence reads","SRX7700025","SRR11050039","single_stage_Xu_et_al_ 2019","healthy","yes","OK","no","6_pooled","China","Asia","no","1","ac",600,"6.8",NA,NA,NA,16,"xylitol","no","N2",0,100,0,"V3_V4","Yin et al. 2013","no",3,4.5,0,0.18,0,0,0,8,0,0,4.5,0,0,0.4,1.47,0.05,0,0.4,0.8,0.5,0,0,0,0,0,0,0,0,0,0,0,0,0,0,0,0,0,0,3,0,1,2.5,4.5,0.05,0.2,0.1,0.008,0.1,0.082,1.7,0,0,0,0,0,0,0,0,"yes",NA,NA
"45","SRP247849","Effect of xylitol on intestinal microorganism in vitro colon simulation Raw sequence reads","SRX7700024","SRR11050040","single_stage_Xu_et_al_ 2019","healthy","yes","OK","no","6_pooled","China","Asia","no","1","ac",600,"6.8",NA,NA,NA,16,"xylitol","no","N2",0,100,0,"V3_V4","Yin et al. 2013","no",3,4.5,0,0.18,0,0,0,8,0,0,4.5,0,0,0.4,1.47,0.05,0,0.4,0.8,0.5,0,0,0,0,0,0,0,0,0,0,0,0,0,0,0,0,0,0,3,0,1,2.5,4.5,0.05,0.2,0.1,0.008,0.1,0.082,1.7,0,0,0,0,0,0,0,0,"yes",NA,NA
"46","SRP247849","Effect of xylitol on intestinal microorganism in vitro colon simulation Raw sequence reads","SRX7700023","SRR11050041","single_stage_Xu_et_al_ 2019","healthy","yes","OK","no","6_pooled","China","Asia","no","1","ac",600,"6.8",NA,NA,NA,16,"xylitol","no","N2",0,100,0,"V3_V4","Yin et al. 2013","no",3,4.5,0,0.18,0,0,0,8,0,0,4.5,0,0,0.4,1.47,0.05,0,0.4,0.8,0.5,0,0,0,0,0,0,0,0,0,0,0,0,0,0,0,0,0,0,3,0,1,2.5,4.5,0.05,0.2,0.1,0.008,0.1,0.082,1.7,0,0,0,0,0,0,0,0,"yes",NA,NA
"47","SRP247849","Effect of xylitol on intestinal microorganism in vitro colon simulation Raw sequence reads","SRX7700022","SRR11050042","single_stage_Xu_et_al_ 2019","healthy","yes","OK","no","6_pooled","China","Asia","no","1","ac",600,"6.8",NA,NA,NA,16,"xylitol","no","N2",0,100,0,"V3_V4","Yin et al. 2013","no",3,4.5,0,0.18,0,0,0,8,0,0,4.5,0,0,0.4,1.47,0.05,0,0.4,0.8,0.5,0,0,0,0,0,0,0,0,0,0,0,0,0,0,0,0,0,0,3,0,1,2.5,4.5,0.05,0.2,0.1,0.008,0.1,0.082,1.7,0,0,0,0,0,0,0,0,"yes",NA,NA
"48","SRP247849","Effect of xylitol on intestinal microorganism in vitro colon simulation Raw sequence reads","SRX7700021","SRR11050043","single_stage_Xu_et_al_ 2019","healthy","yes","OK","no","6_pooled","China","Asia","no","1","ac",600,"6.8",NA,NA,NA,16,"xylitol","no","N2",0,100,0,"V3_V4","Yin et al. 2013","no",3,4.5,0,0.18,0,0,0,8,0,0,4.5,0,0,0.4,1.47,0.05,0,0.4,0.8,0.5,0,0,0,0,0,0,0,0,0,0,0,0,0,0,0,0,0,0,3,0,1,2.5,4.5,0.05,0.2,0.1,0.008,0.1,0.082,1.7,0,0,0,0,0,0,0,0,"yes",NA,NA
"49","SRP247849","Effect of xylitol on intestinal microorganism in vitro colon simulation Raw sequence reads","SRX7700020","SRR11050044","single_stage_Xu_et_al_ 2019","healthy","yes","OK","no","6_pooled","China","Asia","no","1","ac",600,"6.8",NA,NA,NA,16,"xylitol","no","N2",0,100,0,"V3_V4","Yin et al. 2013","no",3,4.5,0,0.18,0,0,0,8,0,0,4.5,0,0,0.4,1.47,0.05,0,0.4,0.8,0.5,0,0,0,0,0,0,0,0,0,0,0,0,0,0,0,0,0,0,3,0,1,2.5,4.5,0.05,0.2,0.1,0.008,0.1,0.082,1.7,0,0,0,0,0,0,0,0,"yes",NA,NA
"50","SRP247849","Effect of xylitol on intestinal microorganism in vitro colon simulation Raw sequence reads","SRX7700019","SRR11050045","single_stage_Xu_et_al_ 2019","healthy","yes","OK","no","6_pooled","China","Asia","no","1","ac",600,"6.8",NA,NA,NA,16,"xylitol","no","N2",0,100,0,"V3_V4","Yin et al. 2013","no",3,4.5,0,0.18,0,0,0,8,0,0,4.5,0,0,0.4,1.47,0.05,0,0.4,0.8,0.5,0,0,0,0,0,0,0,0,0,0,0,0,0,0,0,0,0,0,3,0,1,2.5,4.5,0.05,0.2,0.1,0.008,0.1,0.082,1.7,0,0,0,0,0,0,0,0,"yes",NA,NA
"51","SRP247849","Effect of xylitol on intestinal microorganism in vitro colon simulation Raw sequence reads","SRX7700018","SRR11050046","single_stage_Xu_et_al_ 2019","healthy","yes","OK","no","6_pooled","China","Asia","no","1","ac",600,"6.8",NA,NA,NA,16,"xylitol","no","N2",0,100,0,"V3_V4","Yin et al. 2013","no",3,4.5,0,0.18,0,0,0,8,0,0,4.5,0,0,0.4,1.47,0.05,0,0.4,0.8,0.5,0,0,0,0,0,0,0,0,0,0,0,0,0,0,0,0,0,0,3,0,1,2.5,4.5,0.05,0.2,0.1,0.008,0.1,0.082,1.7,0,0,0,0,0,0,0,0,"yes",NA,NA
"52","SRP247849","Effect of xylitol on intestinal microorganism in vitro colon simulation Raw sequence reads","SRX7700017","SRR11050047","single_stage_Xu_et_al_ 2019","healthy","yes","OK","no","6_pooled","China","Asia","no","1","ac",600,"6.8",NA,NA,NA,16,"xylitol","no","N2",0,100,0,"V3_V4","Yin et al. 2013","no",3,4.5,0,0.18,0,0,0,8,0,0,4.5,0,0,0.4,1.47,0.05,0,0.4,0.8,0.5,0,0,0,0,0,0,0,0,0,0,0,0,0,0,0,0,0,0,3,0,1,2.5,4.5,0.05,0.2,0.1,0.008,0.1,0.082,1.7,0,0,0,0,0,0,0,0,"yes",NA,NA
"53","SRP247849","Effect of xylitol on intestinal microorganism in vitro colon simulation Raw sequence reads","SRX7700016","SRR11050048","single_stage_Xu_et_al_ 2019","healthy","yes","OK","no","6_pooled","China","Asia","no","1","ac",600,"6.8",NA,NA,NA,16,"xylitol","no","N2",0,100,0,"V3_V4","Yin et al. 2013","no",3,4.5,0,0.18,0,0,0,8,0,0,4.5,0,0,0.4,1.47,0.05,0,0.4,0.8,0.5,0,0,0,0,0,0,0,0,0,0,0,0,0,0,0,0,0,0,3,0,1,2.5,4.5,0.05,0.2,0.1,0.008,0.1,0.082,1.7,0,0,0,0,0,0,0,0,"yes",NA,NA
"54","SRP247849","Effect of xylitol on intestinal microorganism in vitro colon simulation Raw sequence reads","SRX7700015","SRR11050049","single_stage_Xu_et_al_ 2019","healthy","yes","OK","no","6_pooled","China","Asia","no","1","ac",600,"6.8",NA,NA,NA,16,"xylitol","no","N2",0,100,0,"V3_V4","Yin et al. 2013","no",3,4.5,0,0.18,0,0,0,8,0,0,4.5,0,0,0.4,1.47,0.05,0,0.4,0.8,0.5,0,0,0,0,0,0,0,0,0,0,0,0,0,0,0,0,0,0,3,0,1,2.5,4.5,0.05,0.2,0.1,0.008,0.1,0.082,1.7,0,0,0,0,0,0,0,0,"yes",NA,NA
"55","SRP247849","Effect of xylitol on intestinal microorganism in vitro colon simulation Raw sequence reads","SRX7700014","SRR11050050","single_stage_Xu_et_al_ 2019","healthy","yes","OK","no","6_pooled","China","Asia","no","1","ac",600,"6.8",NA,NA,NA,16,"xylitol","no","N2",0,100,0,"V3_V4","Yin et al. 2013","no",3,4.5,0,0.18,0,0,0,8,0,0,4.5,0,0,0.4,1.47,0.05,0,0.4,0.8,0.5,0,0,0,0,0,0,0,0,0,0,0,0,0,0,0,0,0,0,3,0,1,2.5,4.5,0.05,0.2,0.1,0.008,0.1,0.082,1.7,0,0,0,0,0,0,0,0,"yes",NA,NA
"56","SRP247849","Effect of xylitol on intestinal microorganism in vitro colon simulation Raw sequence reads","SRX7700013","SRR11050051","single_stage_Xu_et_al_ 2019","healthy","yes","OK","no","6_pooled","China","Asia","no","1","ac",600,"6.8",NA,NA,NA,16,"xylitol","no","N2",0,100,0,"V3_V4","Yin et al. 2013","no",3,4.5,0,0.18,0,0,0,8,0,0,4.5,0,0,0.4,1.47,0.05,0,0.4,0.8,0.5,0,0,0,0,0,0,0,0,0,0,0,0,0,0,0,0,0,0,3,0,1,2.5,4.5,0.05,0.2,0.1,0.008,0.1,0.082,1.7,0,0,0,0,0,0,0,0,"yes",NA,NA
"57","SRP247849","Effect of xylitol on intestinal microorganism in vitro colon simulation Raw sequence reads","SRX7700012","SRR11050052","single_stage_Xu_et_al_ 2019","healthy","yes","OK","no","6_pooled","China","Asia","no","1","ac",600,"6.8",NA,NA,NA,16,"xylitol","no","N2",0,100,0,"V3_V4","Yin et al. 2013","no",3,4.5,0,0.18,0,0,0,8,0,0,4.5,0,0,0.4,1.47,0.05,0,0.4,0.8,0.5,0,0,0,0,0,0,0,0,0,0,0,0,0,0,0,0,0,0,3,0,1,2.5,4.5,0.05,0.2,0.1,0.008,0.1,0.082,1.7,0,0,0,0,0,0,0,0,"yes",NA,NA
"58","SRP247849","Effect of xylitol on intestinal microorganism in vitro colon simulation Raw sequence reads","SRX7700011","SRR11050053","single_stage_Xu_et_al_ 2019","healthy","yes","OK","no","6_pooled","China","Asia","no","1","ac",600,"6.8",NA,NA,NA,16,"xylitol","no","N2",0,100,0,"V3_V4","Yin et al. 2013","no",3,4.5,0,0.18,0,0,0,8,0,0,4.5,0,0,0.4,1.47,0.05,0,0.4,0.8,0.5,0,0,0,0,0,0,0,0,0,0,0,0,0,0,0,0,0,0,3,0,1,2.5,4.5,0.05,0.2,0.1,0.008,0.1,0.082,1.7,0,0,0,0,0,0,0,0,"yes",NA,NA
"59","SRP247849","Effect of xylitol on intestinal microorganism in vitro colon simulation Raw sequence reads","SRX7700010","SRR11050054","single_stage_Xu_et_al_ 2019","healthy","yes","OK","no","6_pooled","China","Asia","no","1","ac",600,"6.8",NA,NA,NA,16,"xylitol","no","N2",0,100,0,"V3_V4","Yin et al. 2013","no",3,4.5,0,0.18,0,0,0,8,0,0,4.5,0,0,0.4,1.47,0.05,0,0.4,0.8,0.5,0,0,0,0,0,0,0,0,0,0,0,0,0,0,0,0,0,0,3,0,1,2.5,4.5,0.05,0.2,0.1,0.008,0.1,0.082,1.7,0,0,0,0,0,0,0,0,"yes",NA,NA
"60","SRP247849","Effect of xylitol on intestinal microorganism in vitro colon simulation Raw sequence reads","SRX7700009","SRR11050055","single_stage_Xu_et_al_ 2019","healthy","yes","OK","no","6_pooled","China","Asia","no","1","ac",600,"6.8",NA,NA,NA,16,"xylitol","no","N2",0,100,0,"V3_V4","Yin et al. 2013","no",3,4.5,0,0.18,0,0,0,8,0,0,4.5,0,0,0.4,1.47,0.05,0,0.4,0.8,0.5,0,0,0,0,0,0,0,0,0,0,0,0,0,0,0,0,0,0,3,0,1,2.5,4.5,0.05,0.2,0.1,0.008,0.1,0.082,1.7,0,0,0,0,0,0,0,0,"yes",NA,NA
"61","SRP247849","Effect of xylitol on intestinal microorganism in vitro colon simulation Raw sequence reads","SRX7700008","SRR11050056","single_stage_Xu_et_al_ 2019","healthy","yes","OK","no","6_pooled","China","Asia","no","1","ac",600,"6.8",NA,NA,NA,16,"xylitol","no","N2",0,100,0,"V3_V4","Yin et al. 2013","no",3,4.5,0,0.18,0,0,0,8,0,0,4.5,0,0,0.4,1.47,0.05,0,0.4,0.8,0.5,0,0,0,0,0,0,0,0,0,0,0,0,0,0,0,0,0,0,3,0,1,2.5,4.5,0.05,0.2,0.1,0.008,0.1,0.082,1.7,0,0,0,0,0,0,0,0,"yes",NA,NA
"62","SRP247849","Effect of xylitol on intestinal microorganism in vitro colon simulation Raw sequence reads","SRX7700007","SRR11050057","single_stage_Xu_et_al_ 2019","healthy","yes","OK","no","6_pooled","China","Asia","no","1","ac",600,"6.8",NA,NA,NA,16,"xylitol","no","N2",0,100,0,"V3_V4","Yin et al. 2013","no",3,4.5,0,0.18,0,0,0,8,0,0,4.5,0,0,0.4,1.47,0.05,0,0.4,0.8,0.5,0,0,0,0,0,0,0,0,0,0,0,0,0,0,0,0,0,0,3,0,1,2.5,4.5,0.05,0.2,0.1,0.008,0.1,0.082,1.7,0,0,0,0,0,0,0,0,"yes",NA,NA
"63","SRP247849","Effect of xylitol on intestinal microorganism in vitro colon simulation Raw sequence reads","SRX7700006","SRR11050058","single_stage_Xu_et_al_ 2019","healthy","yes","OK","no","6_pooled","China","Asia","no","1","ac",600,"6.8",NA,NA,NA,16,"xylitol","no","N2",0,100,0,"V3_V4","Yin et al. 2013","no",3,4.5,0,0.18,0,0,0,8,0,0,4.5,0,0,0.4,1.47,0.05,0,0.4,0.8,0.5,0,0,0,0,0,0,0,0,0,0,0,0,0,0,0,0,0,0,3,0,1,2.5,4.5,0.05,0.2,0.1,0.008,0.1,0.082,1.7,0,0,0,0,0,0,0,0,"yes",NA,NA
"64","SRP247849","Effect of xylitol on intestinal microorganism in vitro colon simulation Raw sequence reads","SRX7700005","SRR11050059","single_stage_Xu_et_al_ 2019","healthy","yes","OK","no","6_pooled","China","Asia","no","1","ac",600,"6.8",NA,NA,NA,16,"xylitol","no","N2",0,100,0,"V3_V4","Yin et al. 2013","no",3,4.5,0,0.18,0,0,0,8,0,0,4.5,0,0,0.4,1.47,0.05,0,0.4,0.8,0.5,0,0,0,0,0,0,0,0,0,0,0,0,0,0,0,0,0,0,3,0,1,2.5,4.5,0.05,0.2,0.1,0.008,0.1,0.082,1.7,0,0,0,0,0,0,0,0,"yes",NA,NA
"65","SRP247849","Effect of xylitol on intestinal microorganism in vitro colon simulation Raw sequence reads","SRX7700004","SRR11050060","single_stage_Xu_et_al_ 2019","healthy","yes","OK","no","6_pooled","China","Asia","no","1","ac",600,"6.8",NA,NA,NA,16,"xylitol","no","N2",0,100,0,"V3_V4","Yin et al. 2013","no",3,4.5,0,0.18,0,0,0,8,0,0,4.5,0,0,0.4,1.47,0.05,0,0.4,0.8,0.5,0,0,0,0,0,0,0,0,0,0,0,0,0,0,0,0,0,0,3,0,1,2.5,4.5,0.05,0.2,0.1,0.008,0.1,0.082,1.7,0,0,0,0,0,0,0,0,"yes",NA,NA
"66","SRP247849","Effect of xylitol on intestinal microorganism in vitro colon simulation Raw sequence reads","SRX7700003","SRR11050061","single_stage_Xu_et_al_ 2019","healthy","yes","OK","no","6_pooled","China","Asia","no","1","ac",600,"6.8",NA,NA,NA,16,"xylitol","no","N2",0,100,0,"V3_V4","Yin et al. 2013","no",3,4.5,0,0.18,0,0,0,8,0,0,4.5,0,0,0.4,1.47,0.05,0,0.4,0.8,0.5,0,0,0,0,0,0,0,0,0,0,0,0,0,0,0,0,0,0,3,0,1,2.5,4.5,0.05,0.2,0.1,0.008,0.1,0.082,1.7,0,0,0,0,0,0,0,0,"yes",NA,NA
"67","SRP247849","Effect of xylitol on intestinal microorganism in vitro colon simulation Raw sequence reads","SRX7700002","SRR11050062","single_stage_Xu_et_al_ 2019","healthy","yes","OK","no","6_pooled","China","Asia","no","1","ac",600,"6.8",NA,NA,NA,16,"xylitol","no","N2",0,100,0,"V3_V4","Yin et al. 2013","no",3,4.5,0,0.18,0,0,0,8,0,0,4.5,0,0,0.4,1.47,0.05,0,0.4,0.8,0.5,0,0,0,0,0,0,0,0,0,0,0,0,0,0,0,0,0,0,3,0,1,2.5,4.5,0.05,0.2,0.1,0.008,0.1,0.082,1.7,0,0,0,0,0,0,0,0,"yes",NA,NA
"68","SRP247849","Effect of xylitol on intestinal microorganism in vitro colon simulation Raw sequence reads","SRX7700001","SRR11050063","single_stage_Xu_et_al_ 2019","healthy","yes","OK","no","6_pooled","China","Asia","no","1","ac",600,"6.8",NA,NA,NA,16,"xylitol","no","N2",0,100,0,"V3_V4","Yin et al. 2013","no",3,4.5,0,0.18,0,0,0,8,0,0,4.5,0,0,0.4,1.47,0.05,0,0.4,0.8,0.5,0,0,0,0,0,0,0,0,0,0,0,0,0,0,0,0,0,0,3,0,1,2.5,4.5,0.05,0.2,0.1,0.008,0.1,0.082,1.7,0,0,0,0,0,0,0,0,"yes",NA,NA
"69","SRP247849","Effect of xylitol on intestinal microorganism in vitro colon simulation Raw sequence reads","SRX7700000","SRR11050064","single_stage_Xu_et_al_ 2019","healthy","yes","OK","no","6_pooled","China","Asia","no","1","ac",600,"6.8",NA,NA,NA,16,"xylitol","no","N2",0,100,0,"V3_V4","Yin et al. 2013","no",3,4.5,0,0.18,0,0,0,8,0,0,4.5,0,0,0.4,1.47,0.05,0,0.4,0.8,0.5,0,0,0,0,0,0,0,0,0,0,0,0,0,0,0,0,0,0,3,0,1,2.5,4.5,0.05,0.2,0.1,0.008,0.1,0.082,1.7,0,0,0,0,0,0,0,0,"yes",NA,NA
"70","SRP247849","Effect of xylitol on intestinal microorganism in vitro colon simulation Raw sequence reads","SRX7699999","SRR11050065","single_stage_Xu_et_al_ 2019","healthy","yes","OK","no","6_pooled","China","Asia","no","1","ac",600,"6.8",NA,NA,NA,16,"xylitol","no","N2",0,100,0,"V3_V4","Yin et al. 2013","no",3,4.5,0,0.18,0,0,0,8,0,0,4.5,0,0,0.4,1.47,0.05,0,0.4,0.8,0.5,0,0,0,0,0,0,0,0,0,0,0,0,0,0,0,0,0,0,3,0,1,2.5,4.5,0.05,0.2,0.1,0.008,0.1,0.082,1.7,0,0,0,0,0,0,0,0,"yes",NA,NA
"71","SRP247849","Effect of xylitol on intestinal microorganism in vitro colon simulation Raw sequence reads","SRX7699998","SRR11050066","single_stage_Xu_et_al_ 2019","healthy","yes","OK","no","6_pooled","China","Asia","no","1","ac",600,"6.8",NA,NA,NA,16,"xylitol","no","N2",0,100,0,"V3_V4","Yin et al. 2013","no",3,4.5,0,0.18,0,0,0,8,0,0,4.5,0,0,0.4,1.47,0.05,0,0.4,0.8,0.5,0,0,0,0,0,0,0,0,0,0,0,0,0,0,0,0,0,0,3,0,1,2.5,4.5,0.05,0.2,0.1,0.008,0.1,0.082,1.7,0,0,0,0,0,0,0,0,"yes",NA,NA
"72","SRP247849","Effect of xylitol on intestinal microorganism in vitro colon simulation Raw sequence reads","SRX7699997","SRR11050067","single_stage_Xu_et_al_ 2019","healthy","yes","OK","no","6_pooled","China","Asia","no","1","ac",600,"6.8",NA,NA,NA,16,"xylitol","no","N2",0,100,0,"V3_V4","Yin et al. 2013","no",3,4.5,0,0.18,0,0,0,8,0,0,4.5,0,0,0.4,1.47,0.05,0,0.4,0.8,0.5,0,0,0,0,0,0,0,0,0,0,0,0,0,0,0,0,0,0,3,0,1,2.5,4.5,0.05,0.2,0.1,0.008,0.1,0.082,1.7,0,0,0,0,0,0,0,0,"yes",NA,NA
"73","SRP247849","Effect of xylitol on intestinal microorganism in vitro colon simulation Raw sequence reads","SRX7699996","SRR11050068","single_stage_Xu_et_al_ 2019","healthy","yes","OK","no","6_pooled","China","Asia","no","1","ac",600,"6.8",NA,NA,NA,16,"xylitol","no","N2",0,100,0,"V3_V4","Yin et al. 2013","no",3,4.5,0,0.18,0,0,0,8,0,0,4.5,0,0,0.4,1.47,0.05,0,0.4,0.8,0.5,0,0,0,0,0,0,0,0,0,0,0,0,0,0,0,0,0,0,3,0,1,2.5,4.5,0.05,0.2,0.1,0.008,0.1,0.082,1.7,0,0,0,0,0,0,0,0,"yes",NA,NA
"74","SRP247849","Effect of xylitol on intestinal microorganism in vitro colon simulation Raw sequence reads","SRX7699995","SRR11050069","single_stage_Xu_et_al_ 2019","healthy","yes","OK","no","6_pooled","China","Asia","no","1","ac",600,"6.8",NA,NA,NA,16,"xylitol","no","N2",0,100,0,"V3_V4","Yin et al. 2013","no",3,4.5,0,0.18,0,0,0,8,0,0,4.5,0,0,0.4,1.47,0.05,0,0.4,0.8,0.5,0,0,0,0,0,0,0,0,0,0,0,0,0,0,0,0,0,0,3,0,1,2.5,4.5,0.05,0.2,0.1,0.008,0.1,0.082,1.7,0,0,0,0,0,0,0,0,"yes",NA,NA
"75","SRP247849","Effect of xylitol on intestinal microorganism in vitro colon simulation Raw sequence reads","SRX7699994","SRR11050070","single_stage_Xu_et_al_ 2019","healthy","yes","OK","no","6_pooled","China","Asia","no","1","ac",600,"6.8",NA,NA,NA,16,"xylitol","no","N2",0,100,0,"V3_V4","Yin et al. 2013","no",3,4.5,0,0.18,0,0,0,8,0,0,4.5,0,0,0.4,1.47,0.05,0,0.4,0.8,0.5,0,0,0,0,0,0,0,0,0,0,0,0,0,0,0,0,0,0,3,0,1,2.5,4.5,0.05,0.2,0.1,0.008,0.1,0.082,1.7,0,0,0,0,0,0,0,0,"yes",NA,NA
"76","SRP247849","Effect of xylitol on intestinal microorganism in vitro colon simulation Raw sequence reads","SRX7699993","SRR11050071","single_stage_Xu_et_al_ 2019","healthy","yes","OK","no","6_pooled","China","Asia","no","1","ac",600,"6.8",NA,NA,NA,16,"xylitol","no","N2",0,100,0,"V3_V4","Yin et al. 2013","no",3,4.5,0,0.18,0,0,0,8,0,0,4.5,0,0,0.4,1.47,0.05,0,0.4,0.8,0.5,0,0,0,0,0,0,0,0,0,0,0,0,0,0,0,0,0,0,3,0,1,2.5,4.5,0.05,0.2,0.1,0.008,0.1,0.082,1.7,0,0,0,0,0,0,0,0,"yes",NA,NA
"77","SRP247849","Effect of xylitol on intestinal microorganism in vitro colon simulation Raw sequence reads","SRX7699992","SRR11050072","single_stage_Xu_et_al_ 2019","healthy","yes","OK","no","6_pooled","China","Asia","no","1","ac",600,"6.8",NA,NA,NA,16,"xylitol","no","N2",0,100,0,"V3_V4","Yin et al. 2013","no",3,4.5,0,0.18,0,0,0,8,0,0,4.5,0,0,0.4,1.47,0.05,0,0.4,0.8,0.5,0,0,0,0,0,0,0,0,0,0,0,0,0,0,0,0,0,0,3,0,1,2.5,4.5,0.05,0.2,0.1,0.008,0.1,0.082,1.7,0,0,0,0,0,0,0,0,"yes",NA,NA
"78","SRP247849","Effect of xylitol on intestinal microorganism in vitro colon simulation Raw sequence reads","SRX7699991","SRR11050073","single_stage_Xu_et_al_ 2019","healthy","yes","OK","no","6_pooled","China","Asia","no","1","ac",600,"6.8",NA,NA,NA,16,"xylitol","no","N2",0,100,0,"V3_V4","Yin et al. 2013","no",3,4.5,0,0.18,0,0,0,8,0,0,4.5,0,0,0.4,1.47,0.05,0,0.4,0.8,0.5,0,0,0,0,0,0,0,0,0,0,0,0,0,0,0,0,0,0,3,0,1,2.5,4.5,0.05,0.2,0.1,0.008,0.1,0.082,1.7,0,0,0,0,0,0,0,0,"yes",NA,NA
"79","SRP247849","Effect of xylitol on intestinal microorganism in vitro colon simulation Raw sequence reads","SRX7699990","SRR11050074","single_stage_Xu_et_al_ 2019","healthy","yes","OK","no","6_pooled","China","Asia","no","1","ac",600,"6.8",NA,NA,NA,16,"xylitol","no","N2",0,100,0,"V3_V4","Yin et al. 2013","no",3,4.5,0,0.18,0,0,0,8,0,0,4.5,0,0,0.4,1.47,0.05,0,0.4,0.8,0.5,0,0,0,0,0,0,0,0,0,0,0,0,0,0,0,0,0,0,3,0,1,2.5,4.5,0.05,0.2,0.1,0.008,0.1,0.082,1.7,0,0,0,0,0,0,0,0,"yes",NA,NA
"80","SRP247849","Effect of xylitol on intestinal microorganism in vitro colon simulation Raw sequence reads","SRX7699989","SRR11050075","single_stage_Xu_et_al_ 2019","healthy","yes","OK","no","6_pooled","China","Asia","no","1","ac",600,"6.8",NA,NA,NA,16,"xylitol","no","N2",0,100,0,"V3_V4","Yin et al. 2013","no",3,4.5,0,0.18,0,0,0,8,0,0,4.5,0,0,0.4,1.47,0.05,0,0.4,0.8,0.5,0,0,0,0,0,0,0,0,0,0,0,0,0,0,0,0,0,0,3,0,1,2.5,4.5,0.05,0.2,0.1,0.008,0.1,0.082,1.7,0,0,0,0,0,0,0,0,"yes",NA,NA
"81","SRP247849","Effect of xylitol on intestinal microorganism in vitro colon simulation Raw sequence reads","SRX7699988","SRR11050076","single_stage_Xu_et_al_ 2019","healthy","yes","OK","no","6_pooled","China","Asia","no","1","ac",600,"6.8",NA,NA,NA,16,"xylitol","no","N2",0,100,0,"V3_V4","Yin et al. 2013","no",3,4.5,0,0.18,0,0,0,8,0,0,4.5,0,0,0.4,1.47,0.05,0,0.4,0.8,0.5,0,0,0,0,0,0,0,0,0,0,0,0,0,0,0,0,0,0,3,0,1,2.5,4.5,0.05,0.2,0.1,0.008,0.1,0.082,1.7,0,0,0,0,0,0,0,0,"yes",NA,NA
"82","SRP247849","Effect of xylitol on intestinal microorganism in vitro colon simulation Raw sequence reads","SRX7699987","SRR11050077","single_stage_Xu_et_al_ 2019","healthy","yes","OK","no","6_pooled","China","Asia","no","1","ac",600,"6.8",NA,NA,NA,16,"xylitol","no","N2",0,100,0,"V3_V4","Yin et al. 2013","no",3,4.5,0,0.18,0,0,0,8,0,0,4.5,0,0,0.4,1.47,0.05,0,0.4,0.8,0.5,0,0,0,0,0,0,0,0,0,0,0,0,0,0,0,0,0,0,3,0,1,2.5,4.5,0.05,0.2,0.1,0.008,0.1,0.082,1.7,0,0,0,0,0,0,0,0,"yes",NA,NA
"83","SRP247849","Effect of xylitol on intestinal microorganism in vitro colon simulation Raw sequence reads","SRX7699986","SRR11050078","single_stage_Xu_et_al_ 2019","healthy","yes","OK","no","6_pooled","China","Asia","no","1","ac",600,"6.8",NA,NA,NA,16,"xylitol","no","N2",0,100,0,"V3_V4","Yin et al. 2013","no",3,4.5,0,0.18,0,0,0,8,0,0,4.5,0,0,0.4,1.47,0.05,0,0.4,0.8,0.5,0,0,0,0,0,0,0,0,0,0,0,0,0,0,0,0,0,0,3,0,1,2.5,4.5,0.05,0.2,0.1,0.008,0.1,0.082,1.7,0,0,0,0,0,0,0,0,"yes",NA,NA
"84","SRP247849","Effect of xylitol on intestinal microorganism in vitro colon simulation Raw sequence reads","SRX7699985","SRR11050079","single_stage_Xu_et_al_ 2019","healthy","yes","OK","no","6_pooled","China","Asia","no","1","ac",600,"6.8",NA,NA,NA,16,"xylitol","no","N2",0,100,0,"V3_V4","Yin et al. 2013","no",3,4.5,0,0.18,0,0,0,8,0,0,4.5,0,0,0.4,1.47,0.05,0,0.4,0.8,0.5,0,0,0,0,0,0,0,0,0,0,0,0,0,0,0,0,0,0,3,0,1,2.5,4.5,0.05,0.2,0.1,0.008,0.1,0.082,1.7,0,0,0,0,0,0,0,0,"yes",NA,NA
"85","SRP247849","Effect of xylitol on intestinal microorganism in vitro colon simulation Raw sequence reads","SRX7699984","SRR11050080","single_stage_Xu_et_al_ 2019","healthy","yes","OK","no","6_pooled","China","Asia","no","1","ac",600,"6.8",NA,NA,NA,16,"xylitol","no","N2",0,100,0,"V3_V4","Yin et al. 2013","no",3,4.5,0,0.18,0,0,0,8,0,0,4.5,0,0,0.4,1.47,0.05,0,0.4,0.8,0.5,0,0,0,0,0,0,0,0,0,0,0,0,0,0,0,0,0,0,3,0,1,2.5,4.5,0.05,0.2,0.1,0.008,0.1,0.082,1.7,0,0,0,0,0,0,0,0,"yes",NA,NA
"86","SRP247849","Effect of xylitol on intestinal microorganism in vitro colon simulation Raw sequence reads","SRX7699983","SRR11050081","single_stage_Xu_et_al_ 2019","healthy","yes","OK","no","6_pooled","China","Asia","no","1","ac",600,"6.8",NA,NA,NA,16,"xylitol","no","N2",0,100,0,"V3_V4","Yin et al. 2013","no",3,4.5,0,0.18,0,0,0,8,0,0,4.5,0,0,0.4,1.47,0.05,0,0.4,0.8,0.5,0,0,0,0,0,0,0,0,0,0,0,0,0,0,0,0,0,0,3,0,1,2.5,4.5,0.05,0.2,0.1,0.008,0.1,0.082,1.7,0,0,0,0,0,0,0,0,"yes",NA,NA
"87","SRP247849","Effect of xylitol on intestinal microorganism in vitro colon simulation Raw sequence reads","SRX7699982","SRR11050082","single_stage_Xu_et_al_ 2019","healthy","yes","OK","no","6_pooled","China","Asia","no","1","ac",600,"6.8",NA,NA,NA,16,"xylitol","no","N2",0,100,0,"V3_V4","Yin et al. 2013","no",3,4.5,0,0.18,0,0,0,8,0,0,4.5,0,0,0.4,1.47,0.05,0,0.4,0.8,0.5,0,0,0,0,0,0,0,0,0,0,0,0,0,0,0,0,0,0,3,0,1,2.5,4.5,0.05,0.2,0.1,0.008,0.1,0.082,1.7,0,0,0,0,0,0,0,0,"yes",NA,NA
"88","SRP247849","Effect of xylitol on intestinal microorganism in vitro colon simulation Raw sequence reads","SRX7699981","SRR11050083","single_stage_Xu_et_al_ 2019","healthy","yes","OK","no","6_pooled","China","Asia","no","1","ac",600,"6.8",NA,NA,NA,16,"xylitol","no","N2",0,100,0,"V3_V4","Yin et al. 2013","no",3,4.5,0,0.18,0,0,0,8,0,0,4.5,0,0,0.4,1.47,0.05,0,0.4,0.8,0.5,0,0,0,0,0,0,0,0,0,0,0,0,0,0,0,0,0,0,3,0,1,2.5,4.5,0.05,0.2,0.1,0.008,0.1,0.082,1.7,0,0,0,0,0,0,0,0,"yes",NA,NA
"89","SRP247849","Effect of xylitol on intestinal microorganism in vitro colon simulation Raw sequence reads","SRX7699980","SRR11050084","single_stage_Xu_et_al_ 2019","healthy","yes","OK","no","6_pooled","China","Asia","no","1","ac",600,"6.8",NA,NA,NA,16,"xylitol","no","N2",0,100,0,"V3_V4","Yin et al. 2013","no",3,4.5,0,0.18,0,0,0,8,0,0,4.5,0,0,0.4,1.47,0.05,0,0.4,0.8,0.5,0,0,0,0,0,0,0,0,0,0,0,0,0,0,0,0,0,0,3,0,1,2.5,4.5,0.05,0.2,0.1,0.008,0.1,0.082,1.7,0,0,0,0,0,0,0,0,"yes",NA,NA
"90","SRP247849","Effect of xylitol on intestinal microorganism in vitro colon simulation Raw sequence reads","SRX7699979","SRR11050085","single_stage_Xu_et_al_ 2019","healthy","yes","OK","no","6_pooled","China","Asia","no","1","ac",600,"6.8",NA,NA,NA,16,"xylitol","no","N2",0,100,0,"V3_V4","Yin et al. 2013","no",3,4.5,0,0.18,0,0,0,8,0,0,4.5,0,0,0.4,1.47,0.05,0,0.4,0.8,0.5,0,0,0,0,0,0,0,0,0,0,0,0,0,0,0,0,0,0,3,0,1,2.5,4.5,0.05,0.2,0.1,0.008,0.1,0.082,1.7,0,0,0,0,0,0,0,0,"yes",NA,NA
"91","SRP247849","Effect of xylitol on intestinal microorganism in vitro colon simulation Raw sequence reads","SRX7699978","SRR11050086","single_stage_Xu_et_al_ 2019","healthy","yes","OK","no","6_pooled","China","Asia","no","1","ac",600,"6.8",NA,NA,NA,16,"xylitol","no","N2",0,100,0,"V3_V4","Yin et al. 2013","no",3,4.5,0,0.18,0,0,0,8,0,0,4.5,0,0,0.4,1.47,0.05,0,0.4,0.8,0.5,0,0,0,0,0,0,0,0,0,0,0,0,0,0,0,0,0,0,3,0,1,2.5,4.5,0.05,0.2,0.1,0.008,0.1,0.082,1.7,0,0,0,0,0,0,0,0,"yes",NA,NA
"92","SRP247849","Effect of xylitol on intestinal microorganism in vitro colon simulation Raw sequence reads","SRX7699977","SRR11050087","single_stage_Xu_et_al_ 2019","healthy","yes","OK","no","6_pooled","China","Asia","no","1","ac",600,"6.8",NA,NA,NA,16,"xylitol","no","N2",0,100,0,"V3_V4","Yin et al. 2013","no",3,4.5,0,0.18,0,0,0,8,0,0,4.5,0,0,0.4,1.47,0.05,0,0.4,0.8,0.5,0,0,0,0,0,0,0,0,0,0,0,0,0,0,0,0,0,0,3,0,1,2.5,4.5,0.05,0.2,0.1,0.008,0.1,0.082,1.7,0,0,0,0,0,0,0,0,"yes",NA,NA
"93","SRP247849","Effect of xylitol on intestinal microorganism in vitro colon simulation Raw sequence reads","SRX7699976","SRR11050088","single_stage_Xu_et_al_ 2019","healthy","yes","OK","no","6_pooled","China","Asia","no","1","ac",600,"6.8",NA,NA,NA,16,"xylitol","no","N2",0,100,0,"V3_V4","Yin et al. 2013","no",3,4.5,0,0.18,0,0,0,8,0,0,4.5,0,0,0.4,1.47,0.05,0,0.4,0.8,0.5,0,0,0,0,0,0,0,0,0,0,0,0,0,0,0,0,0,0,3,0,1,2.5,4.5,0.05,0.2,0.1,0.008,0.1,0.082,1.7,0,0,0,0,0,0,0,0,"yes",NA,NA
"94","SRP247849","Effect of xylitol on intestinal microorganism in vitro colon simulation Raw sequence reads","SRX7699975","SRR11050089","single_stage_Xu_et_al_ 2019","healthy","yes","OK","no","6_pooled","China","Asia","no","1","ac",600,"6.8",NA,NA,NA,16,"xylitol","no","N2",0,100,0,"V3_V4","Yin et al. 2013","no",3,4.5,0,0.18,0,0,0,8,0,0,4.5,0,0,0.4,1.47,0.05,0,0.4,0.8,0.5,0,0,0,0,0,0,0,0,0,0,0,0,0,0,0,0,0,0,3,0,1,2.5,4.5,0.05,0.2,0.1,0.008,0.1,0.082,1.7,0,0,0,0,0,0,0,0,"yes",NA,NA
"95","SRP247849","Effect of xylitol on intestinal microorganism in vitro colon simulation Raw sequence reads","SRX7699974","SRR11050090","single_stage_Xu_et_al_ 2019","healthy","yes","OK","no","6_pooled","China","Asia","no","1","ac",600,"6.8",NA,NA,NA,16,"xylitol","no","N2",0,100,0,"V3_V4","Yin et al. 2013","no",3,4.5,0,0.18,0,0,0,8,0,0,4.5,0,0,0.4,1.47,0.05,0,0.4,0.8,0.5,0,0,0,0,0,0,0,0,0,0,0,0,0,0,0,0,0,0,3,0,1,2.5,4.5,0.05,0.2,0.1,0.008,0.1,0.082,1.7,0,0,0,0,0,0,0,0,"yes",NA,NA
"96","SRP247849","Effect of xylitol on intestinal microorganism in vitro colon simulation Raw sequence reads","SRX7699973","SRR11050091","single_stage_Xu_et_al_ 2019","healthy","yes","OK","no","6_pooled","China","Asia","no","1","ac",600,"6.8",NA,NA,NA,16,"xylitol","no","N2",0,100,0,"V3_V4","Yin et al. 2013","no",3,4.5,0,0.18,0,0,0,8,0,0,4.5,0,0,0.4,1.47,0.05,0,0.4,0.8,0.5,0,0,0,0,0,0,0,0,0,0,0,0,0,0,0,0,0,0,3,0,1,2.5,4.5,0.05,0.2,0.1,0.008,0.1,0.082,1.7,0,0,0,0,0,0,0,0,"yes",NA,NA
"97","SRP247849","Effect of xylitol on intestinal microorganism in vitro colon simulation Raw sequence reads","SRX7699972","SRR11050092","single_stage_Xu_et_al_ 2019","healthy","yes","OK","no","6_pooled","China","Asia","no","1","ac",600,"6.8",NA,NA,NA,16,"xylitol","no","N2",0,100,0,"V3_V4","Yin et al. 2013","no",3,4.5,0,0.18,0,0,0,8,0,0,4.5,0,0,0.4,1.47,0.05,0,0.4,0.8,0.5,0,0,0,0,0,0,0,0,0,0,0,0,0,0,0,0,0,0,3,0,1,2.5,4.5,0.05,0.2,0.1,0.008,0.1,0.082,1.7,0,0,0,0,0,0,0,0,"yes",NA,NA
"98","SRP247849","Effect of xylitol on intestinal microorganism in vitro colon simulation Raw sequence reads","SRX7699971","SRR11050093","single_stage_Xu_et_al_ 2019","healthy","yes","OK","no","6_pooled","China","Asia","no","1","ac",600,"6.8",NA,NA,NA,16,"xylitol","no","N2",0,100,0,"V3_V4","Yin et al. 2013","no",3,4.5,0,0.18,0,0,0,8,0,0,4.5,0,0,0.4,1.47,0.05,0,0.4,0.8,0.5,0,0,0,0,0,0,0,0,0,0,0,0,0,0,0,0,0,0,3,0,1,2.5,4.5,0.05,0.2,0.1,0.008,0.1,0.082,1.7,0,0,0,0,0,0,0,0,"yes",NA,NA
"99","SRP247849","Effect of xylitol on intestinal microorganism in vitro colon simulation Raw sequence reads","SRX7699970","SRR11050094","single_stage_Xu_et_al_ 2019","healthy","yes","OK","no","6_pooled","China","Asia","no","1","ac",600,"6.8",NA,NA,NA,16,"xylitol","no","N2",0,100,0,"V3_V4","Yin et al. 2013","no",3,4.5,0,0.18,0,0,0,8,0,0,4.5,0,0,0.4,1.47,0.05,0,0.4,0.8,0.5,0,0,0,0,0,0,0,0,0,0,0,0,0,0,0,0,0,0,3,0,1,2.5,4.5,0.05,0.2,0.1,0.008,0.1,0.082,1.7,0,0,0,0,0,0,0,0,"yes",NA,NA
"100","SRP247849","Effect of xylitol on intestinal microorganism in vitro colon simulation Raw sequence reads","SRX7699969","SRR11050095","single_stage_Xu_et_al_ 2019","healthy","yes","OK","no","6_pooled","China","Asia","no","1","ac",600,"6.8",NA,NA,NA,16,"xylitol","no","N2",0,100,0,"V3_V4","Yin et al. 2013","no",3,4.5,0,0.18,0,0,0,8,0,0,4.5,0,0,0.4,1.47,0.05,0,0.4,0.8,0.5,0,0,0,0,0,0,0,0,0,0,0,0,0,0,0,0,0,0,3,0,1,2.5,4.5,0.05,0.2,0.1,0.008,0.1,0.082,1.7,0,0,0,0,0,0,0,0,"yes",NA,NA
"101","SRP247849","Effect of xylitol on intestinal microorganism in vitro colon simulation Raw sequence reads","SRX7699968","SRR11050096","single_stage_Xu_et_al_ 2019","healthy","yes","OK","no","6_pooled","China","Asia","no","1","ac",600,"6.8",NA,NA,NA,16,"xylitol","no","N2",0,100,0,"V3_V4","Yin et al. 2013","no",3,4.5,0,0.18,0,0,0,8,0,0,4.5,0,0,0.4,1.47,0.05,0,0.4,0.8,0.5,0,0,0,0,0,0,0,0,0,0,0,0,0,0,0,0,0,0,3,0,1,2.5,4.5,0.05,0.2,0.1,0.008,0.1,0.082,1.7,0,0,0,0,0,0,0,0,"yes",NA,NA
"102","SRP247849","Effect of xylitol on intestinal microorganism in vitro colon simulation Raw sequence reads","SRX7699967","SRR11050097","single_stage_Xu_et_al_ 2019","healthy","yes","OK","no","6_pooled","China","Asia","no","1","ac",600,"6.8",NA,NA,NA,16,"xylitol","no","N2",0,100,0,"V3_V4","Yin et al. 2013","no",3,4.5,0,0.18,0,0,0,8,0,0,4.5,0,0,0.4,1.47,0.05,0,0.4,0.8,0.5,0,0,0,0,0,0,0,0,0,0,0,0,0,0,0,0,0,0,3,0,1,2.5,4.5,0.05,0.2,0.1,0.008,0.1,0.082,1.7,0,0,0,0,0,0,0,0,"yes",NA,NA
"103","SRP247849","Effect of xylitol on intestinal microorganism in vitro colon simulation Raw sequence reads","SRX7699966","SRR11050098","single_stage_Xu_et_al_ 2019","healthy","yes","OK","no","6_pooled","China","Asia","no","1","ac",600,"6.8",NA,NA,NA,16,"xylitol","no","N2",0,100,0,"V3_V4","Yin et al. 2013","no",3,4.5,0,0.18,0,0,0,8,0,0,4.5,0,0,0.4,1.47,0.05,0,0.4,0.8,0.5,0,0,0,0,0,0,0,0,0,0,0,0,0,0,0,0,0,0,3,0,1,2.5,4.5,0.05,0.2,0.1,0.008,0.1,0.082,1.7,0,0,0,0,0,0,0,0,"yes",NA,NA
"104","SRP247849","Effect of xylitol on intestinal microorganism in vitro colon simulation Raw sequence reads","SRX7699965","SRR11050099","single_stage_Xu_et_al_ 2019","healthy","yes","OK","no","6_pooled","China","Asia","no","1","ac",600,"6.8",NA,NA,NA,16,"xylitol","no","N2",0,100,0,"V3_V4","Yin et al. 2013","no",3,4.5,0,0.18,0,0,0,8,0,0,4.5,0,0,0.4,1.47,0.05,0,0.4,0.8,0.5,0,0,0,0,0,0,0,0,0,0,0,0,0,0,0,0,0,0,3,0,1,2.5,4.5,0.05,0.2,0.1,0.008,0.1,0.082,1.7,0,0,0,0,0,0,0,0,"yes",NA,NA
"105","SRP247849","Effect of xylitol on intestinal microorganism in vitro colon simulation Raw sequence reads","SRX7699964","SRR11050100","single_stage_Xu_et_al_ 2019","healthy","yes","OK","no","6_pooled","China","Asia","no","1","ac",600,"6.8",NA,NA,NA,16,"xylitol","no","N2",0,100,0,"V3_V4","Yin et al. 2013","no",3,4.5,0,0.18,0,0,0,8,0,0,4.5,0,0,0.4,1.47,0.05,0,0.4,0.8,0.5,0,0,0,0,0,0,0,0,0,0,0,0,0,0,0,0,0,0,3,0,1,2.5,4.5,0.05,0.2,0.1,0.008,0.1,0.082,1.7,0,0,0,0,0,0,0,0,"yes",NA,NA
"106","SRP247849","Effect of xylitol on intestinal microorganism in vitro colon simulation Raw sequence reads","SRX7699963","SRR11050101","single_stage_Xu_et_al_ 2019","healthy","yes","OK","no","6_pooled","China","Asia","no","1","ac",600,"6.8",NA,NA,NA,16,"xylitol","no","N2",0,100,0,"V3_V4","Yin et al. 2013","no",3,4.5,0,0.18,0,0,0,8,0,0,4.5,0,0,0.4,1.47,0.05,0,0.4,0.8,0.5,0,0,0,0,0,0,0,0,0,0,0,0,0,0,0,0,0,0,3,0,1,2.5,4.5,0.05,0.2,0.1,0.008,0.1,0.082,1.7,0,0,0,0,0,0,0,0,"yes",NA,NA
"107","SRP247849","Effect of xylitol on intestinal microorganism in vitro colon simulation Raw sequence reads","SRX7699962","SRR11050102","single_stage_Xu_et_al_ 2019","healthy","yes","OK","no","6_pooled","China","Asia","no","1","ac",600,"6.8",NA,NA,NA,16,"xylitol","no","N2",0,100,0,"V3_V4","Yin et al. 2013","no",3,4.5,0,0.18,0,0,0,8,0,0,4.5,0,0,0.4,1.47,0.05,0,0.4,0.8,0.5,0,0,0,0,0,0,0,0,0,0,0,0,0,0,0,0,0,0,3,0,1,2.5,4.5,0.05,0.2,0.1,0.008,0.1,0.082,1.7,0,0,0,0,0,0,0,0,"yes",NA,NA
"108","SRP247849","Effect of xylitol on intestinal microorganism in vitro colon simulation Raw sequence reads","SRX7699961","SRR11050103","single_stage_Xu_et_al_ 2019","healthy","yes","OK","no","6_pooled","China","Asia","no","1","ac",600,"6.8",NA,NA,NA,16,"xylitol","no","N2",0,100,0,"V3_V4","Yin et al. 2013","no",3,4.5,0,0.18,0,0,0,8,0,0,4.5,0,0,0.4,1.47,0.05,0,0.4,0.8,0.5,0,0,0,0,0,0,0,0,0,0,0,0,0,0,0,0,0,0,3,0,1,2.5,4.5,0.05,0.2,0.1,0.008,0.1,0.082,1.7,0,0,0,0,0,0,0,0,"yes",NA,NA
